label,value,expected,abs_difference,passed
scores/german/random/raw_ensemble_gauss/crps,1.1518656856991218,1.1518656856991218,0,True
scores/german/random/raw_ensemble_gauss/cov80,0.3946262169489293,0.3946262169489293,0,True
scores/german/random/raw_ensemble_gauss/spread_skill,0.42544191501580553,0.42544191501580553,0,True
scores/german/random/raw_ensemble_gauss/bias,-0.047844773335186601,-0.047844773335186601,0,True
scores/german/random/emos_gl/crps,1.0097118766076527,1.0097118766076527,0,True
scores/german/random/emos_gl/cov80,0.80106246364245015,0.80106246364245015,0,True
scores/german/random/emos_gl/spread_skill,0.94100103530321244,0.94100103530321244,0,True
scores/german/random/emos_gl/bias,0.17669354477948651,0.17669354477948651,0,True
seen/german/emos_gl,1.0092395934879792,1.0092399999999999,4.0651202071195769e-07,True
scores/german/random/emos_bst_gl/crps,0.91254376174059904,0.91254376174059904,0,True
scores/german/random/emos_bst_gl/cov80,0.81630793884248543,0.81630793884248543,0,True
scores/german/random/emos_bst_gl/spread_skill,0.99759619360335361,0.99759619360335361,0,True
scores/german/random/emos_bst_gl/bias,0.1393347519959377,0.1393347519959377,0,True
seen/german/emos_bst_gl,0.91127219769540957,0.91127000000000002,2.1976954096558643e-06,True
scores/german/random/nn_unk/crps,0.87059011376987405,0.87059011376987405,0,True
scores/german/random/nn_unk/cov80,0.74800513670438695,0.74800513670438695,0,True
scores/german/random/nn_unk/spread_skill,0.85778883144104312,0.85778883144104312,0,True
scores/german/random/nn_unk/bias,0.2028873617925466,0.2028873617925466,0,True
scores/german/random/nn_unk/single_seed_mean,0.88216516777262532,0.88216516777262532,0,True
scores/german/random/nn_unk/single_seed_sd,0.00096953157105889997,0.00096953157105889997,0,True
single/german/random/nn_unk/0,0.88296478287545865,0.88296478287545865,0,True
single/german/random/nn_unk/1,0.88108679317752714,0.88108679317752714,0,True
single/german/random/nn_unk/2,0.88244392726489007,0.88244392726489007,0,True
scores/german/random/nn_unk@10seeds/crps,0.86469632403264518,0.86469632403264518,0,True
scores/german/random/nn_unk@10seeds/cov80,0.75132533558704395,0.75132533558704395,0,True
scores/german/random/nn_unk@10seeds/spread_skill,0.86078264492990264,0.86078264492990264,0,True
scores/german/random/nn_unk@10seeds/bias,0.19253362488881559,0.19253362488881559,0,True
scores/german/random/nn_unk@10seeds/single_seed_mean,0.88066187755043612,0.88066187755043612,0,True
scores/german/random/nn_unk@10seeds/single_seed_sd,0.0023559643923534998,0.0023559643923534998,0,True
single/german/random/nn_unk@10seeds/0,0.88296478287545865,0.88296478287545865,0,True
single/german/random/nn_unk@10seeds/1,0.88108679317752714,0.88108679317752714,0,True
single/german/random/nn_unk@10seeds/2,0.88244392726489007,0.88244392726489007,0,True
single/german/random/nn_unk@10seeds/3,0.88008654681814402,0.88008654681814402,0,True
single/german/random/nn_unk@10seeds/4,0.87803710151417258,0.87803710151417258,0,True
single/german/random/nn_unk@10seeds/5,0.87817445866048993,0.87817445866048993,0,True
single/german/random/nn_unk@10seeds/6,0.88092648374386306,0.88092648374386306,0,True
single/german/random/nn_unk@10seeds/7,0.87977255691159095,0.87977255691159095,0,True
single/german/random/nn_unk@10seeds/8,0.88512695085425597,0.88512695085425597,0,True
single/german/random/nn_unk@10seeds/9,0.87799917368396774,0.87799917368396774,0,True
seen/german/nn_unk,0.78705374338077561,0.78705000000000003,3.7433807755782311e-06,True
scores/german/random/nn_knn/crps,0.88493265742172955,0.88493265742172955,0,True
scores/german/random/nn_knn/cov80,0.7529881789943913,0.7529881789943913,0,True
scores/german/random/nn_knn/spread_skill,0.87391443320244555,0.87391443320244555,0,True
scores/german/random/nn_knn/bias,-0.26011706734942569,-0.26011706734942569,0,True
scores/german/random/nn_knn/single_seed_mean,0.90049875157223713,0.90049875157223713,0,True
scores/german/random/nn_knn/single_seed_sd,0.0070376628014700996,0.0070376628014700996,0,True
single/german/random/nn_knn/0,0.89239356693368665,0.89239356693368665,0,True
single/german/random/nn_knn/1,0.905059462173462,0.905059462173462,0,True
single/german/random/nn_knn/2,0.90404322560956263,0.90404322560956263,0,True
scores/german/random/nn_knn@10seeds/crps,0.88004562819555776,0.88004562819555776,0,True
scores/german/random/nn_knn@10seeds/cov80,0.75496383452787308,0.75496383452787308,0,True
scores/german/random/nn_knn@10seeds/spread_skill,0.87464328004641245,0.87464328004641245,0,True
scores/german/random/nn_knn@10seeds/bias,-0.27234966742459471,-0.27234966742459471,0,True
scores/german/random/nn_knn@10seeds/single_seed_mean,0.90139174795321242,0.90139174795321242,0,True
scores/german/random/nn_knn@10seeds/single_seed_sd,0.0062468560756758999,0.0062468560756758999,0,True
single/german/random/nn_knn@10seeds/0,0.89239356693368665,0.89239356693368665,0,True
single/german/random/nn_knn@10seeds/1,0.905059462173462,0.905059462173462,0,True
single/german/random/nn_knn@10seeds/2,0.90404322560956263,0.90404322560956263,0,True
single/german/random/nn_knn@10seeds/3,0.89037178878293577,0.89037178878293577,0,True
single/german/random/nn_knn@10seeds/4,0.90111857602298517,0.90111857602298517,0,True
single/german/random/nn_knn@10seeds/5,0.90309555260510443,0.90309555260510443,0,True
single/german/random/nn_knn@10seeds/6,0.90331114423368575,0.90331114423368575,0,True
single/german/random/nn_knn@10seeds/7,0.90117198631068385,0.90117198631068385,0,True
single/german/random/nn_knn@10seeds/8,0.91241024989128261,0.91241024989128261,0,True
single/german/random/nn_knn@10seeds/9,0.90094192696873665,0.90094192696873665,0,True
seen/german/nn_knn,0.78771264867054602,0.78771000000000002,2.6486705460015969e-06,True
scores/german/random/nn_noemb/crps,0.85803703764349415,0.85803703764349415,0,True
scores/german/random/nn_noemb/cov80,0.77440208980451986,0.77440208980451986,0,True
scores/german/random/nn_noemb/spread_skill,0.92304499830631437,0.92304499830631437,0,True
scores/german/random/nn_noemb/bias,0.20699465946098039,0.20699465946098039,0,True
scores/german/random/nn_noemb/single_seed_mean,0.86635116392322542,0.86635116392322542,0,True
scores/german/random/nn_noemb/single_seed_sd,0.0019855734791064,0.0019855734791064,0,True
single/german/random/nn_noemb/0,0.86859639362211871,0.86859639362211871,0,True
single/german/random/nn_noemb/1,0.8648264175774536,0.8648264175774536,0,True
single/german/random/nn_noemb/2,0.86563068057010395,0.86563068057010395,0,True
scores/german/random/nn_noemb@10seeds/crps,0.85512832759501578,0.85512832759501567,1.1102230246251563e-16,True
scores/german/random/nn_noemb@10seeds/cov80,0.77853999056075684,0.77853999056075684,0,True
scores/german/random/nn_noemb@10seeds/spread_skill,0.92687176245756375,0.92687176245756375,0,True
scores/german/random/nn_noemb@10seeds/bias,0.2113732038038755,0.2113732038038755,0,True
scores/german/random/nn_noemb@10seeds/single_seed_mean,0.86647943370540748,0.86647943370540748,0,True
scores/german/random/nn_noemb@10seeds/single_seed_sd,0.0018964483923176001,0.0018964483923176001,0,True
single/german/random/nn_noemb@10seeds/0,0.86859639362211871,0.86859639362211871,0,True
single/german/random/nn_noemb@10seeds/1,0.8648264175774536,0.8648264175774536,0,True
single/german/random/nn_noemb@10seeds/2,0.86563068057010395,0.86563068057010395,0,True
single/german/random/nn_noemb@10seeds/3,0.86861956158182596,0.86861956158182596,0,True
single/german/random/nn_noemb@10seeds/4,0.86458071486260457,0.86458071486260457,0,True
single/german/random/nn_noemb@10seeds/5,0.86538819837715331,0.86538819837715331,0,True
single/german/random/nn_noemb@10seeds/6,0.8681009514872251,0.8681009514872251,0,True
single/german/random/nn_noemb@10seeds/7,0.86782478261815221,0.86782478261815221,0,True
single/german/random/nn_noemb@10seeds/8,0.86347806478490208,0.86347806478490208,0,True
single/german/random/nn_noemb@10seeds/9,0.86774857157253482,0.86774857157253482,0,True
seen/german/nn_noemb,0.84764161215786127,0.84763999999999995,1.6121578614303187e-06,True
scores/german/random/nn_attr/crps,0.85632233576170746,0.85632233576170746,0,True
scores/german/random/nn_attr/cov80,0.76970990791250027,0.76970990791250027,0,True
scores/german/random/nn_attr/spread_skill,0.90974928362589835,0.90974928362589835,0,True
scores/german/random/nn_attr/bias,0.19633633455554711,0.19633633455554711,0,True
scores/german/random/nn_attr/single_seed_mean,0.86660777834171021,0.86660777834171021,0,True
scores/german/random/nn_attr/single_seed_sd,0.0035598448904962002,0.0035598448904962002,0,True
single/german/random/nn_attr/0,0.8662164572394021,0.8662164572394021,0,True
single/german/random/nn_attr/1,0.87034711586608815,0.87034711586608815,0,True
single/german/random/nn_attr/2,0.86325976191964005,0.86325976191964005,0,True
scores/german/random/nn_attr@10seeds/crps,0.85199438369382785,0.85199438369382785,0,True
scores/german/random/nn_attr@10seeds/cov80,0.77358987586297734,0.77358987586297734,0,True
scores/german/random/nn_attr@10seeds/spread_skill,0.91400101272237955,0.91400101272237955,0,True
scores/german/random/nn_attr@10seeds/bias,0.1964218426124916,0.1964218426124916,0,True
scores/german/random/nn_attr@10seeds/single_seed_mean,0.86724058045989894,0.86724058045989894,0,True
scores/german/random/nn_attr@10seeds/single_seed_sd,0.0047203615382230999,0.0047203615382230999,0,True
single/german/random/nn_attr@10seeds/0,0.8662164572394021,0.8662164572394021,0,True
single/german/random/nn_attr@10seeds/1,0.87034711586608815,0.87034711586608815,0,True
single/german/random/nn_attr@10seeds/2,0.86325976191964005,0.86325976191964005,0,True
single/german/random/nn_attr@10seeds/3,0.86423695317778848,0.86423695317778848,0,True
single/german/random/nn_attr@10seeds/4,0.86309098852507704,0.86309098852507704,0,True
single/german/random/nn_attr@10seeds/5,0.87903419102364655,0.87903419102364655,0,True
single/german/random/nn_attr@10seeds/6,0.86865908524881863,0.86865908524881863,0,True
single/german/random/nn_attr@10seeds/7,0.86570044792043332,0.86570044792043332,0,True
single/german/random/nn_attr@10seeds/8,0.8665794666646216,0.8665794666646216,0,True
single/german/random/nn_attr@10seeds/9,0.86528133701347421,0.86528133701347421,0,True
seen/german/nn_attr,0.83626514770615035,0.83626999999999985,4.8522938496109447e-06,True
scores/german/random/nn_hybrid/crps,0.85646681224866361,0.85646681224866361,0,True
scores/german/random/nn_hybrid/cov80,0.76132434775927726,0.76132434775927726,0,True
scores/german/random/nn_hybrid/spread_skill,0.88264591090959932,0.88264591090959932,0,True
scores/german/random/nn_hybrid/bias,0.22478414402161759,0.22478414402161759,0,True
scores/german/random/nn_hybrid/single_seed_mean,0.86714107600167811,0.86714107600167811,0,True
scores/german/random/nn_hybrid/single_seed_sd,0.0048917982637206999,0.0048917982637206999,0,True
single/german/random/nn_hybrid/0,0.86991977140123711,0.86991977140123711,0,True
single/german/random/nn_hybrid/1,0.8614927578675925,0.8614927578675925,0,True
single/german/random/nn_hybrid/2,0.87001069873620485,0.87001069873620485,0,True
scores/german/random/nn_hybrid@10seeds/crps,0.85199590033050343,0.85199590033050343,0,True
scores/german/random/nn_hybrid@10seeds/cov80,0.76303109462292407,0.76303109462292407,0,True
scores/german/random/nn_hybrid@10seeds/spread_skill,0.88587364404021118,0.88587364404021118,0,True
scores/german/random/nn_hybrid@10seeds/bias,0.2051915793494816,0.2051915793494816,0,True
scores/german/random/nn_hybrid@10seeds/single_seed_mean,0.86570990393864711,0.86570990393864711,0,True
scores/german/random/nn_hybrid@10seeds/single_seed_sd,0.0028653335843522999,0.0028653335843522999,0,True
single/german/random/nn_hybrid@10seeds/0,0.86991977140123711,0.86991977140123711,0,True
single/german/random/nn_hybrid@10seeds/1,0.8614927578675925,0.8614927578675925,0,True
single/german/random/nn_hybrid@10seeds/2,0.87001069873620485,0.87001069873620485,0,True
single/german/random/nn_hybrid@10seeds/3,0.86257177668300578,0.86257177668300578,0,True
single/german/random/nn_hybrid@10seeds/4,0.86534278890446692,0.86534278890446692,0,True
single/german/random/nn_hybrid@10seeds/5,0.86447348348391795,0.86447348348391795,0,True
single/german/random/nn_hybrid@10seeds/6,0.86548806606924245,0.86548806606924245,0,True
single/german/random/nn_hybrid@10seeds/7,0.86361550876204352,0.86361550876204352,0,True
single/german/random/nn_hybrid@10seeds/8,0.86684802830727581,0.86684802830727581,0,True
single/german/random/nn_hybrid@10seeds/9,0.86733615917148443,0.86733615917148443,0,True
seen/german/nn_hybrid,0.78494202252232737,0.78493999999999986,2.0225223275049946e-06,True
scores/german/random/nn_hybrid_knn/crps,0.86595752729073328,0.86595752729073328,0,True
scores/german/random/nn_hybrid_knn/cov80,0.75446992064450258,0.75446992064450258,0,True
scores/german/random/nn_hybrid_knn/spread_skill,0.86893722874290491,0.86893722874290491,0,True
scores/german/random/nn_hybrid_knn/bias,0.2456814519568199,0.2456814519568199,0,True
scores/german/random/nn_hybrid_knn/single_seed_mean,0.8764651722202409,0.8764651722202409,0,True
scores/german/random/nn_hybrid_knn/single_seed_sd,0.0048610059955475002,0.0048610059955475002,0,True
single/german/random/nn_hybrid_knn/0,0.87952720049345356,0.87952720049345356,0,True
single/german/random/nn_hybrid_knn/1,0.87086017153121653,0.87086017153121653,0,True
single/german/random/nn_hybrid_knn/2,0.8790081446360527,0.8790081446360527,0,True
scores/german/random/nn_hybrid_knn@10seeds/crps,0.86183650998315742,0.86183650998315742,0,True
scores/german/random/nn_hybrid_knn@10seeds/cov80,0.75624252269259895,0.75624252269259895,0,True
scores/german/random/nn_hybrid_knn@10seeds/spread_skill,0.87222499344185178,0.87222499344185178,0,True
scores/german/random/nn_hybrid_knn@10seeds/bias,0.225630623735563,0.225630623735563,0,True
scores/german/random/nn_hybrid_knn@10seeds/single_seed_mean,0.87525818716397175,0.87525818716397175,0,True
scores/german/random/nn_hybrid_knn@10seeds/single_seed_sd,0.0028198943706375999,0.0028198943706375999,4.3368086899420177e-19,True
single/german/random/nn_hybrid_knn@10seeds/0,0.87952720049345356,0.87952720049345356,0,True
single/german/random/nn_hybrid_knn@10seeds/1,0.87086017153121653,0.87086017153121653,0,True
single/german/random/nn_hybrid_knn@10seeds/2,0.8790081446360527,0.8790081446360527,0,True
single/german/random/nn_hybrid_knn@10seeds/3,0.87370284905777673,0.87370284905777673,0,True
single/german/random/nn_hybrid_knn@10seeds/4,0.8753617754159565,0.87536177541595617,2.2204460492503126e-16,True
single/german/random/nn_hybrid_knn@10seeds/5,0.87370416926838945,0.87370416926838945,0,True
single/german/random/nn_hybrid_knn@10seeds/6,0.8766326730079913,0.8766326730079913,0,True
single/german/random/nn_hybrid_knn@10seeds/7,0.87179980947303404,0.87179980947303404,0,True
single/german/random/nn_hybrid_knn@10seeds/8,0.87570607097553232,0.87570607097553232,0,True
single/german/random/nn_hybrid_knn@10seeds/9,0.87627900778031542,0.87627900778031542,0,True
seen/german/nn_hybrid_knn,0.78490844049681296,0.78491,1.5595031869208853e-06,True
scores/german/random/nn_hybrid_res/crps,0.85306139316354845,0.85306139316354845,0,True
scores/german/random/nn_hybrid_res/cov80,0.76094568044869326,0.76094568044869326,0,True
scores/german/random/nn_hybrid_res/spread_skill,0.8936924307397992,0.8936924307397992,0,True
scores/german/random/nn_hybrid_res/bias,0.1915769169539101,0.1915769169539101,0,True
scores/german/random/nn_hybrid_res/single_seed_mean,0.86194777305571335,0.86194777305571335,0,True
scores/german/random/nn_hybrid_res/single_seed_sd,0.0012301687768165,0.0012301687768165,0,True
single/german/random/nn_hybrid_res/0,0.86063093874202323,0.86063093874202323,0,True
single/german/random/nn_hybrid_res/1,0.86214491398059911,0.86214491398059911,0,True
single/german/random/nn_hybrid_res/2,0.86306746644451748,0.86306746644451748,0,True
scores/german/random/nn_hybrid_res@10seeds/crps,0.85085794033760487,0.85085794033760487,0,True
scores/german/random/nn_hybrid_res@10seeds/cov80,0.76115970979815384,0.76115970979815384,0,True
scores/german/random/nn_hybrid_res@10seeds/spread_skill,0.88970792282152178,0.88970792282152178,0,True
scores/german/random/nn_hybrid_res@10seeds/bias,0.199372778043163,0.199372778043163,0,True
scores/german/random/nn_hybrid_res@10seeds/single_seed_mean,0.86279652756015535,0.86279652756015535,0,True
scores/german/random/nn_hybrid_res@10seeds/single_seed_sd,0.0022657212885766002,0.0022657212885766002,0,True
single/german/random/nn_hybrid_res@10seeds/0,0.86063093874202323,0.86063093874202323,0,True
single/german/random/nn_hybrid_res@10seeds/1,0.86214491398059911,0.86214491398059911,0,True
single/german/random/nn_hybrid_res@10seeds/2,0.86306746644451748,0.86306746644451748,0,True
single/german/random/nn_hybrid_res@10seeds/3,0.86126648480805545,0.86126648480805545,0,True
single/german/random/nn_hybrid_res@10seeds/4,0.86413188955963471,0.86413188955963471,0,True
single/german/random/nn_hybrid_res@10seeds/5,0.86331953578311404,0.86331953578311404,0,True
single/german/random/nn_hybrid_res@10seeds/6,0.86617298040527113,0.86617298040527113,0,True
single/german/random/nn_hybrid_res@10seeds/7,0.86513532057168563,0.86513532057168563,0,True
single/german/random/nn_hybrid_res@10seeds/8,0.85843732492098845,0.85843732492098845,0,True
single/german/random/nn_hybrid_res@10seeds/9,0.86365842038566398,0.86365842038566398,0,True
seen/german/nn_hybrid_res,0.78290245676040615,0.78290000000000004,2.4567604061109805e-06,True
scores/german/random/drn_lak/crps,0.86449868807922114,0.86449868807922114,0,True
scores/german/random/drn_lak/cov80,0.80972242039754583,0.80972242039754583,0,True
scores/german/random/drn_lak/spread_skill,0.97944076481922082,0.97944076481922082,0,True
scores/german/random/drn_lak/bias,0.1899942683380057,0.1899942683380057,0,True
scores/german/random/drn_lak/single_seed_mean,0.87204836900316363,0.87204836900316363,0,True
scores/german/random/drn_lak/single_seed_sd,0.0016030894140941,0.0016030894140941,0,True
single/german/random/drn_lak/0,0.87064806433079134,0.87064806433079134,0,True
single/german/random/drn_lak/1,0.87379697533833112,0.87379697533833112,0,True
single/german/random/drn_lak/2,0.87170006734036865,0.87170006734036865,0,True
scores/german/random/gnn_geo/crps,0.88399490047348106,0.88399490047348106,0,True
scores/german/random/gnn_geo/cov80,0.83457726459515524,0.83457726459515524,0,True
scores/german/random/gnn_geo/spread_skill,1.0522814411655836,1.0522814411655836,0,True
scores/german/random/gnn_geo/bias,0.1507809580775637,0.1507809580775637,0,True
scores/german/random/gnn_geo/single_seed_mean,0.8974099170282237,0.8974099170282237,0,True
scores/german/random/gnn_geo/single_seed_sd,0.0037387302106866001,0.0037387302106866001,0,True
single/german/random/gnn_geo/0,0.89420713701355414,0.89420713701355414,0,True
single/german/random/gnn_geo/1,0.90151824814406623,0.90151824814406623,0,True
single/german/random/gnn_geo/2,0.89650436592705074,0.89650436592705074,0,True
scores/german/random/samos_mlp/crps,0.85438660588542203,0.85438660588542203,0,True
scores/german/random/samos_mlp/cov80,0.7772777661921435,0.7772777661921435,0,True
scores/german/random/samos_mlp/spread_skill,0.92619191594884065,0.92619191594884065,0,True
scores/german/random/samos_mlp/bias,0.183012383494182,0.183012383494182,0,True
scores/german/random/samos_mlp/single_seed_mean,0.86728144627199732,0.86728144627199732,0,True
scores/german/random/samos_mlp/single_seed_sd,0.00052705897996630001,0.00052705897996630001,0,True
single/german/random/samos_mlp/0,0.86758597402267223,0.86758597402267223,0,True
single/german/random/samos_mlp/1,0.86758551375123094,0.86758551375123094,0,True
single/german/random/samos_mlp/2,0.86667285104208835,0.86667285104208835,0,True
scores/german/random/samos_attn/crps,0.87382898157576916,0.87382898157576916,0,True
scores/german/random/samos_attn/cov80,0.73355541164978211,0.73355541164978211,0,True
scores/german/random/samos_attn/spread_skill,0.83027112781463297,0.83027112781463297,0,True
scores/german/random/samos_attn/bias,0.246559157050566,0.246559157050566,0,True
scores/german/random/samos_attn/single_seed_mean,0.89530969169854968,0.89530969169854968,0,True
scores/german/random/samos_attn/single_seed_sd,0.0040050081955474003,0.0040050081955474003,0,True
single/german/random/samos_attn/0,0.89634018530915671,0.89634018530915671,0,True
single/german/random/samos_attn/1,0.89869875697545432,0.89869875697545432,0,True
single/german/random/samos_attn/2,0.89089013281103813,0.89089013281103813,0,True
daily/german/random/gnn_geo-nn_unk/crps_a,0.88399490047348106,0.88399499999999986,9.9526518804182742e-08,True
daily/german/random/gnn_geo-nn_unk/crps_b,0.87059011376987405,0.87058999999999986,1.1376987418820761e-07,True
daily/german/random/gnn_geo-nn_unk/diff_a_minus_b,0.013404786703606999,0.0134048,1.3296392991843375e-08,True
daily/german/random/gnn_geo-nn_unk/rel_diff_pct,1.5397356909511606,1.5397400000000001,4.3090488395236548e-06,True
daily/german/random/gnn_geo-nn_unk/n_days,366,366,0,True
daily/german/random/gnn_geo-nn_unk/dm_stat,3.0827036746880161,3.0827,3.674688015653516e-06,True
daily/german/random/gnn_geo-nn_unk/dm_p,0.0020512930372823999,0.0020512899999999001,3.0372824645977237e-09,True
daily/german/random/gnn_geo-nn_unk/boot_lo,0.0063549320532016998,0.00635493,2.0532017188865104e-09,True
daily/german/random/gnn_geo-nn_unk/boot_hi,0.022034666301737602,0.022034700000000001,3.3698262309062039e-08,True
daily/german/random/gnn_geo-nn_knn/crps_a,0.88399490047348106,0.88399499999999986,9.9526518804182742e-08,True
daily/german/random/gnn_geo-nn_knn/crps_b,0.88493265742172955,0.88493299999999986,3.4257827041805916e-07,True
daily/german/random/gnn_geo-nn_knn/diff_a_minus_b,-0.00093775694824829996,-0.000937757,5.1751619482842681e-11,True
daily/german/random/gnn_geo-nn_knn/rel_diff_pct,-0.1059693006449258,-0.1059689999999999,3.0064492582970725e-07,True
daily/german/random/gnn_geo-nn_knn/n_days,366,366,0,True
daily/german/random/gnn_geo-nn_knn/dm_stat,-0.12840827537026739,-0.12840799999999991,2.7537026744961501e-07,True
daily/german/random/gnn_geo-nn_knn/dm_p,0.89782588257556051,0.89782600000000001,1.1742443950524263e-07,True
daily/german/random/gnn_geo-nn_knn/boot_lo,-0.015757614291536499,-0.0157576,1.429153652712789e-08,True
daily/german/random/gnn_geo-nn_knn/boot_hi,0.014867939679577899,0.0148679,3.9679577922002718e-08,True
daily/german/random/gnn_geo-emos_bst_gl/crps_a,0.88399490047348106,0.88399499999999986,9.9526518804182742e-08,True
daily/german/random/gnn_geo-emos_bst_gl/crps_b,0.91254376174059904,0.91254400000000002,2.3825940098642922e-07,True
daily/german/random/gnn_geo-emos_bst_gl/diff_a_minus_b,-0.028548861267117798,-0.028548899999999901,3.8732882134268072e-08,True
daily/german/random/gnn_geo-emos_bst_gl/rel_diff_pct,-3.1284922941847042,-3.1284900000000002,2.2941847035440333e-06,True
daily/german/random/gnn_geo-emos_bst_gl/n_days,366,366,0,True
daily/german/random/gnn_geo-emos_bst_gl/dm_stat,-4.7710107927894283,-4.7710100000000004,7.9278942788363338e-07,True
daily/german/random/gnn_geo-emos_bst_gl/dm_p,1.8330371711616775e-06,1.8330399999999999e-06,2.8288383221545816e-12,True
daily/german/random/gnn_geo-emos_bst_gl/boot_lo,-0.037609850924215697,-0.037609900000000002,4.9075784255836481e-08,True
daily/german/random/gnn_geo-emos_bst_gl/boot_hi,-0.015410617827357699,-0.0154106,1.7827357709845892e-08,True
daily/german/random/gnn_geo-drn_lak/crps_a,0.88399490047348106,0.88399499999999986,9.9526518804182742e-08,True
daily/german/random/gnn_geo-drn_lak/crps_b,0.86449868807922114,0.86449900000000002,3.1192077887265413e-07,True
daily/german/random/gnn_geo-drn_lak/diff_a_minus_b,0.019496212394259999,0.019496200000000002,1.2394260024556349e-08,True
daily/german/random/gnn_geo-drn_lak/rel_diff_pct,2.2552043933782522,2.2551999999999999,4.3933782518656975e-06,True
daily/german/random/gnn_geo-drn_lak/n_days,366,366,0,True
daily/german/random/gnn_geo-drn_lak/dm_stat,7.2481232571319341,7.2481200000000001,3.2571319339425031e-06,True
daily/german/random/gnn_geo-drn_lak/dm_p,4.2255088317233458e-13,4.2255100000000002e-13,1.1682766544451325e-19,True
daily/german/random/gnn_geo-drn_lak/boot_lo,0.015020836153996599,0.015020800000000001,3.6153996624613272e-08,True
daily/german/random/gnn_geo-drn_lak/boot_hi,0.025266868114742502,0.025266899999999901,3.1885257451708122e-08,True
daily/german/random/drn_lak-nn_noemb/crps_a,0.86449868807922114,0.86449900000000002,3.1192077887265413e-07,True
daily/german/random/drn_lak-nn_noemb/crps_b,0.85803703764349415,0.85803700000000005,3.7643494099626202e-08,True
daily/german/random/drn_lak-nn_noemb/diff_a_minus_b,0.0064616504357269001,0.0064616500000000002,4.3572699528343639e-10,True
daily/german/random/drn_lak-nn_noemb/rel_diff_pct,0.75307360314809113,0.75307400000000002,3.9685190889038324e-07,True
daily/german/random/drn_lak-nn_noemb/n_days,366,366,0,True
daily/german/random/drn_lak-nn_noemb/dm_stat,2.3081403271349799,2.3081399999999999,3.2713497999381508e-07,True
daily/german/random/drn_lak-nn_noemb/dm_p,0.020991332844253901,0.020991300000000001,3.2844253917280186e-08,True
daily/german/random/drn_lak-nn_noemb/boot_lo,0.0014922416653595,0.0014922399999999,1.6653595267136082e-09,True
daily/german/random/drn_lak-nn_noemb/boot_hi,0.0119626991387481,0.0119627,8.6125181986140831e-10,True
daily/german/random/drn_lak-nn_unk/crps_a,0.86449868807922114,0.86449900000000002,3.1192077887265413e-07,True
daily/german/random/drn_lak-nn_unk/crps_b,0.87059011376987405,0.87058999999999986,1.1376987418820761e-07,True
daily/german/random/drn_lak-nn_unk/diff_a_minus_b,-0.0060914256906530002,-0.0060914300000000001,4.3093469816873889e-09,True
daily/german/random/drn_lak-nn_unk/rel_diff_pct,-0.6996892790656184,-0.69968900000000001,2.7906561839152749e-07,True
daily/german/random/drn_lak-nn_unk/n_days,366,366,0,True
daily/german/random/drn_lak-nn_unk/dm_stat,-1.9192094295867737,-1.9192100000000001,5.7041322620854373e-07,True
daily/german/random/drn_lak-nn_unk/dm_p,0.054957834641428997,0.054957800000000001,3.4641429003112734e-08,True
daily/german/random/drn_lak-nn_unk/boot_lo,-0.0116862085719517,-0.011686200000000001,8.5719517040061532e-09,True
daily/german/random/drn_lak-nn_unk/boot_hi,0.00037301683077780001,0.00037301700000000001,1.6922211299331275e-10,True
daily/german/random/drn_lak-emos_bst_gl/crps_a,0.86449868807922114,0.86449900000000002,3.1192077887265413e-07,True
daily/german/random/drn_lak-emos_bst_gl/crps_b,0.91254376174059904,0.91254400000000002,2.3825940098642922e-07,True
daily/german/random/drn_lak-emos_bst_gl/diff_a_minus_b,-0.0480450736613778,-0.0480451,2.6338622109711721e-08,True
daily/german/random/drn_lak-emos_bst_gl/rel_diff_pct,-5.2649610545510761,-5.2649600000000003,1.0545510757964394e-06,True
daily/german/random/drn_lak-emos_bst_gl/n_days,366,366,0,True
daily/german/random/drn_lak-emos_bst_gl/dm_stat,-10.585368602104223,-10.5854,3.1397895776663631e-05,True
daily/german/random/drn_lak-emos_bst_gl/dm_p,0,0,0,True
daily/german/random/drn_lak-emos_bst_gl/boot_lo,-0.055202094606091198,-0.0552020999999999,5.3939087155119295e-09,True
daily/german/random/drn_lak-emos_bst_gl/boot_hi,-0.038326326399191701,-0.038326300000000001,2.639919179092676e-08,True
daily/german/random/samos_attn-nn_unk/crps_a,0.87382898157576916,0.87382899999999986,1.8424230696645335e-08,True
daily/german/random/samos_attn-nn_unk/crps_b,0.87059011376987405,0.87058999999999986,1.1376987418820761e-07,True
daily/german/random/samos_attn-nn_unk/diff_a_minus_b,0.0032388678058951001,0.00323887,2.1941048929975671e-09,True
daily/german/random/samos_attn-nn_unk/rel_diff_pct,0.3720313101041261,0.372031,3.101041261555082e-07,True
daily/german/random/samos_attn-nn_unk/n_days,366,366,0,True
daily/german/random/samos_attn-nn_unk/dm_stat,1.1746267706383675,1.1746300000000001,3.2293616325507202e-06,True
daily/german/random/samos_attn-nn_unk/dm_p,0.24014406818778511,0.240144,6.8187785112749921e-08,True
daily/german/random/samos_attn-nn_unk/boot_lo,-0.0012935346929980999,-0.00129353,4.6929981827731329e-09,True
daily/german/random/samos_attn-nn_unk/boot_hi,0.0092102904289473996,0.0092102899999999006,4.2894744874122365e-10,True
daily/german/random/samos_attn-nn_knn/crps_a,0.87382898157576916,0.87382899999999986,1.8424230696645335e-08,True
daily/german/random/samos_attn-nn_knn/crps_b,0.88493265742172955,0.88493299999999986,3.4257827041805916e-07,True
daily/german/random/samos_attn-nn_knn/diff_a_minus_b,-0.0111036758459602,-0.0111036999999999,2.4154039717991241e-08,True
daily/german/random/samos_attn-nn_knn/rel_diff_pct,-1.2547481158974416,-1.25475,1.8841025584137585e-06,True
daily/german/random/samos_attn-nn_knn/n_days,366,366,0,True
daily/german/random/samos_attn-nn_knn/dm_stat,-1.4865760670243555,-1.48658,3.9329756442718633e-06,True
daily/german/random/samos_attn-nn_knn/dm_p,0.13712681271915489,0.137127,1.8728084505426071e-07,True
daily/german/random/samos_attn-nn_knn/boot_lo,-0.026129163922118798,-0.026129200000000002,3.6077881130497369e-08,True
daily/german/random/samos_attn-nn_knn/boot_hi,0.0042236013579250997,0.0042236000000000001,1.3579251924300539e-09,True
daily/german/random/samos_attn-emos_bst_gl/crps_a,0.87382898157576916,0.87382899999999986,1.8424230696645335e-08,True
daily/german/random/samos_attn-emos_bst_gl/crps_b,0.91254376174059904,0.91254400000000002,2.3825940098642922e-07,True
daily/german/random/samos_attn-emos_bst_gl/diff_a_minus_b,-0.038714780164829703,-0.038714800000000001,1.9835170235460439e-08,True
daily/german/random/samos_attn-emos_bst_gl/rel_diff_pct,-4.242512171798162,-4.2425100000000002,2.1717981626423466e-06,True
daily/german/random/samos_attn-emos_bst_gl/n_days,366,366,0,True
daily/german/random/samos_attn-emos_bst_gl/dm_stat,-6.9823341650439712,-6.9823300000000001,4.1650439710494425e-06,True
daily/german/random/samos_attn-emos_bst_gl/dm_p,2.9032332093947844e-12,2.9032299999999999e-12,3.2093947844141925e-18,True
daily/german/random/samos_attn-emos_bst_gl/boot_lo,-0.047996585943808998,-0.0479966,1.4056190981992513e-08,True
daily/german/random/samos_attn-emos_bst_gl/boot_hi,-0.0265437906131742,-0.026543799999999899,9.386825736840132e-09,True
daily/german/random/samos_attn-nn_noemb/crps_a,0.87382898157576916,0.87382899999999986,1.8424230696645335e-08,True
daily/german/random/samos_attn-nn_noemb/crps_b,0.85803703764349415,0.85803700000000005,3.7643494099626202e-08,True
daily/german/random/samos_attn-nn_noemb/diff_a_minus_b,0.0157919439322751,0.015791900000000001,4.3932275119867858e-08,True
daily/german/random/samos_attn-nn_noemb/rel_diff_pct,1.8404734573749917,1.8404700000000001,3.4573749914112994e-06,True
daily/german/random/samos_attn-nn_noemb/n_days,366,366,0,True
daily/german/random/samos_attn-nn_noemb/dm_stat,5.0595423089769787,5.0595400000000001,2.3089769785045178e-06,True
daily/german/random/samos_attn-nn_noemb/dm_p,4.2026402269357282e-07,4.2026400000000004e-07,2.2693572785752433e-14,True
daily/german/random/samos_attn-nn_noemb/boot_lo,0.0103850133140882,0.010385,1.3314088253765788e-08,True
daily/german/random/samos_attn-nn_noemb/boot_hi,0.022598557294061999,0.0225986,4.2705937983861242e-08,True
daily/german/random/samos_attn-nn_hybrid/crps_a,0.87382898157576916,0.87382899999999986,1.8424230696645335e-08,True
daily/german/random/samos_attn-nn_hybrid/crps_b,0.85646681224866361,0.85646699999999987,1.8775133636683705e-07,True
daily/german/random/samos_attn-nn_hybrid/diff_a_minus_b,0.0173621693271056,0.017362200000000001,3.0672894342498314e-08,True
daily/german/random/samos_attn-nn_hybrid/rel_diff_pct,2.0271853011468282,2.02719,4.6988531723357596e-06,True
daily/german/random/samos_attn-nn_hybrid/n_days,366,366,0,True
daily/german/random/samos_attn-nn_hybrid/dm_stat,5.5782491131860166,5.5782499999999997,8.8681398313639193e-07,True
daily/german/random/samos_attn-nn_hybrid/dm_p,2.4295156109133128e-08,2.4295200000000001e-08,4.3890866869659761e-14,True
daily/german/random/samos_attn-nn_hybrid/boot_lo,0.011931336986121401,0.011931300000000001,3.6986121455459535e-08,True
daily/german/random/samos_attn-nn_hybrid/boot_hi,0.024029336343842401,0.0240293,3.6343842491071137e-08,True
daily/german/random/samos_attn-nn_hybrid_res/crps_a,0.87382898157576916,0.87382899999999986,1.8424230696645335e-08,True
daily/german/random/samos_attn-nn_hybrid_res/crps_b,0.85306139316354845,0.85306099999999985,3.93163548495501e-07,True
daily/german/random/samos_attn-nn_hybrid_res/diff_a_minus_b,0.020767588412220799,0.020767600000000001,1.1587779184113469e-08,True
daily/german/random/samos_attn-nn_hybrid_res/rel_diff_pct,2.4344775860978718,2.4344800000000002,2.4139021284064199e-06,True
daily/german/random/samos_attn-nn_hybrid_res/n_days,366,366,0,True
daily/german/random/samos_attn-nn_hybrid_res/dm_stat,6.7448624160233761,6.7448600000000001,2.41602337602842e-06,True
daily/german/random/samos_attn-nn_hybrid_res/dm_p,1.5317302981543435e-11,1.5317300000000001e-11,2.9815434341478043e-18,True
daily/german/random/samos_attn-nn_hybrid_res/boot_lo,0.0152365302179698,0.0152365,3.021796988501857e-08,True
daily/german/random/samos_attn-nn_hybrid_res/boot_hi,0.0273946831206427,0.027394700000000001,1.6879357207094658e-08,True
daily/german/random/samos_attn-drn_lak/crps_a,0.87382898157576916,0.87382899999999986,1.8424230696645335e-08,True
daily/german/random/samos_attn-drn_lak/crps_b,0.86449868807922114,0.86449900000000002,3.1192077887265413e-07,True
daily/german/random/samos_attn-drn_lak/diff_a_minus_b,0.0093302934965480994,0.0093302899999998992,3.496548125689336e-09,True
daily/german/random/samos_attn-drn_lak/rel_diff_pct,1.0792721406296837,1.07927,2.140629683511364e-06,True
daily/german/random/samos_attn-drn_lak/n_days,366,366,0,True
daily/german/random/samos_attn-drn_lak/dm_stat,2.586522474222241,2.5865200000000002,2.4742222404228187e-06,True
daily/german/random/samos_attn-drn_lak/dm_p,0.0096949847723518997,0.0096949800000000006,4.7723519771419848e-09,True
daily/german/random/samos_attn-drn_lak/boot_lo,0.0023585848081233,0.0023585799999999001,4.8081233820773664e-09,True
daily/german/random/samos_attn-drn_lak/boot_hi,0.016475067762201302,0.016475099999999899,3.2237798677087204e-08,True
daily/german/random/samos_attn-gnn_geo/crps_a,0.87382898157576916,0.87382899999999986,1.8424230696645335e-08,True
daily/german/random/samos_attn-gnn_geo/crps_b,0.88399490047348106,0.88399499999999986,9.9526518804182742e-08,True
daily/german/random/samos_attn-gnn_geo/diff_a_minus_b,-0.010165918897711901,-0.0101659,1.889771190054235e-08,True
daily/german/random/samos_attn-gnn_geo/rel_diff_pct,-1.1499974595177933,-1.1499999999999999,2.5404822068253448e-06,True
daily/german/random/samos_attn-gnn_geo/n_days,366,366,0,True
daily/german/random/samos_attn-gnn_geo/dm_stat,-2.355815158201124,-2.35582,4.8417988760540709e-06,True
daily/german/random/samos_attn-gnn_geo/dm_p,0.018482111766688399,0.018482100000000001,1.1766688456926744e-08,True
daily/german/random/samos_attn-gnn_geo/boot_lo,-0.018675490785561001,-0.018675500000000001,9.2144389583770375e-09,True
daily/german/random/samos_attn-gnn_geo/boot_hi,-0.0022477700294081999,-0.0022477700000000001,2.9408258814256349e-11,True
daily/german/random/samos_attn-samos_mlp/crps_a,0.87382898157576916,0.87382899999999986,1.8424230696645335e-08,True
daily/german/random/samos_attn-samos_mlp/crps_b,0.85438660588542203,0.85438700000000001,3.9411457797289273e-07,True
daily/german/random/samos_attn-samos_mlp/diff_a_minus_b,0.019442375690347201,0.019442399999999901,2.4309652763010448e-08,True
daily/german/random/samos_attn-samos_mlp/rel_diff_pct,2.2755946261819648,2.2755899999999998,4.6261819650617042e-06,True
daily/german/random/samos_attn-samos_mlp/n_days,366,366,0,True
daily/german/random/samos_attn-samos_mlp/dm_stat,6.8033006769411664,6.8033000000000001,6.7694116623329137e-07,True
daily/german/random/samos_attn-samos_mlp/dm_p,1.0224932012192768e-11,1.0224899999999999e-11,3.2012192767330269e-17,True
daily/german/random/samos_attn-samos_mlp/boot_lo,0.014001736974331,0.014001700000000001,3.6974331053471483e-08,True
daily/german/random/samos_attn-samos_mlp/boot_hi,0.0253977292877368,0.025397699999999902,2.9287736881544731e-08,True
BH/german/random/gnn_geo-nn_unk,1,1,0,True
BH/german/random/gnn_geo-nn_knn,0,0,0,True
BH/german/random/gnn_geo-emos_bst_gl,1,1,0,True
BH/german/random/gnn_geo-drn_lak,1,1,0,True
BH/german/random/drn_lak-nn_noemb,1,1,0,True
BH/german/random/drn_lak-nn_unk,0,0,0,True
BH/german/random/drn_lak-emos_bst_gl,1,1,0,True
original_tests/german/random/nn_hybrid-emos_gl/crps_a,0.85199590033050343,0.85199599999999986,9.9669496544940741e-08,True
original_tests/german/random/nn_hybrid-emos_gl/crps_b,1.0097118766076527,1.0097100000000001,1.8766076526066653e-06,True
original_tests/german/random/nn_hybrid-emos_gl/diff_a_minus_b,-0.1577159762771492,-0.157716,2.3722850711616061e-08,True
original_tests/german/random/nn_hybrid-emos_gl/rel_diff_pct,-15.619899095079523,-15.619899999999999,9.049204745537055e-07,True
original_tests/german/random/nn_hybrid-emos_gl/dm_stat,-18.418332354449785,-18.418299999999999,3.235444978599844e-05,True
original_tests/german/random/nn_hybrid-emos_gl/dm_p,0,0,0,True
original_tests/german/random/nn_hybrid-emos_gl/boot_lo,-0.1737310956296273,-0.173731,9.5629627328008837e-08,True
original_tests/german/random/nn_hybrid-emos_gl/boot_hi,-0.14016654586106009,-0.14016700000000001,4.5413893989820774e-07,True
original_tests/german/random/nn_hybrid-emos_gl/n_stations,502,502,0,True
original_tests/german/random/nn_hybrid-emos_gl/frac_st_a_better_BH,0.84661354581673298,0.84661399999999987,4.5418326688473348e-07,True
original_tests/german/random/nn_hybrid-emos_gl/frac_st_a_worse_BH,0.0298804780876494,0.029880500000000001,2.1912350597202975e-08,True
original_tests/german/random/nn_hybrid-emos_bst_gl/crps_a,0.85199590033050343,0.85199599999999986,9.9669496544940741e-08,True
original_tests/german/random/nn_hybrid-emos_bst_gl/crps_b,0.91254376174059904,0.91254400000000002,2.3825940098642922e-07,True
original_tests/german/random/nn_hybrid-emos_bst_gl/diff_a_minus_b,-0.060547861410095598,-0.060547900000000002,3.8589904396979513e-08,True
original_tests/german/random/nn_hybrid-emos_bst_gl/rel_diff_pct,-6.6350638674692926,-6.6350600000000002,3.8674692932616495e-06,True
original_tests/german/random/nn_hybrid-emos_bst_gl/dm_stat,-11.569487682226637,-11.5695,1.2317773364856066e-05,True
original_tests/german/random/nn_hybrid-emos_bst_gl/dm_p,0,0,0,True
original_tests/german/random/nn_hybrid-emos_bst_gl/boot_lo,-0.069681040197343599,-0.069681000000000007,4.0197343648129547e-08,True
original_tests/german/random/nn_hybrid-emos_bst_gl/boot_hi,-0.049313216207635499,-0.049313200000000001,1.6207635560039346e-08,True
original_tests/german/random/nn_hybrid-emos_bst_gl/n_stations,502,502,0,True
original_tests/german/random/nn_hybrid-emos_bst_gl/frac_st_a_better_BH,0.6633466135458167,0.66334700000000002,3.864541833209501e-07,True
original_tests/german/random/nn_hybrid-emos_bst_gl/frac_st_a_worse_BH,0.0597609561752988,0.059761000000000002,4.3824701194405964e-08,True
original_tests/german/random/nn_hybrid-nn_unk/crps_a,0.85199590033050343,0.85199599999999986,9.9669496544940741e-08,True
original_tests/german/random/nn_hybrid-nn_unk/crps_b,0.86469632403264518,0.86469600000000002,3.2403264527136605e-07,True
original_tests/german/random/nn_hybrid-nn_unk/diff_a_minus_b,-0.0127004237021418,-0.012700400000000001,2.370214186031561e-08,True
original_tests/german/random/nn_hybrid-nn_unk/rel_diff_pct,-1.4687727181389445,-1.4687699999999999,2.7181389443686754e-06,True
original_tests/german/random/nn_hybrid-nn_unk/dm_stat,-8.1849600783608061,-8.1849600000000002,7.8360805844113202e-08,True
original_tests/german/random/nn_hybrid-nn_unk/dm_p,2.2204460492503126e-16,2.2204499999999999e-16,3.950749686840619e-22,True
original_tests/german/random/nn_hybrid-nn_unk/boot_lo,-0.015690129202666801,-0.015690099999999901,2.9202666826377843e-08,True
original_tests/german/random/nn_hybrid-nn_unk/boot_hi,-0.0094937563508476,-0.0094937600000000004,3.6491523414117207e-09,True
original_tests/german/random/nn_hybrid-nn_unk/n_stations,502,502,0,True
original_tests/german/random/nn_hybrid-nn_unk/frac_st_a_better_BH,0.40438247011952178,0.40438200000000002,4.7011952186704075e-07,True
original_tests/german/random/nn_hybrid-nn_unk/frac_st_a_worse_BH,0.2390438247011952,0.23904400000000001,1.7529880477762386e-07,True
original_tests/german/random/nn_hybrid-nn_knn/crps_a,0.85199590033050343,0.85199599999999986,9.9669496544940741e-08,True
original_tests/german/random/nn_hybrid-nn_knn/crps_b,0.88004562819555776,0.88004599999999988,3.7180444212303604e-07,True
original_tests/german/random/nn_hybrid-nn_knn/diff_a_minus_b,-0.0280497278650544,-0.0280497,2.7865054440939785e-08,True
original_tests/german/random/nn_hybrid-nn_knn/rel_diff_pct,-3.1873038131633562,-3.1873,3.8131633557370041e-06,True
original_tests/german/random/nn_hybrid-nn_knn/dm_stat,-3.7896810273676498,-3.7896800000000002,1.0273676500638371e-06,True
original_tests/german/random/nn_hybrid-nn_knn/dm_p,0.000150840851762,0.000150841,1.4823790927946147e-10,True
original_tests/german/random/nn_hybrid-nn_knn/boot_lo,-0.043672352909870302,-0.0436724,4.7090129608184927e-08,True
original_tests/german/random/nn_hybrid-nn_knn/boot_hi,-0.0135302410535436,-0.0135301999999999,4.1053543611488392e-08,True
original_tests/german/random/nn_hybrid-nn_knn/n_stations,502,502,0,True
original_tests/german/random/nn_hybrid-nn_knn/frac_st_a_better_BH,0.43426294820717132,0.43426300000000001,5.1792828692498467e-08,True
original_tests/german/random/nn_hybrid-nn_knn/frac_st_a_worse_BH,0.32868525896414341,0.328685,2.589641434069812e-07,True
original_tests/german/random/nn_hybrid-nn_noemb/crps_a,0.85199590033050343,0.85199599999999986,9.9669496544940741e-08,True
original_tests/german/random/nn_hybrid-nn_noemb/crps_b,0.85512832759501578,0.855128,3.2759501589207929e-07,True
original_tests/german/random/nn_hybrid-nn_noemb/diff_a_minus_b,-0.0031324272645124,-0.0031324299999999001,2.7354875391759344e-09,True
original_tests/german/random/nn_hybrid-nn_noemb/rel_diff_pct,-0.3663107820696565,-0.366311,2.1793034349348875e-07,True
original_tests/german/random/nn_hybrid-nn_noemb/dm_stat,-3.4612516313793802,-3.4612500000000002,1.6313793795852405e-06,True
original_tests/german/random/nn_hybrid-nn_noemb/dm_p,0.00053766999161950001,0.0005376699999999,8.3804728564715325e-12,True
original_tests/german/random/nn_hybrid-nn_noemb/boot_lo,-0.0047974958906974001,-0.0047974999999998999,4.1093025232585845e-09,True
original_tests/german/random/nn_hybrid-nn_noemb/boot_hi,-0.0012142987596634001,-0.0012143,1.2403365394226399e-09,True
original_tests/german/random/nn_hybrid-nn_noemb/n_stations,502,502,0,True
original_tests/german/random/nn_hybrid-nn_noemb/frac_st_a_better_BH,0.3247011952191235,0.32470100000000002,1.952191234777523e-07,True
original_tests/german/random/nn_hybrid-nn_noemb/frac_st_a_worse_BH,0.1872509960159362,0.187251,3.9840637455768046e-09,True
original_tests/german/random/nn_hybrid-nn_attr/crps_a,0.85199590033050343,0.85199599999999986,9.9669496544940741e-08,True
original_tests/german/random/nn_hybrid-nn_attr/crps_b,0.85199438369382785,0.85199400000000003,3.8369382793224105e-07,True
original_tests/german/random/nn_hybrid-nn_attr/diff_a_minus_b,1.5166366754693072e-06,1.5166400000000001e-06,3.3245306928105627e-12,True
original_tests/german/random/nn_hybrid-nn_attr/rel_diff_pct,0.00017801017289090001,0.00017801000000000001,1.7289098551789318e-10,True
original_tests/german/random/nn_hybrid-nn_attr/dm_stat,0.0028578243310433999,0.0028578200000000001,4.3310434899926364e-09,True
original_tests/german/random/nn_hybrid-nn_attr/dm_p,0.99771978919258164,0.99772000000000005,2.1080741829937466e-07,True
original_tests/german/random/nn_hybrid-nn_attr/boot_lo,-0.0014241524362751999,-0.0014241499999998999,2.436275206097252e-09,True
original_tests/german/random/nn_hybrid-nn_attr/boot_hi,0.0012065479888245,0.00120655,2.0111754184780335e-09,True
original_tests/german/random/nn_hybrid-nn_attr/n_stations,502,502,0,True
original_tests/german/random/nn_hybrid-nn_attr/frac_st_a_better_BH,0.2569721115537848,0.25697199999999992,1.1155378487615053e-07,True
original_tests/german/random/nn_hybrid-nn_attr/frac_st_a_worse_BH,0.2151394422310757,0.215139,4.4223107570351422e-07,True
original_tests/german/random/nn_hybrid-raw_ensemble_gauss/crps_a,0.85199590033050343,0.85199599999999986,9.9669496544940741e-08,True
original_tests/german/random/nn_hybrid-raw_ensemble_gauss/crps_b,1.1518656856991218,1.1518699999999999,4.3143008781054704e-06,True
original_tests/german/random/nn_hybrid-raw_ensemble_gauss/diff_a_minus_b,-0.29986978536861841,-0.29987000000000003,2.1463138161204045e-07,True
original_tests/german/random/nn_hybrid-raw_ensemble_gauss/rel_diff_pct,-26.0333986064194,-26.0334,1.3935806002507434e-06,True
original_tests/german/random/nn_hybrid-raw_ensemble_gauss/dm_stat,-18.549887961728377,-18.549900000000001,1.2038271623993069e-05,True
original_tests/german/random/nn_hybrid-raw_ensemble_gauss/dm_p,0,0,0,True
original_tests/german/random/nn_hybrid-raw_ensemble_gauss/boot_lo,-0.33394660742468241,-0.33394699999999988,3.9257531753156277e-07,True
original_tests/german/random/nn_hybrid-raw_ensemble_gauss/boot_hi,-0.26866324565106042,-0.26866299999999987,2.4565106043761281e-07,True
original_tests/german/random/nn_hybrid-raw_ensemble_gauss/n_stations,502,502,0,True
original_tests/german/random/nn_hybrid-raw_ensemble_gauss/frac_st_a_better_BH,0.94023904382470125,0.94023900000000005,4.3824701201344851e-08,True
original_tests/german/random/nn_hybrid-raw_ensemble_gauss/frac_st_a_worse_BH,0.0139442231075697,0.0139442,2.3107569720529075e-08,True
original_tests/german/random/nn_hybrid-nn_hybrid_res/crps_a,0.85199590033050343,0.85199599999999986,9.9669496544940741e-08,True
original_tests/german/random/nn_hybrid-nn_hybrid_res/crps_b,0.85085794033760487,0.850858,5.9662395024417947e-08,True
original_tests/german/random/nn_hybrid-nn_hybrid_res/diff_a_minus_b,0.0011379599928984,0.0011379599999999,7.1015480822278487e-12,True
original_tests/german/random/nn_hybrid-nn_hybrid_res/rel_diff_pct,0.1337426542022957,0.133743,3.4579770430420709e-07,True
original_tests/german/random/nn_hybrid-nn_hybrid_res/dm_stat,1.4709529215365551,1.47095,2.9215365551227279e-06,True
original_tests/german/random/nn_hybrid-nn_hybrid_res/dm_p,0.1413038491258376,0.14130400000000001,1.5087416241343909e-07,True
original_tests/german/random/nn_hybrid-nn_hybrid_res/boot_lo,-0.00033196544301270002,-0.00033196499999990002,4.4301271239768555e-10,True
original_tests/german/random/nn_hybrid-nn_hybrid_res/boot_hi,0.0026677579074833998,0.0026677599999999002,2.0925165398165409e-09,True
original_tests/german/random/nn_hybrid-nn_hybrid_res/n_stations,502,502,0,True
original_tests/german/random/nn_hybrid-nn_hybrid_res/frac_st_a_better_BH,0.1195219123505976,0.119522,8.7649402388811901e-08,True
original_tests/german/random/nn_hybrid-nn_hybrid_res/frac_st_a_worse_BH,0.15139442231075689,0.151394,4.2231075697563014e-07,True
original_tests/german/random/nn_hybrid-nn_hybrid_knn/crps_a,0.85199590033050343,0.85199599999999986,9.9669496544940741e-08,True
original_tests/german/random/nn_hybrid-nn_hybrid_knn/crps_b,0.86183650998315742,0.86183699999999985,4.9001684254701416e-07,True
original_tests/german/random/nn_hybrid-nn_hybrid_knn/diff_a_minus_b,-0.0098406096526538998,-0.0098406099999999008,3.4734601306318775e-10,True
original_tests/german/random/nn_hybrid-nn_hybrid_knn/rel_diff_pct,-1.1418186092912563,-1.1418200000000001,1.3907087437203811e-06,True
original_tests/german/random/nn_hybrid-nn_hybrid_knn/dm_stat,-9.4794384469009252,-9.4794400000000003,1.5530990769008213e-06,True
original_tests/german/random/nn_hybrid-nn_hybrid_knn/dm_p,0,0,0,True
original_tests/german/random/nn_hybrid-nn_hybrid_knn/boot_lo,-0.0120911929057014,-0.0120912,7.0942985461869271e-09,True
original_tests/german/random/nn_hybrid-nn_hybrid_knn/boot_hi,-0.0079507652158185005,-0.0079507699999999005,4.784181438163837e-09,True
original_tests/german/random/nn_hybrid-nn_hybrid_knn/n_stations,502,502,0,True
original_tests/german/random/nn_hybrid-nn_hybrid_knn/frac_st_a_better_BH,0.39840637450199201,0.39840599999999993,3.7450199202870849e-07,True
original_tests/german/random/nn_hybrid-nn_hybrid_knn/frac_st_a_worse_BH,0.31872509960159362,0.31872499999999993,9.9601593639420129e-08,True
original_tests/german/random/nn_noemb-emos_gl/crps_a,0.85512832759501578,0.855128,3.2759501589207929e-07,True
original_tests/german/random/nn_noemb-emos_gl/crps_b,1.0097118766076527,1.0097100000000001,1.8766076526066653e-06,True
original_tests/german/random/nn_noemb-emos_gl/diff_a_minus_b,-0.1545835490126368,-0.154584,4.5098736317639171e-07,True
original_tests/german/random/nn_noemb-emos_gl/rel_diff_pct,-15.309669282290104,-15.309699999999999,3.0717709893934853e-05,True
original_tests/german/random/nn_noemb-emos_gl/dm_stat,-18.40973324642172,-18.409700000000001,3.3246421718757802e-05,True
original_tests/german/random/nn_noemb-emos_gl/dm_p,0,0,0,True
original_tests/german/random/nn_noemb-emos_gl/boot_lo,-0.1704579052102046,-0.170458,9.4789795401784005e-08,True
original_tests/german/random/nn_noemb-emos_gl/boot_hi,-0.13750174556527101,-0.13750200000000001,2.5443472898012409e-07,True
original_tests/german/random/nn_noemb-emos_gl/n_stations,502,502,0,True
original_tests/german/random/nn_noemb-emos_gl/frac_st_a_better_BH,0.82270916334661348,0.82270900000000002,1.6334661356864902e-07,True
original_tests/german/random/nn_noemb-emos_gl/frac_st_a_worse_BH,0.021912350597609501,0.021912399999999901,4.9402390435437926e-08,True
original_tests/german/random/nn_noemb-emos_bst_gl/crps_a,0.85512832759501578,0.855128,3.2759501589207929e-07,True
original_tests/german/random/nn_noemb-emos_bst_gl/crps_b,0.91254376174059904,0.91254400000000002,2.3825940098642922e-07,True
original_tests/german/random/nn_noemb-emos_bst_gl/diff_a_minus_b,-0.057415434145583102,-0.057415399999999901,3.414558314568384e-08,True
original_tests/german/random/nn_noemb-emos_bst_gl/rel_diff_pct,-6.291800629491795,-6.2918000000000003,6.294917946902957e-07,True
original_tests/german/random/nn_noemb-emos_bst_gl/dm_stat,-11.745965206652327,-11.746,3.4793347673200969e-05,True
original_tests/german/random/nn_noemb-emos_bst_gl/dm_p,0,0,0,True
original_tests/german/random/nn_noemb-emos_bst_gl/boot_lo,-0.0659918685619173,-0.065991900000000006,3.1438082637169629e-08,True
original_tests/german/random/nn_noemb-emos_bst_gl/boot_hi,-0.0470928489252041,-0.0470927999999999,4.8925204172711727e-08,True
original_tests/german/random/nn_noemb-emos_bst_gl/n_stations,502,502,0,True
original_tests/german/random/nn_noemb-emos_bst_gl/frac_st_a_better_BH,0.65936254980079667,0.65936300000000003,4.5019920325017893e-07,True
original_tests/german/random/nn_noemb-emos_bst_gl/frac_st_a_worse_BH,0.037848605577689202,0.037848600000000003,5.5776892410319681e-09,True
original_tests/german/random/nn_unk-nn_noemb/crps_a,0.86469632403264518,0.86469600000000002,3.2403264527136605e-07,True
original_tests/german/random/nn_unk-nn_noemb/crps_b,0.85512832759501578,0.855128,3.2759501589207929e-07,True
original_tests/german/random/nn_unk-nn_noemb/diff_a_minus_b,0.0095679964376294002,0.0095680000000000001,3.5623705998966133e-09,True
original_tests/german/random/nn_unk-nn_noemb/rel_diff_pct,1.1188959748928753,1.1189,4.0251071249386428e-06,True
original_tests/german/random/nn_unk-nn_noemb/dm_stat,5.5726933142848623,5.5726899999999997,3.314284862554473e-06,True
original_tests/german/random/nn_unk-nn_noemb/dm_p,2.5083091159672225e-08,2.5083099999999999e-08,8.8403277774370014e-15,True
original_tests/german/random/nn_unk-nn_noemb/boot_lo,0.0060719549481629996,0.0060719499999998998,4.948163065919553e-09,True
original_tests/german/random/nn_unk-nn_noemb/boot_hi,0.013009042295375001,0.013009,4.2295375025230841e-08,True
original_tests/german/random/nn_unk-nn_noemb/n_stations,502,502,0,True
original_tests/german/random/nn_unk-nn_noemb/frac_st_a_better_BH,0.21912350597609559,0.21912400000000001,4.9402390439601273e-07,True
original_tests/german/random/nn_unk-nn_noemb/frac_st_a_worse_BH,0.32868525896414341,0.328685,2.589641434069812e-07,True
original_tests/german/random/nn_knn-nn_unk/crps_a,0.88004562819555776,0.88004599999999988,3.7180444212303604e-07,True
original_tests/german/random/nn_knn-nn_unk/crps_b,0.86469632403264518,0.86469600000000002,3.2403264527136605e-07,True
original_tests/german/random/nn_knn-nn_unk/diff_a_minus_b,0.015349304162912501,0.0153493,4.1629125806241776e-09,True
original_tests/german/random/nn_knn-nn_unk/rel_diff_pct,1.7751092188444506,1.77511,7.8115554935642706e-07,True
original_tests/german/random/nn_knn-nn_unk/dm_stat,2.1979503367381152,2.1979500000000001,3.3673811516976571e-07,True
original_tests/german/random/nn_knn-nn_unk/dm_p,0.027952645230188498,0.027952600000000001,4.5230188587541686e-08,True
original_tests/german/random/nn_knn-nn_unk/boot_lo,0.0017759442129893,0.0017759399999999,4.2129893655738077e-09,True
original_tests/german/random/nn_knn-nn_unk/boot_hi,0.030189857970183,0.030189899999999902,4.2029816911537399e-08,True
original_tests/german/random/nn_knn-nn_unk/n_stations,502,502,0,True
original_tests/german/random/nn_knn-nn_unk/frac_st_a_better_BH,0.36852589641434258,0.36852600000000002,1.0358565738499693e-07,True
original_tests/german/random/nn_knn-nn_unk/frac_st_a_worse_BH,0.43625498007968122,0.436255,1.9920318727884023e-08,True
original_tests/german/random/nn_attr-nn_noemb/crps_a,0.85199438369382785,0.85199400000000003,3.8369382793224105e-07,True
original_tests/german/random/nn_attr-nn_noemb/crps_b,0.85512832759501578,0.855128,3.2759501589207929e-07,True
original_tests/german/random/nn_attr-nn_noemb/diff_a_minus_b,-0.0031339439011879001,-0.00313394,3.9011879299916119e-09,True
original_tests/german/random/nn_attr-nn_noemb/rel_diff_pct,-0.36648813985638012,-0.36648799999999992,1.3985638019908822e-07,True
original_tests/german/random/nn_attr-nn_noemb/dm_stat,-3.707496623332093,-3.7075,3.3766679075064587e-06,True
original_tests/german/random/nn_attr-nn_noemb/dm_p,0.0002093182067797,0.000209318,2.0677971834803799e-10,True
original_tests/german/random/nn_attr-nn_noemb/boot_lo,-0.0045552209292963998,-0.0045552199999998998,9.2929647570877405e-10,True
original_tests/german/random/nn_attr-nn_noemb/boot_hi,-0.0012843878688366,-0.0012843900000000001,2.1311633059423879e-09,True
original_tests/german/random/nn_attr-nn_noemb/n_stations,502,502,0,True
original_tests/german/random/nn_attr-nn_noemb/frac_st_a_better_BH,0.33266932270916327,0.33266899999999988,3.2270916333621008e-07,True
original_tests/german/random/nn_attr-nn_noemb/frac_st_a_worse_BH,0.18326693227091631,0.18326700000000001,6.7729083674805679e-08,True
original_tests/german/random/emos_bst_gl-emos_gl/crps_a,0.91254376174059904,0.91254400000000002,2.3825940098642922e-07,True
original_tests/german/random/emos_bst_gl-emos_gl/crps_b,1.0097118766076527,1.0097100000000001,1.8766076526066653e-06,True
original_tests/german/random/emos_bst_gl-emos_gl/diff_a_minus_b,-0.097168114867053595,-0.097168099999999896,1.4867053685363452e-08,True
original_tests/german/random/emos_bst_gl-emos_gl/rel_diff_pct,-9.6233506922302592,-9.6233500000000003,6.9223025889186829e-07,True
original_tests/german/random/emos_bst_gl-emos_gl/dm_stat,-12.135972024902667,-12.135999999999999,2.7975097330212861e-05,True
original_tests/german/random/emos_bst_gl-emos_gl/dm_p,0,0,0,True
original_tests/german/random/emos_bst_gl-emos_gl/boot_lo,-0.1128226632769279,-0.11282300000000001,3.3672307209187124e-07,True
original_tests/german/random/emos_bst_gl-emos_gl/boot_hi,-0.081463475060866999,-0.081463499999999897,2.4939132967083388e-08,True
original_tests/german/random/emos_bst_gl-emos_gl/n_stations,502,502,0,True
original_tests/german/random/emos_bst_gl-emos_gl/frac_st_a_better_BH,0.63545816733067717,0.63545799999999986,1.673306773142258e-07,True
original_tests/german/random/emos_bst_gl-emos_gl/frac_st_a_worse_BH,0.071713147410358502,0.071713100000000002,4.7410358569588418e-08,True
primary_BH/german/random/nn_hybrid-emos_gl,1,1,0,True
primary_BH/german/random/nn_hybrid-emos_bst_gl,1,1,0,True
primary_BH/german/random/nn_hybrid-nn_unk,1,1,0,True
primary_BH/german/random/nn_hybrid-nn_knn,1,1,0,True
primary_BH/german/random/nn_hybrid-nn_noemb,1,1,0,True
primary_BH/german/random/nn_hybrid-nn_attr,0,0,0,True
scores/german/spatial/raw_ensemble_gauss/crps,1.1518656856991218,1.1518656856991218,0,True
scores/german/spatial/raw_ensemble_gauss/cov80,0.3946262169489293,0.3946262169489293,0,True
scores/german/spatial/raw_ensemble_gauss/spread_skill,0.42544191501580553,0.42544191501580553,0,True
scores/german/spatial/raw_ensemble_gauss/bias,-0.047844773335186601,-0.047844773335186601,0,True
scores/german/spatial/emos_gl/crps,1.0130469657005106,1.0130469657005106,0,True
scores/german/spatial/emos_gl/cov80,0.79829105796353805,0.79829105796353805,0,True
scores/german/spatial/emos_gl/spread_skill,0.93761619906663818,0.93761619906663818,0,True
scores/german/spatial/emos_gl/bias,0.17009534769322501,0.17009534769322501,0,True
scores/german/spatial/emos_bst_gl/crps,0.91578282472922645,0.91578282472922645,0,True
scores/german/spatial/emos_bst_gl/cov80,0.81701588207531628,0.81701588207531628,0,True
scores/german/spatial/emos_bst_gl/spread_skill,1.0009296362254931,1.0009296362254931,0,True
scores/german/spatial/emos_bst_gl/bias,0.12746025837893851,0.12746025837893851,0,True
scores/german/spatial/nn_unk/crps,0.89223051667334152,0.89223051667334152,0,True
scores/german/spatial/nn_unk/cov80,0.7510893545094337,0.7510893545094337,0,True
scores/german/spatial/nn_unk/spread_skill,0.86025790539432967,0.86025790539432967,0,True
scores/german/spatial/nn_unk/bias,0.2263155238732561,0.2263155238732561,0,True
scores/german/spatial/nn_unk/single_seed_mean,0.90514785449919044,0.90514785449919044,0,True
scores/german/spatial/nn_unk/single_seed_sd,0.0073171943355332001,0.0073171943355332001,0,True
single/german/spatial/nn_unk/0,0.91232992980388239,0.91232992980388239,0,True
single/german/spatial/nn_unk/1,0.89770264006285283,0.89770264006285283,0,True
single/german/spatial/nn_unk/2,0.90541099363083544,0.90541099363083544,0,True
scores/german/spatial/nn_knn/crps,0.90704153808483323,0.90704153808483323,0,True
scores/german/spatial/nn_knn/cov80,0.75455223962506435,0.75455223962506435,0,True
scores/german/spatial/nn_knn/spread_skill,0.87609111113544225,0.87609111113544225,0,True
scores/german/spatial/nn_knn/bias,-0.28699022431432009,-0.28699022431432009,0,True
scores/german/spatial/nn_knn/single_seed_mean,0.92350342615390923,0.92350342615390923,0,True
scores/german/spatial/nn_knn/single_seed_sd,0.0069679258615372996,0.0069679258615372996,0,True
single/german/spatial/nn_knn/0,0.93151855621109036,0.93151855621109036,0,True
single/german/spatial/nn_knn/1,0.91888737247568397,0.91888737247568397,0,True
single/german/spatial/nn_knn/2,0.92010434977495359,0.92010434977495359,0,True
scores/german/spatial/nn_noemb/crps,0.87768862607977804,0.87768862607977804,0,True
scores/german/spatial/nn_noemb/cov80,0.77141116684410982,0.77141116684410982,0,True
scores/german/spatial/nn_noemb/spread_skill,0.91459897680105817,0.91459897680105817,0,True
scores/german/spatial/nn_noemb/bias,0.20354973540213711,0.20354973540213711,0,True
scores/german/spatial/nn_noemb/single_seed_mean,0.88625651117124915,0.88625651117124915,0,True
scores/german/spatial/nn_noemb/single_seed_sd,0.0011284114205974,0.0011284114205974,0,True
single/german/spatial/nn_noemb/0,0.88548749492589385,0.88548749492589385,0,True
single/german/spatial/nn_noemb/1,0.88755193797576382,0.88755193797576382,0,True
single/german/spatial/nn_noemb/2,0.88573010061209001,0.88573010061209001,0,True
scores/german/spatial/nn_attr/crps,0.912647634888753,0.912647634888753,0,True
scores/german/spatial/nn_attr/cov80,0.7485484419760946,0.7485484419760946,0,True
scores/german/spatial/nn_attr/spread_skill,0.86600965508907124,0.86600965508907124,0,True
scores/german/spatial/nn_attr/bias,0.1792766353338168,0.1792766353338168,0,True
scores/german/spatial/nn_attr/single_seed_mean,0.9273220036506874,0.9273220036506874,0,True
scores/german/spatial/nn_attr/single_seed_sd,0.0079187836783792993,0.0079187836783792993,1.0408340855860844e-17,True
single/german/spatial/nn_attr/0,0.91872920739989639,0.91872920739989639,0,True
single/german/spatial/nn_attr/1,0.9343258035544052,0.9343258035544052,0,True
single/german/spatial/nn_attr/2,0.92891099999775995,0.92891099999775995,1.1102230246251563e-16,True
scores/german/spatial/nn_hybrid/crps,0.89597506306922647,0.89597506306922647,0,True
scores/german/spatial/nn_hybrid/cov80,0.74335137033662968,0.74335137033662968,0,True
scores/german/spatial/nn_hybrid/spread_skill,0.8486045063623967,0.8486045063623967,0,True
scores/german/spatial/nn_hybrid/bias,0.21056540040981631,0.21056540040981631,0,True
scores/german/spatial/nn_hybrid/single_seed_mean,0.91275314876748637,0.91275314876748637,0,True
scores/german/spatial/nn_hybrid/single_seed_sd,0.017514046075763099,0.017514046075763099,0,True
single/german/spatial/nn_hybrid/0,0.8981544305023843,0.8981544305023843,0,True
single/german/spatial/nn_hybrid/1,0.93217273391715805,0.93217273391715805,0,True
single/german/spatial/nn_hybrid/2,0.90793228188291719,0.90793228188291719,0,True
scores/german/spatial/nn_hybrid_knn/crps,0.90665718875825285,0.90665718875825285,0,True
scores/german/spatial/nn_hybrid_knn/cov80,0.73498227397951887,0.73498227397951887,0,True
scores/german/spatial/nn_hybrid_knn/spread_skill,0.83754611222765241,0.83754611222765241,0,True
scores/german/spatial/nn_hybrid_knn/bias,0.21744108606093951,0.21744108606093951,0,True
scores/german/spatial/nn_hybrid_knn/single_seed_mean,0.92298469384899284,0.92298469384899284,0,True
scores/german/spatial/nn_hybrid_knn/single_seed_sd,0.019727738762126901,0.019727738762126901,0,True
single/german/spatial/nn_hybrid_knn/0,0.90800243852428042,0.90800243852428042,0,True
single/german/spatial/nn_hybrid_knn/1,0.94533626214093924,0.94533626214093924,0,True
single/german/spatial/nn_hybrid_knn/2,0.9156153808817592,0.9156153808817592,0,True
scores/german/spatial/nn_hybrid_res/crps,0.89765744707323325,0.89765744707323325,0,True
scores/german/spatial/nn_hybrid_res/cov80,0.74544776037493554,0.74544776037493554,0,True
scores/german/spatial/nn_hybrid_res/spread_skill,0.85192072843114564,0.85192072843114564,0,True
scores/german/spatial/nn_hybrid_res/bias,0.2075162371503817,0.2075162371503817,0,True
scores/german/spatial/nn_hybrid_res/single_seed_mean,0.91235745867183038,0.91235745867183038,0,True
scores/german/spatial/nn_hybrid_res/single_seed_sd,0.0070431668731496004,0.0070431668731496004,0,True
single/german/spatial/nn_hybrid_res/0,0.90461517607176156,0.90461517607176156,0,True
single/german/spatial/nn_hybrid_res/1,0.91838475272817321,0.91838475272817321,0,True
single/german/spatial/nn_hybrid_res/2,0.91407244721555603,0.91407244721555603,0,True
scores/german/spatial/drn_lak/crps,0.87947502348103401,0.87947502348103401,0,True
scores/german/spatial/drn_lak/cov80,0.80829007013577137,0.80829007013577137,0,True
scores/german/spatial/drn_lak/spread_skill,0.97648845301279241,0.97648845301279241,0,True
scores/german/spatial/drn_lak/bias,0.180516932224034,0.180516932224034,0,True
scores/german/spatial/drn_lak/single_seed_mean,0.8865877026662482,0.8865877026662482,0,True
scores/german/spatial/drn_lak/single_seed_sd,0.0029647448280493002,0.0029647448280493002,0,True
single/german/spatial/drn_lak/0,0.88997092688408896,0.88997092688408896,0,True
single/german/spatial/drn_lak/1,0.88534892310287472,0.88534892310287472,0,True
single/german/spatial/drn_lak/2,0.88444325801178081,0.88444325801178081,0,True
scores/german/spatial/gnn_geo/crps,0.90476934777023765,0.90476934777023765,0,True
scores/german/spatial/gnn_geo/cov80,0.82840882898506185,0.82840882898506185,0,True
scores/german/spatial/gnn_geo/spread_skill,1.0364315097120935,1.0364315097120935,0,True
scores/german/spatial/gnn_geo/bias,0.2254899132823445,0.2254899132823445,0,True
scores/german/spatial/gnn_geo/single_seed_mean,0.91675373266919802,0.91675373266919802,0,True
scores/german/spatial/gnn_geo/single_seed_sd,0.0047766567973246002,0.0047766567973246002,0,True
single/german/spatial/gnn_geo/0,0.91848812877761821,0.91848812877761821,0,True
single/german/spatial/gnn_geo/1,0.92042088713367776,0.92042088713367776,0,True
single/german/spatial/gnn_geo/2,0.91135218209629776,0.91135218209629776,0,True
scores/german/spatial/samos_mlp/crps,0.8783895022848458,0.8783895022848458,0,True
scores/german/spatial/samos_mlp/cov80,0.76871659221372202,0.76871659221372202,0,True
scores/german/spatial/samos_mlp/spread_skill,0.90685014068978498,0.90685014068978498,0,True
scores/german/spatial/samos_mlp/bias,0.1796936673419601,0.1796936673419601,0,True
scores/german/spatial/samos_mlp/single_seed_mean,0.89089933620185935,0.89089933620185935,0,True
scores/german/spatial/samos_mlp/single_seed_sd,0.0043499972761975002,0.0043499972761975002,0,True
single/german/spatial/samos_mlp/0,0.89175549224826012,0.89175549224826012,0,True
single/german/spatial/samos_mlp/1,0.88618491662424625,0.88618491662424625,0,True
single/german/spatial/samos_mlp/2,0.89475759973307145,0.89475759973307145,0,True
scores/german/spatial/samos_attn/crps,0.88652337624317046,0.88652337624317046,0,True
scores/german/spatial/samos_attn/cov80,0.74933870418948734,0.74933870418948734,0,True
scores/german/spatial/samos_attn/spread_skill,0.86021519409963176,0.86021519409963176,0,True
scores/german/spatial/samos_attn/bias,0.18992503562067009,0.18992503562067009,0,True
scores/german/spatial/samos_attn/single_seed_mean,0.90613452586191601,0.90613452586191601,0,True
scores/german/spatial/samos_attn/single_seed_sd,0.0037823501614542999,0.0037823501614542001,6.2883726004159257e-17,True
single/german/spatial/samos_attn/0,0.91041789351427005,0.91041789351427005,1.1102230246251563e-16,True
single/german/spatial/samos_attn/1,0.90325409721516325,0.90325409721516325,0,True
single/german/spatial/samos_attn/2,0.90473158685631405,0.90473158685631405,0,True
daily/german/spatial/gnn_geo-nn_unk/crps_a,0.90476934777023765,0.90476900000000005,3.4777023771859211e-07,True
daily/german/spatial/gnn_geo-nn_unk/crps_b,0.89223051667334152,0.892231,4.8332665847361511e-07,True
daily/german/spatial/gnn_geo-nn_unk/diff_a_minus_b,0.0125388310968962,0.0125387999999999,3.1096896242061023e-08,True
daily/german/spatial/gnn_geo-nn_unk/rel_diff_pct,1.4053353771900756,1.40534,4.6228099244149945e-06,True
daily/german/spatial/gnn_geo-nn_unk/n_days,366,366,0,True
daily/german/spatial/gnn_geo-nn_unk/dm_stat,2.4833234280990011,2.48332,3.428099001556717e-06,True
daily/german/spatial/gnn_geo-nn_unk/dm_p,0.013016284666878999,0.0130163,1.533312090316874e-08,True
daily/german/spatial/gnn_geo-nn_unk/boot_lo,0.0036744497611878001,0.0036744500000000001,2.3881213586512956e-10,True
daily/german/spatial/gnn_geo-nn_unk/boot_hi,0.02316323559337,0.023163199999999901,3.5593370095038379e-08,True
daily/german/spatial/gnn_geo-nn_knn/crps_a,0.90476934777023765,0.90476900000000005,3.4777023771859211e-07,True
daily/german/spatial/gnn_geo-nn_knn/crps_b,0.90704153808483323,0.90704200000000001,4.6191516667182242e-07,True
daily/german/spatial/gnn_geo-nn_knn/diff_a_minus_b,-0.0022721903145955001,-0.0022721899999999001,3.1459557918792064e-10,True
daily/german/spatial/gnn_geo-nn_knn/rel_diff_pct,-0.25050565152652238,-0.25050600000000001,3.4847347751831853e-07,True
daily/german/spatial/gnn_geo-nn_knn/n_days,366,366,0,True
daily/german/spatial/gnn_geo-nn_knn/dm_stat,-0.25346756181184388,-0.25346800000000003,4.3818815609331102e-07,True
daily/german/spatial/gnn_geo-nn_knn/dm_p,0.79990692480029102,0.79990700000000003,7.5199709015372194e-08,True
daily/german/spatial/gnn_geo-nn_knn/boot_lo,-0.020620390274328299,-0.020620400000000001,9.7256716048710318e-09,True
daily/german/spatial/gnn_geo-nn_knn/boot_hi,0.0165540204886548,0.016553999999999899,2.04886548595129e-08,True
daily/german/spatial/gnn_geo-emos_bst_gl/crps_a,0.90476934777023765,0.90476900000000005,3.4777023771859211e-07,True
daily/german/spatial/gnn_geo-emos_bst_gl/crps_b,0.91578282472922645,0.91578300000000001,1.7527077345036449e-07,True
daily/german/spatial/gnn_geo-emos_bst_gl/diff_a_minus_b,-0.0110134769589887,-0.011013500000000001,2.3041011201416217e-08,True
daily/german/spatial/gnn_geo-emos_bst_gl/rel_diff_pct,-1.2026297787627982,-1.2026300000000001,2.2123720189171081e-07,True
daily/german/spatial/gnn_geo-emos_bst_gl/n_days,366,366,0,True
daily/german/spatial/gnn_geo-emos_bst_gl/dm_stat,-1.9019088214825679,-1.90191,1.1785174320877443e-06,True
daily/german/spatial/gnn_geo-emos_bst_gl/dm_p,0.057183075729100002,0.057183100000000001,2.4270899914857761e-08,True
daily/german/spatial/gnn_geo-emos_bst_gl/boot_lo,-0.020174624683538998,-0.020174600000000001,2.4683539052994249e-08,True
daily/german/spatial/gnn_geo-emos_bst_gl/boot_hi,0.0019411502662267,0.00194115,2.6622678085501394e-10,True
daily/german/spatial/gnn_geo-drn_lak/crps_a,0.90476934777023765,0.90476900000000005,3.4777023771859211e-07,True
daily/german/spatial/gnn_geo-drn_lak/crps_b,0.87947502348103401,0.87947500000000001,2.3481034006067606e-08,True
daily/german/spatial/gnn_geo-drn_lak/diff_a_minus_b,0.025294324289203699,0.025294299999999902,2.4289203752470009e-08,True
daily/german/spatial/gnn_geo-drn_lak/rel_diff_pct,2.8760707938113805,2.8760699999999999,7.9381138062828427e-07,True
daily/german/spatial/gnn_geo-drn_lak/n_days,366,366,0,True
daily/german/spatial/gnn_geo-drn_lak/dm_stat,9.160288152710141,9.1602899999999998,1.8472898606347601e-06,True
daily/german/spatial/gnn_geo-drn_lak/dm_p,0,0,0,True
daily/german/spatial/gnn_geo-drn_lak/boot_lo,0.020209174614016098,0.0202092,2.53859838636461e-08,True
daily/german/spatial/gnn_geo-drn_lak/boot_hi,0.0310693747035172,0.0310694,2.5296482738385029e-08,True
daily/german/spatial/drn_lak-nn_noemb/crps_a,0.87947502348103401,0.87947500000000001,2.3481034006067606e-08,True
daily/german/spatial/drn_lak-nn_noemb/crps_b,0.87768862607977804,0.87768900000000005,3.7392022189663981e-07,True
daily/german/spatial/drn_lak-nn_noemb/diff_a_minus_b,0.0017863974012558,0.0017864000000000001,2.5987441430556923e-09,True
daily/german/spatial/drn_lak-nn_noemb/rel_diff_pct,0.20353429999826469,0.20353399999999991,2.9999826478555041e-07,True
daily/german/spatial/drn_lak-nn_noemb/n_days,366,366,0,True
daily/german/spatial/drn_lak-nn_noemb/dm_stat,0.62442781984416218,0.62442799999999987,1.8015583769237509e-07,True
daily/german/spatial/drn_lak-nn_noemb/dm_p,0.53234665962107353,0.53234700000000001,3.4037892648886015e-07,True
daily/german/spatial/drn_lak-nn_noemb/boot_lo,-0.0032892315749988,-0.0032892300000000002,1.5749988379470947e-09,True
daily/german/spatial/drn_lak-nn_noemb/boot_hi,0.0073905091790909998,0.0073905100000000003,8.2090890508867965e-10,True
daily/german/spatial/drn_lak-nn_unk/crps_a,0.87947502348103401,0.87947500000000001,2.3481034006067606e-08,True
daily/german/spatial/drn_lak-nn_unk/crps_b,0.89223051667334152,0.892231,4.8332665847361511e-07,True
daily/german/spatial/drn_lak-nn_unk/diff_a_minus_b,-0.012755493192307499,-0.012755499999999901,6.8076924895910099e-09,True
daily/german/spatial/drn_lak-nn_unk/rel_diff_pct,-1.4296185743417511,-1.4296199999999999,1.4256582487881533e-06,True
daily/german/spatial/drn_lak-nn_unk/n_days,366,366,0,True
daily/german/spatial/drn_lak-nn_unk/dm_stat,-3.2452293299875268,-3.2452299999999998,6.700124730585344e-07,True
daily/german/spatial/drn_lak-nn_unk/dm_p,0.0011735607106306001,0.0011735599999999,7.1063068342140656e-10,True
daily/german/spatial/drn_lak-nn_unk/boot_lo,-0.0197543618924487,-0.019754399999999901,3.8107551246502336e-08,True
daily/german/spatial/drn_lak-nn_unk/boot_hi,-0.0044639731810277999,-0.0044639700000000003,3.1810278213612038e-09,True
daily/german/spatial/drn_lak-emos_bst_gl/crps_a,0.87947502348103401,0.87947500000000001,2.3481034006067606e-08,True
daily/german/spatial/drn_lak-emos_bst_gl/crps_b,0.91578282472922645,0.91578300000000001,1.7527077345036449e-07,True
daily/german/spatial/drn_lak-emos_bst_gl/diff_a_minus_b,-0.036307801248192502,-0.036307800000000001,1.2481925493190715e-09,True
daily/german/spatial/drn_lak-emos_bst_gl/rel_diff_pct,-3.9646737488146071,-3.9646699999999999,3.7488146067410359e-06,True
daily/german/spatial/drn_lak-emos_bst_gl/n_days,366,366,0,True
daily/german/spatial/drn_lak-emos_bst_gl/dm_stat,-7.657638823012384,-7.6576399999999998,1.1769876158140846e-06,True
daily/german/spatial/drn_lak-emos_bst_gl/dm_p,1.8873791418627661e-14,1.88738e-14,8.581372338751292e-21,True
daily/german/spatial/drn_lak-emos_bst_gl/boot_lo,-0.044050140734806002,-0.044050100000000002,4.0734806000530817e-08,True
daily/german/spatial/drn_lak-emos_bst_gl/boot_hi,-0.0261774447035415,-0.0261774,4.4703541545593202e-08,True
daily/german/spatial/samos_attn-nn_unk/crps_a,0.88652337624317046,0.88652299999999995,3.7624317061890627e-07,True
daily/german/spatial/samos_attn-nn_unk/crps_b,0.89223051667334152,0.892231,4.8332665847361511e-07,True
daily/german/spatial/samos_attn-nn_unk/diff_a_minus_b,-0.0057071404301709001,-0.0057071400000000003,4.3017095354563878e-10,True
daily/german/spatial/samos_attn-nn_unk/rel_diff_pct,-0.63964864724083126,-0.63964900000000002,3.5275916865362689e-07,True
daily/german/spatial/samos_attn-nn_unk/n_days,366,366,0,True
daily/german/spatial/samos_attn-nn_unk/dm_stat,-1.6457146928843147,-1.64571,4.6928843147053811e-06,True
daily/german/spatial/samos_attn-nn_unk/dm_p,0.099822512568989705,0.099822499999999897,1.2568989779526696e-08,True
daily/german/spatial/samos_attn-nn_unk/boot_lo,-0.012157876698354501,-0.0121578999999999,2.3301645406606508e-08,True
daily/german/spatial/samos_attn-nn_unk/boot_hi,0.0015736387448207999,0.0015736400000000001,1.2551791442154403e-09,True
daily/german/spatial/samos_attn-nn_knn/crps_a,0.88652337624317046,0.88652299999999995,3.7624317061890627e-07,True
daily/german/spatial/samos_attn-nn_knn/crps_b,0.90704153808483323,0.90704200000000001,4.6191516667182242e-07,True
daily/german/spatial/samos_attn-nn_knn/diff_a_minus_b,-0.020518161841662701,-0.0205182,3.8158337226090737e-08,True
daily/german/spatial/samos_attn-nn_knn/rel_diff_pct,-2.2620972667895312,-2.2621000000000002,2.7332104690636072e-06,True
daily/german/spatial/samos_attn-nn_knn/n_days,366,366,0,True
daily/german/spatial/samos_attn-nn_knn/dm_stat,-2.5333203838824736,-2.5333199999999998,3.8388247380893858e-07,True
daily/german/spatial/samos_attn-nn_knn/dm_p,0.011298762952791599,0.011298799999999901,3.7047208358356731e-08,True
daily/german/spatial/samos_attn-nn_knn/boot_lo,-0.037187467567353097,-0.037187499999999901,3.2432646887570193e-08,True
daily/german/spatial/samos_attn-nn_knn/boot_hi,-0.0041620917062431999,-0.0041620900000000002,1.7062432213638123e-09,True
daily/german/spatial/samos_attn-emos_bst_gl/crps_a,0.88652337624317046,0.88652299999999995,3.7624317061890627e-07,True
daily/german/spatial/samos_attn-emos_bst_gl/crps_b,0.91578282472922645,0.91578300000000001,1.7527077345036449e-07,True
daily/german/spatial/samos_attn-emos_bst_gl/diff_a_minus_b,-0.029259448486055901,-0.029259400000000001,4.8486055993085531e-08,True
daily/german/spatial/samos_attn-emos_bst_gl/rel_diff_pct,-3.1950204454541109,-3.19502,4.4545411093110948e-07,True
daily/german/spatial/samos_attn-emos_bst_gl/n_days,366,366,0,True
daily/german/spatial/samos_attn-emos_bst_gl/dm_stat,-5.7312754626818254,-5.7312799999999999,4.5373181736252377e-06,True
daily/german/spatial/samos_attn-emos_bst_gl/dm_p,9.9678236775702089e-09,9.9678199999999992e-09,3.677570209739774e-15,True
daily/german/spatial/samos_attn-emos_bst_gl/boot_lo,-0.038006723232845901,-0.0380066999999999,2.3232845945686528e-08,True
daily/german/spatial/samos_attn-emos_bst_gl/boot_hi,-0.018403327361577501,-0.018403300000000001,2.7361577514123381e-08,True
daily/german/spatial/samos_attn-nn_noemb/crps_a,0.88652337624317046,0.88652299999999995,3.7624317061890627e-07,True
daily/german/spatial/samos_attn-nn_noemb/crps_b,0.87768862607977804,0.87768900000000005,3.7392022189663981e-07,True
daily/german/spatial/samos_attn-nn_noemb/diff_a_minus_b,0.0088347501633923992,0.0088347500000000006,1.6339241244722746e-10,True
daily/german/spatial/samos_attn-nn_noemb/rel_diff_pct,1.0065927597641355,1.0065900000000001,2.7597641354404345e-06,True
daily/german/spatial/samos_attn-nn_noemb/n_days,366,366,0,True
daily/german/spatial/samos_attn-nn_noemb/dm_stat,2.9051984166608005,2.9051999999999998,1.5833391993069768e-06,True
daily/german/spatial/samos_attn-nn_noemb/dm_p,0.0036702035431668001,0.0036702000000000002,3.5431668276436619e-09,True
daily/german/spatial/samos_attn-nn_noemb/boot_lo,0.0031011928958409002,0.0031011900000000002,2.8958409012749815e-09,True
daily/german/spatial/samos_attn-nn_noemb/boot_hi,0.0151446155877135,0.015144599999999901,1.5587713541806436e-08,True
daily/german/spatial/samos_attn-nn_hybrid/crps_a,0.88652337624317046,0.88652299999999995,3.7624317061890627e-07,True
daily/german/spatial/samos_attn-nn_hybrid/crps_b,0.89597506306922647,0.89597499999999985,6.3069226619028029e-08,True
daily/german/spatial/samos_attn-nn_hybrid/diff_a_minus_b,-0.0094516868260560005,-0.0094516900000000004,3.1739439843719844e-09,True
daily/german/spatial/samos_attn-nn_hybrid/rel_diff_pct,-1.0549051213187275,-1.05491,4.8786812723022877e-06,True
daily/german/spatial/samos_attn-nn_hybrid/n_days,366,366,0,True
daily/german/spatial/samos_attn-nn_hybrid/dm_stat,-2.866150925454773,-2.8661500000000002,9.2545477281547051e-07,True
daily/german/spatial/samos_attn-nn_hybrid/dm_p,0.0041549610634725002,0.0041549600000000001,1.063472573024915e-09,True
daily/german/spatial/samos_attn-nn_hybrid/boot_lo,-0.015908178538038598,-0.015908200000000001,2.1461961353941291e-08,True
daily/german/spatial/samos_attn-nn_hybrid/boot_hi,-0.0027788751423896002,-0.0027788800000000001,4.8576103018477249e-09,True
daily/german/spatial/samos_attn-nn_hybrid_res/crps_a,0.88652337624317046,0.88652299999999995,3.7624317061890627e-07,True
daily/german/spatial/samos_attn-nn_hybrid_res/crps_b,0.89765744707323325,0.89765700000000004,4.4707323332282561e-07,True
daily/german/spatial/samos_attn-nn_hybrid_res/diff_a_minus_b,-0.0111340708300627,-0.0111340999999999,2.9169937207015884e-08,True
daily/german/spatial/samos_attn-nn_hybrid_res/rel_diff_pct,-1.2403474027163577,-1.2403500000000001,2.597283642602477e-06,True
daily/german/spatial/samos_attn-nn_hybrid_res/n_days,366,366,0,True
daily/german/spatial/samos_attn-nn_hybrid_res/dm_stat,-3.0843486411295866,-3.0843500000000001,1.3588704135258922e-06,True
daily/german/spatial/samos_attn-nn_hybrid_res/dm_p,0.0020399838199528998,0.0020399799999999001,3.81995296202045e-09,True
daily/german/spatial/samos_attn-nn_hybrid_res/boot_lo,-0.018347153596156501,-0.018347200000000001,4.6403843476094948e-08,True
daily/german/spatial/samos_attn-nn_hybrid_res/boot_hi,-0.0037479893133663001,-0.0037479900000000001,6.8663368437207873e-10,True
daily/german/spatial/samos_attn-drn_lak/crps_a,0.88652337624317046,0.88652299999999995,3.7624317061890627e-07,True
daily/german/spatial/samos_attn-drn_lak/crps_b,0.87947502348103401,0.87947500000000001,2.3481034006067606e-08,True
daily/german/spatial/samos_attn-drn_lak/diff_a_minus_b,0.0070483527621364997,0.0070483500000000001,2.7621365559366007e-09,True
daily/german/spatial/samos_attn-drn_lak/rel_diff_pct,0.80142728036078914,0.801427,2.803607891399551e-07,True
daily/german/spatial/samos_attn-drn_lak/n_days,366,366,0,True
daily/german/spatial/samos_attn-drn_lak/dm_stat,1.9526477616454827,1.95265,2.2383545172921515e-06,True
daily/german/spatial/samos_attn-drn_lak/dm_p,0.0508613475606636,0.050861299999999901,4.7560663629653284e-08,True
daily/german/spatial/samos_attn-drn_lak/boot_lo,-1.8769211237406249e-05,-1.87692e-05,1.1237406248858652e-11,True
daily/german/spatial/samos_attn-drn_lak/boot_hi,0.0137413081156451,0.0137413,8.1156451541691821e-09,True
daily/german/spatial/samos_attn-gnn_geo/crps_a,0.88652337624317046,0.88652299999999995,3.7624317061890627e-07,True
daily/german/spatial/samos_attn-gnn_geo/crps_b,0.90476934777023765,0.90476900000000005,3.4777023771859211e-07,True
daily/german/spatial/samos_attn-gnn_geo/diff_a_minus_b,-0.018245971527067101,-0.018245999999999901,2.8472932803169648e-08,True
daily/german/spatial/samos_attn-gnn_geo/rel_diff_pct,-2.016643421003772,-2.0166400000000002,3.4210037718196418e-06,True
daily/german/spatial/samos_attn-gnn_geo/n_days,366,366,0,True
daily/german/spatial/samos_attn-gnn_geo/dm_stat,-4.0808808197746389,-4.0808799999999996,8.1977463928240024e-07,True
daily/german/spatial/samos_attn-gnn_geo/dm_p,4.4865356678691626e-05,4.4865399999999999e-05,4.3321308373272041e-11,True
daily/german/spatial/samos_attn-gnn_geo/boot_lo,-0.027400917860511201,-0.027400899999999902,1.7860511247053124e-08,True
daily/german/spatial/samos_attn-gnn_geo/boot_hi,-0.010269576899479001,-0.0102696,2.3100520935362409e-08,True
daily/german/spatial/samos_attn-samos_mlp/crps_a,0.88652337624317046,0.88652299999999995,3.7624317061890627e-07,True
daily/german/spatial/samos_attn-samos_mlp/crps_b,0.8783895022848458,0.87839,4.9771515420182776e-07,True
daily/german/spatial/samos_attn-samos_mlp/diff_a_minus_b,0.0081338739583247006,0.0081338699999999008,3.9583247669200405e-09,True
daily/german/spatial/samos_attn-samos_mlp/rel_diff_pct,0.92599853904982155,0.92599900000000002,4.6095017847136438e-07,True
daily/german/spatial/samos_attn-samos_mlp/n_days,366,366,0,True
daily/german/spatial/samos_attn-samos_mlp/dm_stat,3.5562268219629622,3.5562299999999998,3.1780370375322771e-06,True
daily/german/spatial/samos_attn-samos_mlp/dm_p,0.00037621929264550002,0.00037621900000000001,2.9264552987937759e-10,True
daily/german/spatial/samos_attn-samos_mlp/boot_lo,0.0037524560153046,0.00375246,3.9846953024495757e-09,True
daily/german/spatial/samos_attn-samos_mlp/boot_hi,0.012756926477490301,0.0127569,2.6477490359944067e-08,True
BH/german/spatial/gnn_geo-nn_unk,1,1,0,True
BH/german/spatial/gnn_geo-nn_knn,0,0,0,True
BH/german/spatial/gnn_geo-emos_bst_gl,0,0,0,True
BH/german/spatial/gnn_geo-drn_lak,1,1,0,True
BH/german/spatial/drn_lak-nn_noemb,0,0,0,True
BH/german/spatial/drn_lak-nn_unk,1,1,0,True
BH/german/spatial/drn_lak-emos_bst_gl,1,1,0,True
original_tests/german/spatial/nn_hybrid-emos_gl/crps_a,0.89597506306922647,0.89597499999999985,6.3069226619028029e-08,True
original_tests/german/spatial/nn_hybrid-emos_gl/crps_b,1.0130469657005106,1.01305,3.0342994894461128e-06,True
original_tests/german/spatial/nn_hybrid-emos_gl/diff_a_minus_b,-0.11707190263128391,-0.117072,9.7368716020507229e-08,True
original_tests/german/spatial/nn_hybrid-emos_gl/rel_diff_pct,-11.556414124426118,-11.5564,1.4124426117589906e-05,True
original_tests/german/spatial/nn_hybrid-emos_gl/dm_stat,-12.042143119772811,-12.0421,4.3119772813682289e-05,True
original_tests/german/spatial/nn_hybrid-emos_gl/dm_p,0,0,0,True
original_tests/german/spatial/nn_hybrid-emos_gl/boot_lo,-0.13577998857018209,-0.13578000000000001,1.1429817869945681e-08,True
original_tests/german/spatial/nn_hybrid-emos_gl/boot_hi,-0.096762696419309693,-0.096762699999999896,3.5806902720647567e-09,True
original_tests/german/spatial/nn_hybrid-emos_gl/n_stations,502,502,0,True
original_tests/german/spatial/nn_hybrid-emos_gl/frac_st_a_better_BH,0.73306772908366535,0.73306800000000005,2.7091633469922277e-07,True
original_tests/german/spatial/nn_hybrid-emos_gl/frac_st_a_worse_BH,0.073705179282868502,0.073705199999999901,2.0717131468672711e-08,True
original_tests/german/spatial/nn_hybrid-emos_bst_gl/crps_a,0.89597506306922647,0.89597499999999985,6.3069226619028029e-08,True
original_tests/german/spatial/nn_hybrid-emos_bst_gl/crps_b,0.91578282472922645,0.91578300000000001,1.7527077345036449e-07,True
original_tests/german/spatial/nn_hybrid-emos_bst_gl/diff_a_minus_b,-0.019807761659999899,-0.0198078,3.8340000022007992e-08,True
original_tests/german/spatial/nn_hybrid-emos_bst_gl/rel_diff_pct,-2.1629322067550967,-2.1629299999999998,2.2067550973225991e-06,True
original_tests/german/spatial/nn_hybrid-emos_bst_gl/dm_stat,-3.5361140421661763,-3.5361099999999999,4.0421661764433736e-06,True
original_tests/german/spatial/nn_hybrid-emos_bst_gl/dm_p,0.00040605936129059999,0.00040605900000000001,3.612906782014986e-10,True
original_tests/german/spatial/nn_hybrid-emos_bst_gl/boot_lo,-0.029907935446806401,-0.029907900000000001,3.5446806490035954e-08,True
original_tests/german/spatial/nn_hybrid-emos_bst_gl/boot_hi,-0.0075828214627946004,-0.0075828199999998999,1.462794605062989e-09,True
original_tests/german/spatial/nn_hybrid-emos_bst_gl/n_stations,502,502,0,True
original_tests/german/spatial/nn_hybrid-emos_bst_gl/frac_st_a_better_BH,0.48007968127490042,0.48008000000000001,3.1872509959063322e-07,True
original_tests/german/spatial/nn_hybrid-emos_bst_gl/frac_st_a_worse_BH,0.1354581673306772,0.135458,1.6733067728647025e-07,True
original_tests/german/spatial/nn_hybrid-nn_unk/crps_a,0.89597506306922647,0.89597499999999985,6.3069226619028029e-08,True
original_tests/german/spatial/nn_hybrid-nn_unk/crps_b,0.89223051667334152,0.892231,4.8332665847361511e-07,True
original_tests/german/spatial/nn_hybrid-nn_unk/diff_a_minus_b,0.0037445463958850002,0.0037445500000000001,3.6041149379176236e-09,True
original_tests/german/spatial/nn_hybrid-nn_unk/rel_diff_pct,0.4196837393375174,0.419684,2.6066248254297264e-07,True
original_tests/german/spatial/nn_hybrid-nn_unk/dm_stat,1.6326256625086355,1.63263,4.3374913643035029e-06,True
original_tests/german/spatial/nn_hybrid-nn_unk/dm_p,0.10254775054969829,0.102548,2.4945030166478865e-07,True
original_tests/german/spatial/nn_hybrid-nn_unk/boot_lo,-0.00053102757141770005,-0.00053102800000000001,4.2858227557174278e-10,True
original_tests/german/spatial/nn_hybrid-nn_unk/boot_hi,0.0085431031399824005,0.0085430999999999008,3.1399824771544127e-09,True
original_tests/german/spatial/nn_hybrid-nn_unk/n_stations,502,502,0,True
original_tests/german/spatial/nn_hybrid-nn_unk/frac_st_a_better_BH,0.34462151394422308,0.34462199999999987,4.8605577684934797e-07,True
original_tests/german/spatial/nn_hybrid-nn_unk/frac_st_a_worse_BH,0.29482071713147412,0.294821,2.8286852588044203e-07,True
original_tests/german/spatial/nn_hybrid-nn_knn/crps_a,0.89597506306922647,0.89597499999999985,6.3069226619028029e-08,True
original_tests/german/spatial/nn_hybrid-nn_knn/crps_b,0.90704153808483323,0.90704200000000001,4.6191516667182242e-07,True
original_tests/german/spatial/nn_hybrid-nn_knn/diff_a_minus_b,-0.011066475015606699,-0.0110665,2.498439324177815e-08,True
original_tests/german/spatial/nn_hybrid-nn_knn/rel_diff_pct,-1.2200626488366728,-1.2200599999999999,2.6488366728916191e-06,True
original_tests/german/spatial/nn_hybrid-nn_knn/dm_stat,-1.5026493028727752,-1.50265,6.971272248357252e-07,True
original_tests/german/spatial/nn_hybrid-nn_knn/dm_p,0.13292950244534621,0.13292999999999991,4.975546537000497e-07,True
original_tests/german/spatial/nn_hybrid-nn_knn/boot_lo,-0.026331592249892299,-0.0263316,7.7501076632680005e-09,True
original_tests/german/spatial/nn_hybrid-nn_knn/boot_hi,0.0037198744476868001,0.0037198700000000001,4.4476868043576145e-09,True
original_tests/german/spatial/nn_hybrid-nn_knn/n_stations,502,502,0,True
original_tests/german/spatial/nn_hybrid-nn_knn/frac_st_a_better_BH,0.39840637450199201,0.39840599999999993,3.7450199202870849e-07,True
original_tests/german/spatial/nn_hybrid-nn_knn/frac_st_a_worse_BH,0.30876494023904377,0.30876500000000001,5.976095618365207e-08,True
original_tests/german/spatial/nn_hybrid-nn_noemb/crps_a,0.89597506306922647,0.89597499999999985,6.3069226619028029e-08,True
original_tests/german/spatial/nn_hybrid-nn_noemb/crps_b,0.87768862607977804,0.87768900000000005,3.7392022189663981e-07,True
original_tests/german/spatial/nn_hybrid-nn_noemb/diff_a_minus_b,0.018286436989448401,0.018286400000000001,3.698944842783769e-08,True
original_tests/german/spatial/nn_hybrid-nn_noemb/rel_diff_pct,2.0834765822505208,2.0834800000000002,3.4177494794285224e-06,True
original_tests/german/spatial/nn_hybrid-nn_noemb/dm_stat,8.0866855793903607,8.0866900000000008,4.4206096401211434e-06,True
original_tests/german/spatial/nn_hybrid-nn_noemb/dm_p,6.6613381477509392e-16,6.6613400000000001e-16,1.8522490608431558e-22,True
original_tests/german/spatial/nn_hybrid-nn_noemb/boot_lo,0.0139598708186837,0.013959900000000001,2.9181316299128901e-08,True
original_tests/german/spatial/nn_hybrid-nn_noemb/boot_hi,0.0229890703178398,0.022989099999999901,2.9682160108263081e-08,True
original_tests/german/spatial/nn_hybrid-nn_noemb/n_stations,502,502,0,True
original_tests/german/spatial/nn_hybrid-nn_noemb/frac_st_a_better_BH,0.24900398406374499,0.249004,1.5936254982307222e-08,True
original_tests/german/spatial/nn_hybrid-nn_noemb/frac_st_a_worse_BH,0.33266932270916327,0.33266899999999988,3.2270916333621008e-07,True
original_tests/german/spatial/nn_hybrid-nn_attr/crps_a,0.89597506306922647,0.89597499999999985,6.3069226619028029e-08,True
original_tests/german/spatial/nn_hybrid-nn_attr/crps_b,0.912647634888753,0.91264800000000001,3.6511124701377184e-07,True
original_tests/german/spatial/nn_hybrid-nn_attr/diff_a_minus_b,-0.016672571819526399,-0.016672599999999899,2.8180473583133688e-08,True
original_tests/german/spatial/nn_hybrid-nn_attr/rel_diff_pct,-1.8268355915433632,-1.82684,4.4084566368507438e-06,True
original_tests/german/spatial/nn_hybrid-nn_attr/dm_stat,-8.0374849214264863,-8.0374800000000004,4.9214264858932211e-06,True
original_tests/german/spatial/nn_hybrid-nn_attr/dm_p,8.8817841970012504e-16,8.8817799999999993e-16,4.1970012519949279e-22,True
original_tests/german/spatial/nn_hybrid-nn_attr/boot_lo,-0.021223057084042801,-0.021223100000000002,4.2915957187278371e-08,True
original_tests/german/spatial/nn_hybrid-nn_attr/boot_hi,-0.0128930847467809,-0.0128930999999999,1.5253219048938504e-08,True
original_tests/german/spatial/nn_hybrid-nn_attr/n_stations,502,502,0,True
original_tests/german/spatial/nn_hybrid-nn_attr/frac_st_a_better_BH,0.3247011952191235,0.32470100000000002,1.952191234777523e-07,True
original_tests/german/spatial/nn_hybrid-nn_attr/frac_st_a_worse_BH,0.24302788844621509,0.24302799999999991,1.1155378484839497e-07,True
original_tests/german/spatial/nn_hybrid-raw_ensemble_gauss/crps_a,0.89597506306922647,0.89597499999999985,6.3069226619028029e-08,True
original_tests/german/spatial/nn_hybrid-raw_ensemble_gauss/crps_b,1.1518656856991218,1.1518699999999999,4.3143008781054704e-06,True
original_tests/german/spatial/nn_hybrid-raw_ensemble_gauss/diff_a_minus_b,-0.2558906226298952,-0.25589099999999992,3.7737010472049803e-07,True
original_tests/german/spatial/nn_hybrid-raw_ensemble_gauss/rel_diff_pct,-22.215317793287948,-22.215299999999999,1.7793287948819625e-05,True
original_tests/german/spatial/nn_hybrid-raw_ensemble_gauss/dm_stat,-15.271186518198476,-15.2712,1.3481801524051208e-05,True
original_tests/german/spatial/nn_hybrid-raw_ensemble_gauss/dm_p,0,0,0,True
original_tests/german/spatial/nn_hybrid-raw_ensemble_gauss/boot_lo,-0.29104387786145369,-0.29104400000000002,1.2213854627685097e-07,True
original_tests/german/spatial/nn_hybrid-raw_ensemble_gauss/boot_hi,-0.2232986710434621,-0.223299,3.289565378428172e-07,True
original_tests/german/spatial/nn_hybrid-raw_ensemble_gauss/n_stations,502,502,0,True
original_tests/german/spatial/nn_hybrid-raw_ensemble_gauss/frac_st_a_better_BH,0.87250996015936255,0.87251000000000001,3.9840637455768046e-08,True
original_tests/german/spatial/nn_hybrid-raw_ensemble_gauss/frac_st_a_worse_BH,0.0338645418326693,0.033864499999999902,4.1832669321617562e-08,True
original_tests/german/spatial/nn_hybrid-nn_hybrid_res/crps_a,0.89597506306922647,0.89597499999999985,6.3069226619028029e-08,True
original_tests/german/spatial/nn_hybrid-nn_hybrid_res/crps_b,0.89765744707323325,0.89765700000000004,4.4707323332282561e-07,True
original_tests/german/spatial/nn_hybrid-nn_hybrid_res/diff_a_minus_b,-0.0016823840040067,-0.00168238,4.0040067760937345e-09,True
original_tests/german/spatial/nn_hybrid-nn_hybrid_res/rel_diff_pct,-0.18741937801464151,-0.187419,3.780146415888197e-07,True
original_tests/german/spatial/nn_hybrid-nn_hybrid_res/dm_stat,-1.0181698878734633,-1.01817,1.1212653672210139e-07,True
original_tests/german/spatial/nn_hybrid-nn_hybrid_res/dm_p,0.30859722699964282,0.30859700000000001,2.2699964286054811e-07,True
original_tests/german/spatial/nn_hybrid-nn_hybrid_res/boot_lo,-0.0049747804554321996,-0.0049747799999999001,4.5543222665367367e-10,True
original_tests/german/spatial/nn_hybrid-nn_hybrid_res/boot_hi,0.0014708219813286999,0.0014708200000000001,1.981328727820864e-09,True
original_tests/german/spatial/nn_hybrid-nn_hybrid_res/n_stations,502,502,0,True
original_tests/german/spatial/nn_hybrid-nn_hybrid_res/frac_st_a_better_BH,0.20318725099601589,0.20318700000000001,2.5099601594358312e-07,True
original_tests/german/spatial/nn_hybrid-nn_hybrid_res/frac_st_a_worse_BH,0.26494023904382458,0.26494000000000001,2.3904382467909718e-07,True
original_tests/german/spatial/nn_hybrid-nn_hybrid_knn/crps_a,0.89597506306922647,0.89597499999999985,6.3069226619028029e-08,True
original_tests/german/spatial/nn_hybrid-nn_hybrid_knn/crps_b,0.90665718875825285,0.90665700000000005,1.8875825291697626e-07,True
original_tests/german/spatial/nn_hybrid-nn_hybrid_knn/diff_a_minus_b,-0.0106821256890263,-0.0106821,2.5689026378339364e-08,True
original_tests/german/spatial/nn_hybrid-nn_hybrid_knn/rel_diff_pct,-1.1781879437427143,-1.1781900000000001,2.0562572855542527e-06,True
original_tests/german/spatial/nn_hybrid-nn_hybrid_knn/dm_stat,-8.0036327898065949,-8.0036299999999976,2.7898065972919994e-06,True
original_tests/german/spatial/nn_hybrid-nn_hybrid_knn/dm_p,1.1102230246251563e-15,1.1102200000000001e-15,3.0246251566162569e-21,True
original_tests/german/spatial/nn_hybrid-nn_hybrid_knn/boot_lo,-0.0135034345833725,-0.0135034,3.4583372512941857e-08,True
original_tests/german/spatial/nn_hybrid-nn_hybrid_knn/boot_hi,-0.0080926458722009008,-0.0080926499999998992,4.1277990522198271e-09,True
original_tests/german/spatial/nn_hybrid-nn_hybrid_knn/n_stations,502,502,0,True
original_tests/german/spatial/nn_hybrid-nn_hybrid_knn/frac_st_a_better_BH,0.47011952191235062,0.47011999999999993,4.7808764935819436e-07,True
original_tests/german/spatial/nn_hybrid-nn_hybrid_knn/frac_st_a_worse_BH,0.3027888446215139,0.30278899999999992,1.5537848602198426e-07,True
original_tests/german/spatial/nn_noemb-emos_gl/crps_a,0.87768862607977804,0.87768900000000005,3.7392022189663981e-07,True
original_tests/german/spatial/nn_noemb-emos_gl/crps_b,1.0130469657005106,1.01305,3.0342994894461128e-06,True
original_tests/german/spatial/nn_noemb-emos_gl/diff_a_minus_b,-0.1353583396207324,-0.13535800000000001,3.3962073239801605e-07,True
original_tests/german/spatial/nn_noemb-emos_gl/rel_diff_pct,-13.361506840616578,-13.361499999999999,6.8406165780743322e-06,True
original_tests/german/spatial/nn_noemb-emos_gl/dm_stat,-16.10634868543816,-16.106300000000001,4.868543815916837e-05,True
original_tests/german/spatial/nn_noemb-emos_gl/dm_p,0,0,0,True
original_tests/german/spatial/nn_noemb-emos_gl/boot_lo,-0.15143363028056669,-0.15143400000000001,3.6971943329078277e-07,True
original_tests/german/spatial/nn_noemb-emos_gl/boot_hi,-0.1181671744630671,-0.1181669999999999,1.7446306711799142e-07,True
original_tests/german/spatial/nn_noemb-emos_gl/n_stations,502,502,0,True
original_tests/german/spatial/nn_noemb-emos_gl/frac_st_a_better_BH,0.77490039840637437,0.77490000000000003,3.9840637444665822e-07,True
original_tests/german/spatial/nn_noemb-emos_gl/frac_st_a_worse_BH,0.037848605577689202,0.037848600000000003,5.5776892410319681e-09,True
original_tests/german/spatial/nn_noemb-emos_bst_gl/crps_a,0.87768862607977804,0.87768900000000005,3.7392022189663981e-07,True
original_tests/german/spatial/nn_noemb-emos_bst_gl/crps_b,0.91578282472922645,0.91578300000000001,1.7527077345036449e-07,True
original_tests/german/spatial/nn_noemb-emos_bst_gl/diff_a_minus_b,-0.038094198649448401,-0.038094200000000002,1.3505515941703015e-09,True
original_tests/german/spatial/nn_noemb-emos_bst_gl/rel_diff_pct,-4.1597415479714739,-4.1597400000000002,1.5479714736699179e-06,True
original_tests/german/spatial/nn_noemb-emos_bst_gl/dm_stat,-7.482997053782257,-7.4829999999999988,2.946217742660906e-06,True
original_tests/german/spatial/nn_noemb-emos_bst_gl/dm_p,7.260858581048525e-14,7.2608599999999993e-14,1.4189514767524691e-20,True
original_tests/german/spatial/nn_noemb-emos_bst_gl/boot_lo,-0.047128515722035802,-0.0471284999999999,1.5722035888454666e-08,True
original_tests/german/spatial/nn_noemb-emos_bst_gl/boot_hi,-0.027259975388216399,-0.02726,2.4611783527861416e-08,True
original_tests/german/spatial/nn_noemb-emos_bst_gl/n_stations,502,502,0,True
original_tests/german/spatial/nn_noemb-emos_bst_gl/frac_st_a_better_BH,0.58565737051792832,0.58565699999999987,3.7051792833864283e-07,True
original_tests/german/spatial/nn_noemb-emos_bst_gl/frac_st_a_worse_BH,0.087649402390438197,0.087649400000000002,2.3904382501216404e-09,True
original_tests/german/spatial/nn_unk-nn_noemb/crps_a,0.89223051667334152,0.892231,4.8332665847361511e-07,True
original_tests/german/spatial/nn_unk-nn_noemb/crps_b,0.87768862607977804,0.87768900000000005,3.7392022189663981e-07,True
original_tests/german/spatial/nn_unk-nn_noemb/diff_a_minus_b,0.014541890593563299,0.0145419,9.4064366330803856e-09,True
original_tests/german/spatial/nn_unk-nn_noemb/rel_diff_pct,1.6568393575424611,1.6568400000000001,6.4245753894631729e-07,True
original_tests/german/spatial/nn_unk-nn_noemb/dm_stat,5.3664704112342383,5.3664699999999996,4.1123423866196163e-07,True
original_tests/german/spatial/nn_unk-nn_noemb/dm_p,8.0292365201017901e-08,8.0292399999999984e-08,3.4798982095866322e-14,True
original_tests/german/spatial/nn_unk-nn_noemb/boot_lo,0.0090896158236618996,0.0090896199999999008,4.1763380288772911e-09,True
original_tests/german/spatial/nn_unk-nn_noemb/boot_hi,0.019873253369079798,0.0198733,4.6630920156470745e-08,True
original_tests/german/spatial/nn_unk-nn_noemb/n_stations,502,502,0,True
original_tests/german/spatial/nn_unk-nn_noemb/frac_st_a_better_BH,0.1573705179282868,0.15737100000000001,4.8207171315928232e-07,True
original_tests/german/spatial/nn_unk-nn_noemb/frac_st_a_worse_BH,0.33266932270916327,0.33266899999999988,3.2270916333621008e-07,True
original_tests/german/spatial/nn_knn-nn_unk/crps_a,0.90704153808483323,0.90704200000000001,4.6191516667182242e-07,True
original_tests/german/spatial/nn_knn-nn_unk/crps_b,0.89223051667334152,0.892231,4.8332665847361511e-07,True
original_tests/german/spatial/nn_knn-nn_unk/diff_a_minus_b,0.0148110214114918,0.014811,2.1411491820874647e-08,True
original_tests/german/spatial/nn_knn-nn_unk/rel_diff_pct,1.6599994210817035,1.6599999999999999,5.7891829619016733e-07,True
original_tests/german/spatial/nn_knn-nn_unk/dm_stat,2.0384626646081947,2.0384600000000002,2.6646081945358446e-06,True
original_tests/german/spatial/nn_knn-nn_unk/dm_p,0.041503684900629098,0.0415036999999999,1.509937083005175e-08,True
original_tests/german/spatial/nn_knn-nn_unk/boot_lo,0.00066238523961390005,0.00066238500000000004,2.3961397666374951e-10,True
original_tests/german/spatial/nn_knn-nn_unk/boot_hi,0.030169999520999,0.030169999999999898,4.7900095348496485e-10,True
original_tests/german/spatial/nn_knn-nn_unk/n_stations,502,502,0,True
original_tests/german/spatial/nn_knn-nn_unk/frac_st_a_better_BH,0.37051792828685248,0.37051800000000001,7.1713147420382484e-08,True
original_tests/german/spatial/nn_knn-nn_unk/frac_st_a_worse_BH,0.4302788844621514,0.43027900000000002,1.1553784862172733e-07,True
original_tests/german/spatial/nn_attr-nn_noemb/crps_a,0.912647634888753,0.91264800000000001,3.6511124701377184e-07,True
original_tests/german/spatial/nn_attr-nn_noemb/crps_b,0.87768862607977804,0.87768900000000005,3.7392022189663981e-07,True
original_tests/german/spatial/nn_attr-nn_noemb/diff_a_minus_b,0.034959008808974797,0.0349589999999999,8.8089748481734437e-09,True
original_tests/german/spatial/nn_attr-nn_noemb/rel_diff_pct,3.9830764316862943,3.9830800000000002,3.5683137058484249e-06,True
original_tests/german/spatial/nn_attr-nn_noemb/dm_stat,17.253975276855623,17.254000000000001,2.4723144377958303e-05,True
original_tests/german/spatial/nn_attr-nn_noemb/dm_p,0,0,0,True
original_tests/german/spatial/nn_attr-nn_noemb/boot_lo,0.031494676735531697,0.0314947,2.3264468296257945e-08,True
original_tests/german/spatial/nn_attr-nn_noemb/boot_hi,0.0394876952856918,0.039487700000000001,4.7143081591261016e-09,True
original_tests/german/spatial/nn_attr-nn_noemb/n_stations,502,502,0,True
original_tests/german/spatial/nn_attr-nn_noemb/frac_st_a_better_BH,0.19721115537848599,0.197211,1.5537848604973981e-07,True
original_tests/german/spatial/nn_attr-nn_noemb/frac_st_a_worse_BH,0.33266932270916327,0.33266899999999988,3.2270916333621008e-07,True
original_tests/german/spatial/emos_bst_gl-emos_gl/crps_a,0.91578282472922645,0.91578300000000001,1.7527077345036449e-07,True
original_tests/german/spatial/emos_bst_gl-emos_gl/crps_b,1.0130469657005106,1.01305,3.0342994894461128e-06,True
original_tests/german/spatial/emos_bst_gl-emos_gl/diff_a_minus_b,-0.097264140971283899,-0.097264100000000006,4.0971283990498542e-08,True
original_tests/german/spatial/emos_bst_gl-emos_gl/rel_diff_pct,-9.6011482452866268,-9.6011500000000005,1.7547133719375552e-06,True
original_tests/german/spatial/emos_bst_gl-emos_gl/dm_stat,-11.999638272002208,-11.999599999999999,3.8272002209183136e-05,True
original_tests/german/spatial/emos_bst_gl-emos_gl/dm_p,0,0,0,True
original_tests/german/spatial/emos_bst_gl-emos_gl/boot_lo,-0.1130005357962279,-0.113001,4.6420377203260093e-07,True
original_tests/german/spatial/emos_bst_gl-emos_gl/boot_hi,-0.081412599279553396,-0.081412600000000002,7.2044659127357136e-10,True
original_tests/german/spatial/emos_bst_gl-emos_gl/n_stations,502,502,0,True
original_tests/german/spatial/emos_bst_gl-emos_gl/frac_st_a_better_BH,0.62549800796812738,0.625498,7.9681274911536093e-09,True
original_tests/german/spatial/emos_bst_gl-emos_gl/frac_st_a_worse_BH,0.087649402390438197,0.087649400000000002,2.3904382501216404e-09,True
primary_BH/german/spatial/nn_hybrid-emos_gl,1,1,0,True
primary_BH/german/spatial/nn_hybrid-emos_bst_gl,1,1,0,True
primary_BH/german/spatial/nn_hybrid-nn_unk,0,0,0,True
primary_BH/german/spatial/nn_hybrid-nn_knn,0,0,0,True
primary_BH/german/spatial/nn_hybrid-nn_noemb,1,1,0,True
primary_BH/german/spatial/nn_hybrid-nn_attr,1,1,0,True
BH/german/random/samos_attn-nn_unk,0,0,0,True
BH/german/random/samos_attn-nn_knn,0,0,0,True
BH/german/random/samos_attn-emos_bst_gl,1,1,0,True
BH/german/spatial/samos_attn-nn_unk,0,0,0,True
BH/german/spatial/samos_attn-nn_knn,1,1,0,True
BH/german/spatial/samos_attn-emos_bst_gl,1,1,0,True
scores/euppbench/random/raw_ensemble_gauss/crps,1.211297738153134,1.211297738153134,0,True
scores/euppbench/random/raw_ensemble_gauss/cov80,0.51219598666950295,0.51219598666950295,0,True
scores/euppbench/random/raw_ensemble_gauss/spread_skill,0.58144546896072358,0.58144546896072358,0,True
scores/euppbench/random/raw_ensemble_gauss/bias,-0.3507543211917481,-0.3507543211917481,0,True
scores/euppbench/random/emos_gl/crps,1.1139285333445823,1.1139285333445823,0,True
scores/euppbench/random/emos_gl/cov80,0.81696329386182598,0.81696329386182598,0,True
scores/euppbench/random/emos_gl/spread_skill,0.98141298884287875,0.98141298884287875,0,True
scores/euppbench/random/emos_gl/bias,0.0481991631806577,0.0481991631806577,0,True
seen/euppbench/emos_gl,1.1103833470268862,1.1103799999999999,3.3470268863133867e-06,True
scores/euppbench/random/emos_bst_gl/crps,0.96250241466818864,0.96250241466818864,0,True
scores/euppbench/random/emos_bst_gl/cov80,0.8440946370748541,0.8440946370748541,0,True
scores/euppbench/random/emos_bst_gl/spread_skill,1.0712729750999379,1.0712729750999379,0,True
scores/euppbench/random/emos_bst_gl/bias,0.091125188099894699,0.091125188099894699,0,True
seen/euppbench/emos_bst_gl,0.95433493073818676,0.95433000000000001,4.9307381869700961e-06,True
scores/euppbench/random/nn_unk/crps,0.92051141168709283,0.92051141168709283,0,True
scores/euppbench/random/nn_unk/cov80,0.78777801413410853,0.78777801413410853,0,True
scores/euppbench/random/nn_unk/spread_skill,0.94263923231959135,0.94263923231959135,0,True
scores/euppbench/random/nn_unk/bias,0.065758703655212303,0.065758703655212303,0,True
scores/euppbench/random/nn_unk/single_seed_mean,0.93523187242168815,0.93523187242168815,0,True
scores/euppbench/random/nn_unk/single_seed_sd,0.0068066623097033999,0.0068066623097033999,0,True
single/euppbench/random/nn_unk/0,0.92754368137075915,0.92754368137075915,0,True
single/euppbench/random/nn_unk/1,0.93766195218640402,0.93766195218640402,0,True
single/euppbench/random/nn_unk/2,0.94048998370790182,0.94048998370790182,0,True
scores/euppbench/random/nn_unk@10seeds/crps,0.91216720250165184,0.91216720250165184,0,True
scores/euppbench/random/nn_unk@10seeds/cov80,0.79870949443380845,0.79870949443380845,0,True
scores/euppbench/random/nn_unk@10seeds/spread_skill,0.95962290612498702,0.95962290612498702,0,True
scores/euppbench/random/nn_unk@10seeds/bias,0.076928026995409501,0.076928026995409501,0,True
scores/euppbench/random/nn_unk@10seeds/single_seed_mean,0.93151265104850323,0.93151265104850323,0,True
scores/euppbench/random/nn_unk@10seeds/single_seed_sd,0.0055261698341900999,0.0055261698341900999,0,True
single/euppbench/random/nn_unk@10seeds/0,0.92754368137075915,0.92754368137075915,0,True
single/euppbench/random/nn_unk@10seeds/1,0.93766195218640402,0.93766195218640402,0,True
single/euppbench/random/nn_unk@10seeds/2,0.94048998370790182,0.94048998370790182,0,True
single/euppbench/random/nn_unk@10seeds/3,0.92298135961330441,0.92298135961330441,0,True
single/euppbench/random/nn_unk@10seeds/4,0.93703292745840683,0.93703292745840683,0,True
single/euppbench/random/nn_unk@10seeds/5,0.93284064341964323,0.93284064341964323,0,True
single/euppbench/random/nn_unk@10seeds/6,0.93098568657261083,0.93098568657261083,0,True
single/euppbench/random/nn_unk@10seeds/7,0.92623015175327716,0.92623015175327716,0,True
single/euppbench/random/nn_unk@10seeds/8,0.92906012357464918,0.92906012357464918,0,True
single/euppbench/random/nn_unk@10seeds/9,0.93030000082807485,0.93030000082807485,0,True
seen/euppbench/nn_unk,0.82177064573560421,0.82177,6.4573560420999609e-07,True
scores/euppbench/random/nn_knn/crps,0.92759102473192445,0.92759102473192445,0,True
scores/euppbench/random/nn_knn/cov80,0.78527500059089084,0.78527500059089084,0,True
scores/euppbench/random/nn_knn/spread_skill,0.94395462540253805,0.94395462540253805,0,True
scores/euppbench/random/nn_knn/bias,-0.1127784792604597,-0.1127784792604597,0,True
scores/euppbench/random/nn_knn/single_seed_mean,0.94549557962450514,0.94549557962450514,0,True
scores/euppbench/random/nn_knn/single_seed_sd,0.0094554460480873997,0.0094554460480873997,1.7347234759768074e-17,True
single/euppbench/random/nn_knn/0,0.93489825852981057,0.93489825852981057,0,True
single/euppbench/random/nn_knn/1,0.95306977289634742,0.95306977289634742,0,True
single/euppbench/random/nn_knn/2,0.94851870744735822,0.948518707447358,1.1102230246251563e-16,True
scores/euppbench/random/nn_knn@10seeds/crps,0.91904534844357555,0.91904534844357555,0,True
scores/euppbench/random/nn_knn@10seeds/cov80,0.79737644472807201,0.79737644472807201,0,True
scores/euppbench/random/nn_knn@10seeds/spread_skill,0.96543390762061942,0.96543390762061942,0,True
scores/euppbench/random/nn_knn@10seeds/bias,-0.1422861356074511,-0.1422861356074511,0,True
scores/euppbench/random/nn_knn@10seeds/single_seed_mean,0.94400445608974359,0.94400445608974359,0,True
scores/euppbench/random/nn_knn@10seeds/single_seed_sd,0.0065187266461386997,0.0065187266461386997,9.5409791178724406e-18,True
single/euppbench/random/nn_knn@10seeds/0,0.93489825852981057,0.93489825852981057,0,True
single/euppbench/random/nn_knn@10seeds/1,0.95306977289634742,0.95306977289634742,0,True
single/euppbench/random/nn_knn@10seeds/2,0.94851870744735822,0.948518707447358,1.1102230246251563e-16,True
single/euppbench/random/nn_knn@10seeds/3,0.9345835186356124,0.9345835186356124,0,True
single/euppbench/random/nn_knn@10seeds/4,0.94389986132665715,0.94389986132665715,0,True
single/euppbench/random/nn_knn@10seeds/5,0.94746252708192757,0.94746252708192757,0,True
single/euppbench/random/nn_knn@10seeds/6,0.94761608202058201,0.94761608202058201,0,True
single/euppbench/random/nn_knn@10seeds/7,0.93840670736005516,0.93840670736005516,0,True
single/euppbench/random/nn_knn@10seeds/8,0.95056174495063017,0.95056174495063017,0,True
single/euppbench/random/nn_knn@10seeds/9,0.94102738064845481,0.94102738064845481,0,True
seen/euppbench/nn_knn,0.82177064573560421,0.82177,6.4573560420999609e-07,True
scores/euppbench/random/nn_noemb/crps,0.942682443725954,0.942682443725954,0,True
scores/euppbench/random/nn_noemb/cov80,0.78680422605119482,0.78680422605119482,0,True
scores/euppbench/random/nn_noemb/spread_skill,0.94267449581061202,0.94267449581061202,0,True
scores/euppbench/random/nn_noemb/bias,0.062076285469011498,0.062076285469011498,0,True
scores/euppbench/random/nn_noemb/single_seed_mean,0.95548101313811917,0.95548101313811917,0,True
scores/euppbench/random/nn_noemb/single_seed_sd,0.0061009144728816,0.0061009144728816,0,True
single/euppbench/random/nn_noemb/0,0.95754094085657282,0.95754094085657282,0,True
single/euppbench/random/nn_noemb/1,0.96028531707798037,0.96028531707798037,0,True
single/euppbench/random/nn_noemb/2,0.94861678147980422,0.94861678147980422,0,True
scores/euppbench/random/nn_noemb@10seeds/crps,0.93850449710738604,0.93850449710738604,0,True
scores/euppbench/random/nn_noemb@10seeds/cov80,0.78869034957101325,0.78869034957101325,0,True
scores/euppbench/random/nn_noemb@10seeds/spread_skill,0.94527557373905835,0.94527557373905835,0,True
scores/euppbench/random/nn_noemb@10seeds/bias,0.062631333605317294,0.062631333605317294,0,True
scores/euppbench/random/nn_noemb@10seeds/single_seed_mean,0.95727281061910441,0.95727281061910441,0,True
scores/euppbench/random/nn_noemb@10seeds/single_seed_sd,0.0094100668140680993,0.0094100668140680993,5.2041704279304213e-17,True
single/euppbench/random/nn_noemb@10seeds/0,0.95754094085657282,0.95754094085657282,0,True
single/euppbench/random/nn_noemb@10seeds/1,0.96028531707798037,0.96028531707798037,0,True
single/euppbench/random/nn_noemb@10seeds/2,0.94861678147980422,0.94861678147980422,0,True
single/euppbench/random/nn_noemb@10seeds/3,0.93757065411692841,0.93757065411692841,2.2204460492503126e-16,True
single/euppbench/random/nn_noemb@10seeds/4,0.95825705101045522,0.95825705101045522,0,True
single/euppbench/random/nn_noemb@10seeds/5,0.96760030557002075,0.96760030557002075,0,True
single/euppbench/random/nn_noemb@10seeds/6,0.95652640345688744,0.95652640345688744,0,True
single/euppbench/random/nn_noemb@10seeds/7,0.97183276785716755,0.97183276785716755,0,True
single/euppbench/random/nn_noemb@10seeds/8,0.95875207541078344,0.95875207541078344,0,True
single/euppbench/random/nn_noemb@10seeds/9,0.95574580935444475,0.95574580935444475,0,True
seen/euppbench/nn_noemb,0.83508930387580615,0.83509,6.961241937331053e-07,True
scores/euppbench/random/nn_attr/crps,0.93922072405162604,0.93922072405162604,0,True
scores/euppbench/random/nn_attr/cov80,0.78571462336618692,0.78571462336618692,0,True
scores/euppbench/random/nn_attr/spread_skill,0.93496015142438305,0.93496015142438305,0,True
scores/euppbench/random/nn_attr/bias,0.039755743128706403,0.039755743128706403,0,True
scores/euppbench/random/nn_attr/single_seed_mean,0.97382807017861395,0.97382807017861395,1.1102230246251563e-16,True
scores/euppbench/random/nn_attr/single_seed_sd,0.019529240376273401,0.019529240376273401,2.0816681711721685e-17,True
single/euppbench/random/nn_attr/0,0.95181264005687416,0.95181264005687416,0,True
single/euppbench/random/nn_attr/1,0.98060709074941199,0.98060709074941199,1.1102230246251563e-16,True
single/euppbench/random/nn_attr/2,0.9890644797295558,0.9890644797295558,0,True
scores/euppbench/random/nn_attr@10seeds/crps,0.93679392343442158,0.93679392343442158,0,True
scores/euppbench/random/nn_attr@10seeds/cov80,0.78791746436928312,0.78791746436928312,0,True
scores/euppbench/random/nn_attr@10seeds/spread_skill,0.92956043699112556,0.92956043699112556,0,True
scores/euppbench/random/nn_attr@10seeds/bias,0.0532500591861935,0.0532500591861935,0,True
scores/euppbench/random/nn_attr@10seeds/single_seed_mean,0.97425266920229325,0.97425266920229281,2.2204460492503126e-16,True
scores/euppbench/random/nn_attr@10seeds/single_seed_sd,0.011533237108696,0.011533237108696,1.7347234759768075e-18,True
single/euppbench/random/nn_attr@10seeds/0,0.95181264005687416,0.95181264005687416,0,True
single/euppbench/random/nn_attr@10seeds/1,0.98060709074941199,0.98060709074941199,1.1102230246251563e-16,True
single/euppbench/random/nn_attr@10seeds/2,0.9890644797295558,0.9890644797295558,0,True
single/euppbench/random/nn_attr@10seeds/3,0.97810797213124956,0.97810797213124956,0,True
single/euppbench/random/nn_attr@10seeds/4,0.98525764092998758,0.98525764092998758,0,True
single/euppbench/random/nn_attr@10seeds/5,0.96786178036946036,0.96786178036946036,1.1102230246251563e-16,True
single/euppbench/random/nn_attr@10seeds/6,0.97146843274874595,0.97146843274874595,0,True
single/euppbench/random/nn_attr@10seeds/7,0.97639317151269145,0.97639317151269145,0,True
single/euppbench/random/nn_attr@10seeds/8,0.98154091166725477,0.98154091166725477,0,True
single/euppbench/random/nn_attr@10seeds/9,0.96041257212769782,0.96041257212769782,0,True
seen/euppbench/nn_attr,0.82852878209872127,0.82852999999999988,1.2179012786051049e-06,True
scores/euppbench/random/nn_hybrid/crps,0.93094981642482677,0.93094981642482677,0,True
scores/euppbench/random/nn_hybrid/cov80,0.79054574676782707,0.79054574676782707,0,True
scores/euppbench/random/nn_hybrid/spread_skill,0.93979885356744541,0.93979885356744541,0,True
scores/euppbench/random/nn_hybrid/bias,0.044536352404965097,0.044536352404965097,0,True
scores/euppbench/random/nn_hybrid/single_seed_mean,0.95250159765994724,0.95250159765994724,0,True
scores/euppbench/random/nn_hybrid/single_seed_sd,0.010257607604940299,0.010257607604940299,0,True
single/euppbench/random/nn_hybrid/0,0.94303403894690097,0.94303403894690097,0,True
single/euppbench/random/nn_hybrid/1,0.95107157033648781,0.95107157033648781,0,True
single/euppbench/random/nn_hybrid/2,0.96339918369645283,0.96339918369645283,0,True
scores/euppbench/random/nn_hybrid@10seeds/crps,0.92504335077439837,0.92504335077439837,0,True
scores/euppbench/random/nn_hybrid@10seeds/cov80,0.79491833888770713,0.79491833888770713,0,True
scores/euppbench/random/nn_hybrid@10seeds/spread_skill,0.94686113902909175,0.94686113902909175,0,True
scores/euppbench/random/nn_hybrid@10seeds/bias,0.052217107213709701,0.052217107213709701,0,True
scores/euppbench/random/nn_hybrid@10seeds/single_seed_mean,0.95052387774468683,0.95052387774468661,2.2204460492503126e-16,True
scores/euppbench/random/nn_hybrid@10seeds/single_seed_sd,0.0069251818627588998,0.0069251818627588998,3.469446951953615e-18,True
single/euppbench/random/nn_hybrid@10seeds/0,0.94303403894690097,0.94303403894690097,0,True
single/euppbench/random/nn_hybrid@10seeds/1,0.95107157033648781,0.95107157033648781,0,True
single/euppbench/random/nn_hybrid@10seeds/2,0.96339918369645283,0.96339918369645283,0,True
single/euppbench/random/nn_hybrid@10seeds/3,0.94823460955270444,0.94823460955270444,0,True
single/euppbench/random/nn_hybrid@10seeds/4,0.9462742840713404,0.9462742840713404,1.1102230246251563e-16,True
single/euppbench/random/nn_hybrid@10seeds/5,0.94506906949005676,0.94506906949005676,0,True
single/euppbench/random/nn_hybrid@10seeds/6,0.9529657486478772,0.9529657486478772,0,True
single/euppbench/random/nn_hybrid@10seeds/7,0.95951088424695286,0.95951088424695286,0,True
single/euppbench/random/nn_hybrid@10seeds/8,0.95309605745555726,0.95309605745555703,1.1102230246251563e-16,True
single/euppbench/random/nn_hybrid@10seeds/9,0.942583331002536,0.942583331002536,0,True
seen/euppbench/nn_hybrid,0.82589835003594547,0.82589999999999986,1.6499640543843339e-06,True
scores/euppbench/random/nn_hybrid_knn/crps,0.93131089081587437,0.93131089081587437,0,True
scores/euppbench/random/nn_hybrid_knn/cov80,0.79081755654825214,0.79081755654825214,0,True
scores/euppbench/random/nn_hybrid_knn/spread_skill,0.94022185967987559,0.94022185967987559,0,True
scores/euppbench/random/nn_hybrid_knn/bias,0.040282600013929998,0.040282600013929998,0,True
scores/euppbench/random/nn_hybrid_knn/single_seed_mean,0.95301349302237037,0.95301349302237037,0,True
scores/euppbench/random/nn_hybrid_knn/single_seed_sd,0.0104994859577892,0.0104994859577892,0,True
single/euppbench/random/nn_hybrid_knn/0,0.94279762662354638,0.94279762662354638,0,True
single/euppbench/random/nn_hybrid_knn/1,0.95246755492250001,0.95246755492250001,0,True
single/euppbench/random/nn_hybrid_knn/2,0.96377529752106483,0.96377529752106483,0,True
scores/euppbench/random/nn_hybrid_knn@10seeds/crps,0.92546772974457325,0.92546772974457325,0,True
scores/euppbench/random/nn_hybrid_knn@10seeds/cov80,0.79520196648467234,0.79520196648467234,0,True
scores/euppbench/random/nn_hybrid_knn@10seeds/spread_skill,0.94748690883195963,0.94748690883195963,0,True
scores/euppbench/random/nn_hybrid_knn@10seeds/bias,0.048173815042353699,0.048173815042353699,0,True
scores/euppbench/random/nn_hybrid_knn@10seeds/single_seed_mean,0.95108426067757035,0.95108426067757035,0,True
scores/euppbench/random/nn_hybrid_knn@10seeds/single_seed_sd,0.0067976345138613002,0.0067976345138613002,0,True
single/euppbench/random/nn_hybrid_knn@10seeds/0,0.94279762662354638,0.94279762662354638,0,True
single/euppbench/random/nn_hybrid_knn@10seeds/1,0.95246755492250001,0.95246755492250001,0,True
single/euppbench/random/nn_hybrid_knn@10seeds/2,0.96377529752106483,0.96377529752106483,0,True
single/euppbench/random/nn_hybrid_knn@10seeds/3,0.94935340992741624,0.94935340992741624,0,True
single/euppbench/random/nn_hybrid_knn@10seeds/4,0.946057404563032,0.946057404563032,0,True
single/euppbench/random/nn_hybrid_knn@10seeds/5,0.94651389459584423,0.94651389459584423,0,True
single/euppbench/random/nn_hybrid_knn@10seeds/6,0.95348937473194861,0.95348937473194861,0,True
single/euppbench/random/nn_hybrid_knn@10seeds/7,0.95969516960845436,0.95969516960845436,0,True
single/euppbench/random/nn_hybrid_knn@10seeds/8,0.95282690794643199,0.95282690794643199,0,True
single/euppbench/random/nn_hybrid_knn@10seeds/9,0.94386596633546516,0.94386596633546516,0,True
seen/euppbench/nn_hybrid_knn,0.82589835003594547,0.82589999999999986,1.6499640543843339e-06,True
scores/euppbench/random/nn_hybrid_res/crps,0.91341578757897235,0.91341578757897235,0,True
scores/euppbench/random/nn_hybrid_res/cov80,0.79277695053061992,0.79277695053061992,0,True
scores/euppbench/random/nn_hybrid_res/spread_skill,0.952658009980208,0.952658009980208,0,True
scores/euppbench/random/nn_hybrid_res/bias,0.072835528649963704,0.072835528649963704,0,True
scores/euppbench/random/nn_hybrid_res/single_seed_mean,0.92967399491899205,0.92967399491899205,0,True
scores/euppbench/random/nn_hybrid_res/single_seed_sd,0.0010210211380696,0.0010210211380696,0,True
single/euppbench/random/nn_hybrid_res/0,0.92850157603698924,0.92850157603698924,0,True
single/euppbench/random/nn_hybrid_res/1,0.93015268860195255,0.93015268860195255,0,True
single/euppbench/random/nn_hybrid_res/2,0.93036772011803481,0.93036772011803481,0,True
scores/euppbench/random/nn_hybrid_res@10seeds/crps,0.91265754294170076,0.91265754294170076,0,True
scores/euppbench/random/nn_hybrid_res@10seeds/cov80,0.79839514051383864,0.79839514051383864,0,True
scores/euppbench/random/nn_hybrid_res@10seeds/spread_skill,0.96047395228313204,0.96047395228313204,0,True
scores/euppbench/random/nn_hybrid_res@10seeds/bias,0.063481009434289803,0.063481009434289803,0,True
scores/euppbench/random/nn_hybrid_res@10seeds/single_seed_mean,0.93544558862823257,0.93544558862823257,0,True
scores/euppbench/random/nn_hybrid_res@10seeds/single_seed_sd,0.010978210174098601,0.010978210174098601,0,True
single/euppbench/random/nn_hybrid_res@10seeds/0,0.92850157603698924,0.92850157603698924,0,True
single/euppbench/random/nn_hybrid_res@10seeds/1,0.93015268860195255,0.93015268860195255,0,True
single/euppbench/random/nn_hybrid_res@10seeds/2,0.93036772011803481,0.93036772011803481,0,True
single/euppbench/random/nn_hybrid_res@10seeds/3,0.95293215799705555,0.95293215799705555,0,True
single/euppbench/random/nn_hybrid_res@10seeds/4,0.92941775789322323,0.92941775789322323,0,True
single/euppbench/random/nn_hybrid_res@10seeds/5,0.93874350609624402,0.93874350609624402,0,True
single/euppbench/random/nn_hybrid_res@10seeds/6,0.94461487428084479,0.94461487428084479,0,True
single/euppbench/random/nn_hybrid_res@10seeds/7,0.95159172358099642,0.95159172358099642,0,True
single/euppbench/random/nn_hybrid_res@10seeds/8,0.92766966216086821,0.92766966216086821,0,True
single/euppbench/random/nn_hybrid_res@10seeds/9,0.92046421951611823,0.92046421951611823,0,True
seen/euppbench/nn_hybrid_res,0.82292888438277445,0.82293000000000005,1.1156172255999408e-06,True
scores/euppbench/random/drn_lak/crps,0.91699481682854345,0.91699481682854345,0,True
scores/euppbench/random/drn_lak/cov80,0.84811505826183553,0.84811505826183553,0,True
scores/euppbench/random/drn_lak/spread_skill,1.0610202688128605,1.0610202688128605,0,True
scores/euppbench/random/drn_lak/bias,0.066262638777972394,0.066262638777972394,0,True
scores/euppbench/random/drn_lak/single_seed_mean,0.92292848958362517,0.92292848958362517,0,True
scores/euppbench/random/drn_lak/single_seed_sd,0.0010733451025733999,0.0010733451025733999,0,True
single/euppbench/random/drn_lak/0,0.92199705911409002,0.92199705911409002,0,True
single/euppbench/random/drn_lak/1,0.92268611042529636,0.92268611042529636,0,True
single/euppbench/random/drn_lak/2,0.92410229921148923,0.92410229921148923,0,True
scores/euppbench/random/gnn_geo/crps,0.94677819914029682,0.94677819914029682,0,True
scores/euppbench/random/gnn_geo/cov80,0.84346829279822255,0.84346829279822255,0,True
scores/euppbench/random/gnn_geo/spread_skill,1.0593037485290029,1.0593037485290029,0,True
scores/euppbench/random/gnn_geo/bias,0.094236566217020007,0.094236566217020007,0,True
scores/euppbench/random/gnn_geo/single_seed_mean,0.96692201581043524,0.96692201581043524,0,True
scores/euppbench/random/gnn_geo/single_seed_sd,0.0045723158927168999,0.0045723158927168999,0,True
single/euppbench/random/gnn_geo/0,0.9641516508915704,0.9641516508915704,0,True
single/euppbench/random/gnn_geo/1,0.97219948311106763,0.97219948311106763,0,True
single/euppbench/random/gnn_geo/2,0.96441491342866759,0.96441491342866759,0,True
scores/euppbench/random/samos_mlp/crps,0.91976770134826757,0.91976770134826757,0,True
scores/euppbench/random/samos_mlp/cov80,0.79614502824458155,0.79614502824458155,0,True
scores/euppbench/random/samos_mlp/spread_skill,0.95522632905188865,0.95522632905188865,0,True
scores/euppbench/random/samos_mlp/bias,0.040322316394989198,0.040322316394989198,0,True
scores/euppbench/random/samos_mlp/single_seed_mean,0.93805058602506175,0.93805058602506164,1.1102230246251563e-16,True
scores/euppbench/random/samos_mlp/single_seed_sd,0.006853621301855,0.0068536213018550998,7.9797279894933126e-17,True
single/euppbench/random/samos_mlp/0,0.93513081665996556,0.93513081665996556,0,True
single/euppbench/random/samos_mlp/1,0.93314035806416085,0.93314035806416085,2.2204460492503126e-16,True
single/euppbench/random/samos_mlp/2,0.94588058335105862,0.94588058335105862,0,True
scores/euppbench/random/samos_attn/crps,0.93637047974924381,0.93637047974924381,0,True
scores/euppbench/random/samos_attn/cov80,0.77676617268193515,0.77676617268193515,0,True
scores/euppbench/random/samos_attn/spread_skill,0.91721195085111884,0.91721195085111884,0,True
scores/euppbench/random/samos_attn/bias,0.063229642728501498,0.063229642728501498,0,True
scores/euppbench/random/samos_attn/single_seed_mean,0.95613682432283897,0.95613682432283897,0,True
scores/euppbench/random/samos_attn/single_seed_sd,0.020118976208244502,0.020118976208244502,0,True
single/euppbench/random/samos_attn/0,0.94498504780785475,0.94498504780785475,0,True
single/euppbench/random/samos_attn/1,0.94406330425914964,0.94406330425914964,0,True
single/euppbench/random/samos_attn/2,0.97936212090151276,0.97936212090151276,0,True
daily/euppbench/random/gnn_geo-nn_unk/crps_a,0.94677819914029682,0.94677800000000001,1.991402969192535e-07,True
daily/euppbench/random/gnn_geo-nn_unk/crps_b,0.92051141168709283,0.92051099999999997,4.116870929715688e-07,True
daily/euppbench/random/gnn_geo-nn_unk/diff_a_minus_b,0.026266787453203901,0.0262668,1.25467960118697e-08,True
daily/euppbench/random/gnn_geo-nn_unk/rel_diff_pct,2.8534993830291451,2.8534999999999999,6.1697085440570731e-07,True
daily/euppbench/random/gnn_geo-nn_unk/n_days,730,730,0,True
daily/euppbench/random/gnn_geo-nn_unk/dm_stat,15.042157869130095,15.042199999999999,4.2130869902123891e-05,True
daily/euppbench/random/gnn_geo-nn_unk/dm_p,0,0,0,True
daily/euppbench/random/gnn_geo-nn_unk/boot_lo,0.022925514748110401,0.022925500000000001,1.4748110496731748e-08,True
daily/euppbench/random/gnn_geo-nn_unk/boot_hi,0.029911537670031099,0.029911500000000001,3.7670031163838935e-08,True
daily/euppbench/random/gnn_geo-nn_knn/crps_a,0.94677819914029682,0.94677800000000001,1.991402969192535e-07,True
daily/euppbench/random/gnn_geo-nn_knn/crps_b,0.92759102473192445,0.92759100000000005,2.4731924397336517e-08,True
daily/euppbench/random/gnn_geo-nn_knn/diff_a_minus_b,0.0191871744083724,0.019187200000000001,2.5591627525467509e-08,True
daily/euppbench/random/gnn_geo-nn_knn/rel_diff_pct,2.0684950475795767,2.0684999999999998,4.9524204226436552e-06,True
daily/euppbench/random/gnn_geo-nn_knn/n_days,730,730,0,True
daily/euppbench/random/gnn_geo-nn_knn/dm_stat,7.797362082208168,7.7973600000000003,2.0822081676641342e-06,True
daily/euppbench/random/gnn_geo-nn_knn/dm_p,6.2172489379008774e-15,6.2172500000000006e-15,1.0620991231792088e-21,True
daily/euppbench/random/gnn_geo-nn_knn/boot_lo,0.0143461213165794,0.014346100000000001,2.131657943042764e-08,True
daily/euppbench/random/gnn_geo-nn_knn/boot_hi,0.024111529016625301,0.024111500000000001,2.9016625342076496e-08,True
daily/euppbench/random/gnn_geo-emos_bst_gl/crps_a,0.94677819914029682,0.94677800000000001,1.991402969192535e-07,True
daily/euppbench/random/gnn_geo-emos_bst_gl/crps_b,0.96250241466818864,0.96250199999999997,4.1466818867519356e-07,True
daily/euppbench/random/gnn_geo-emos_bst_gl/diff_a_minus_b,-0.015724215527891699,-0.015724200000000001,1.5527891715494402e-08,True
daily/euppbench/random/gnn_geo-emos_bst_gl/rel_diff_pct,-1.6336806316805452,-1.63368,6.3168054520446049e-07,True
daily/euppbench/random/gnn_geo-emos_bst_gl/n_days,730,730,0,True
daily/euppbench/random/gnn_geo-emos_bst_gl/dm_stat,-4.6330289546806922,-4.6330299999999998,1.0453193075576903e-06,True
daily/euppbench/random/gnn_geo-emos_bst_gl/dm_p,3.6035411563606345e-06,3.6035400000000001e-06,1.1563606343999069e-12,True
daily/euppbench/random/gnn_geo-emos_bst_gl/boot_lo,-0.022630531630353199,-0.022630500000000001,3.1630353263673028e-08,True
daily/euppbench/random/gnn_geo-emos_bst_gl/boot_hi,-0.0085852647690810007,-0.0085852600000000008,4.7690810293932168e-09,True
daily/euppbench/random/gnn_geo-drn_lak/crps_a,0.94677819914029682,0.94677800000000001,1.991402969192535e-07,True
daily/euppbench/random/gnn_geo-drn_lak/crps_b,0.91699481682854345,0.916995,1.8317145655810665e-07,True
daily/euppbench/random/gnn_geo-drn_lak/diff_a_minus_b,0.029783382311753401,0.029783400000000002,1.768824652026435e-08,True
daily/euppbench/random/gnn_geo-drn_lak/rel_diff_pct,3.2479335504600022,3.2479300000000002,3.550460002443856e-06,True
daily/euppbench/random/gnn_geo-drn_lak/n_days,730,730,0,True
daily/euppbench/random/gnn_geo-drn_lak/dm_stat,20.089853509983381,20.0899,4.6490016618605523e-05,True
daily/euppbench/random/gnn_geo-drn_lak/dm_p,0,0,0,True
daily/euppbench/random/gnn_geo-drn_lak/boot_lo,0.026910435723524001,0.026910400000000001,3.5723524003522522e-08,True
daily/euppbench/random/gnn_geo-drn_lak/boot_hi,0.033037586045101403,0.0330376,1.3954898514523252e-08,True
daily/euppbench/random/drn_lak-nn_noemb/crps_a,0.91699481682854345,0.916995,1.8317145655810665e-07,True
daily/euppbench/random/drn_lak-nn_noemb/crps_b,0.942682443725954,0.94268200000000002,4.4372595409125642e-07,True
daily/euppbench/random/drn_lak-nn_noemb/diff_a_minus_b,-0.025687626897410599,-0.025687600000000001,2.6897410663334623e-08,True
daily/euppbench/random/drn_lak-nn_noemb/rel_diff_pct,-2.7249501747248277,-2.7249500000000002,1.7472482705116477e-07,True
daily/euppbench/random/drn_lak-nn_noemb/n_days,730,730,0,True
daily/euppbench/random/drn_lak-nn_noemb/dm_stat,-13.962013961928749,-13.962,1.3961928747363572e-05,True
daily/euppbench/random/drn_lak-nn_noemb/dm_p,0,0,0,True
daily/euppbench/random/drn_lak-nn_noemb/boot_lo,-0.029179315932629901,-0.029179299999999901,1.5932629944537258e-08,True
daily/euppbench/random/drn_lak-nn_noemb/boot_hi,-0.021900997550562001,-0.021901,2.4494379059769585e-09,True
daily/euppbench/random/drn_lak-nn_unk/crps_a,0.91699481682854345,0.916995,1.8317145655810665e-07,True
daily/euppbench/random/drn_lak-nn_unk/crps_b,0.92051141168709283,0.92051099999999997,4.116870929715688e-07,True
daily/euppbench/random/drn_lak-nn_unk/diff_a_minus_b,-0.0035165948585494,-0.00351659,4.8585494932806839e-09,True
daily/euppbench/random/drn_lak-nn_unk/rel_diff_pct,-0.38202620998519782,-0.38202599999999992,2.0998519789650061e-07,True
daily/euppbench/random/drn_lak-nn_unk/n_days,730,730,0,True
daily/euppbench/random/drn_lak-nn_unk/dm_stat,-2.2878580711871321,-2.2878599999999998,1.9288128676464567e-06,True
daily/euppbench/random/drn_lak-nn_unk/dm_p,0.022145787730001001,0.0221458,1.2269998912739501e-08,True
daily/euppbench/random/drn_lak-nn_unk/boot_lo,-0.0066554693897189002,-0.0066554700000000001,6.1028107307264923e-10,True
daily/euppbench/random/drn_lak-nn_unk/boot_hi,-0.000561864230623,-0.00056186400000000003,2.306230107058937e-10,True
daily/euppbench/random/drn_lak-emos_bst_gl/crps_a,0.91699481682854345,0.916995,1.8317145655810665e-07,True
daily/euppbench/random/drn_lak-emos_bst_gl/crps_b,0.96250241466818864,0.96250199999999997,4.1466818867519356e-07,True
daily/euppbench/random/drn_lak-emos_bst_gl/diff_a_minus_b,-0.0455075978396451,-0.045507600000000002,2.1603548047699483e-09,True
daily/euppbench/random/drn_lak-emos_bst_gl/rel_diff_pct,-4.7280502517319292,-4.7280499999999996,2.51731930411836e-07,True
daily/euppbench/random/drn_lak-emos_bst_gl/n_days,730,730,0,True
daily/euppbench/random/drn_lak-emos_bst_gl/dm_stat,-12.193727494912997,-12.1937,2.7494912997028109e-05,True
daily/euppbench/random/drn_lak-emos_bst_gl/dm_p,0,0,0,True
daily/euppbench/random/drn_lak-emos_bst_gl/boot_lo,-0.053408670237493502,-0.053408700000000003,2.9762506500996544e-08,True
daily/euppbench/random/drn_lak-emos_bst_gl/boot_hi,-0.037889216595882201,-0.037889199999999901,1.6595882272596452e-08,True
daily/euppbench/random/samos_attn-nn_unk/crps_a,0.93637047974924381,0.93637000000000004,4.7974924377580663e-07,True
daily/euppbench/random/samos_attn-nn_unk/crps_b,0.92051141168709283,0.92051099999999997,4.116870929715688e-07,True
daily/euppbench/random/samos_attn-nn_unk/diff_a_minus_b,0.015859068062150799,0.015859100000000001,3.1937849129248803e-08,True
daily/euppbench/random/samos_attn-nn_unk/rel_diff_pct,1.7228540418727345,1.72285,4.041872734505958e-06,True
daily/euppbench/random/samos_attn-nn_unk/n_days,730,730,0,True
daily/euppbench/random/samos_attn-nn_unk/dm_stat,5.302873413881831,5.3028700000000004,3.4138818305606837e-06,True
daily/euppbench/random/samos_attn-nn_unk/dm_p,1.1399397092937137e-07,1.1399400000000001e-07,2.9070628637250028e-14,True
daily/euppbench/random/samos_attn-nn_unk/boot_lo,0.0101332454907678,0.0101332,4.5490767885264522e-08,True
daily/euppbench/random/samos_attn-nn_unk/boot_hi,0.0226177360589753,0.022617700000000001,3.6058975395880655e-08,True
daily/euppbench/random/samos_attn-nn_knn/crps_a,0.93637047974924381,0.93637000000000004,4.7974924377580663e-07,True
daily/euppbench/random/samos_attn-nn_knn/crps_b,0.92759102473192445,0.92759100000000005,2.4731924397336517e-08,True
daily/euppbench/random/samos_attn-nn_knn/diff_a_minus_b,0.0087794550173193008,0.0087794599999999005,4.9826806396147116e-09,True
daily/euppbench/random/samos_attn-nn_knn/rel_diff_pct,0.94647908218565835,0.94647899999999996,8.2185658389910543e-08,True
daily/euppbench/random/samos_attn-nn_knn/n_days,730,730,0,True
daily/euppbench/random/samos_attn-nn_knn/dm_stat,2.907882565096509,2.90788,2.5650965089774047e-06,True
daily/euppbench/random/samos_attn-nn_knn/dm_p,0.0036388495738791998,0.0036388499999999002,4.2612072290865166e-10,True
daily/euppbench/random/samos_attn-nn_knn/boot_lo,0.0030518761388285002,0.0030518799999999001,3.8611714767329552e-09,True
daily/euppbench/random/samos_attn-nn_knn/boot_hi,0.0153518536282465,0.0153519,4.6371753492646655e-08,True
daily/euppbench/random/samos_attn-emos_bst_gl/crps_a,0.93637047974924381,0.93637000000000004,4.7974924377580663e-07,True
daily/euppbench/random/samos_attn-emos_bst_gl/crps_b,0.96250241466818864,0.96250199999999997,4.1466818867519356e-07,True
daily/euppbench/random/samos_attn-emos_bst_gl/diff_a_minus_b,-0.026131934918944801,-0.0261319,3.49189448328735e-08,True
daily/euppbench/random/samos_attn-emos_bst_gl/rel_diff_pct,-2.7149994141005385,-2.7149999999999999,5.8589946139164805e-07,True
daily/euppbench/random/samos_attn-emos_bst_gl/n_days,730,730,0,True
daily/euppbench/random/samos_attn-emos_bst_gl/dm_stat,-5.2886555385180598,-5.2886600000000001,4.4614819403321349e-06,True
daily/euppbench/random/samos_attn-emos_bst_gl/dm_p,1.2321868592124474e-07,1.2321900000000001e-07,3.1407875527138369e-13,True
daily/euppbench/random/samos_attn-emos_bst_gl/boot_lo,-0.035929065664076699,-0.035929099999999901,3.4335923292105885e-08,True
daily/euppbench/random/samos_attn-emos_bst_gl/boot_hi,-0.015840402937430401,-0.015840400000000001,2.937430472471636e-09,True
daily/euppbench/random/samos_attn-nn_noemb/crps_a,0.93637047974924381,0.93637000000000004,4.7974924377580663e-07,True
daily/euppbench/random/samos_attn-nn_noemb/crps_b,0.942682443725954,0.94268200000000002,4.4372595409125642e-07,True
daily/euppbench/random/samos_attn-nn_noemb/diff_a_minus_b,-0.0063119639767102,-0.0063119600000000001,3.9767102995996728e-09,True
daily/euppbench/random/samos_attn-nn_noemb/rel_diff_pct,-0.6695747882778269,-0.66957500000000003,2.1172217312681601e-07,True
daily/euppbench/random/samos_attn-nn_noemb/n_days,730,730,0,True
daily/euppbench/random/samos_attn-nn_noemb/dm_stat,-1.9800244077758296,-1.9800199999999999,4.4077758298843853e-06,True
daily/euppbench/random/samos_attn-nn_noemb/dm_p,0.047700786138221901,0.047700800000000002,1.3861778072610242e-08,True
daily/euppbench/random/samos_attn-nn_noemb/boot_lo,-0.0121984442479192,-0.0121984,4.4247919248757706e-08,True
daily/euppbench/random/samos_attn-nn_noemb/boot_hi,0.00079806993041620002,0.00079807000000000001,6.9583705551018449e-11,True
daily/euppbench/random/samos_attn-nn_hybrid/crps_a,0.93637047974924381,0.93637000000000004,4.7974924377580663e-07,True
daily/euppbench/random/samos_attn-nn_hybrid/crps_b,0.93094981642482677,0.93095000000000006,1.8357517306277771e-07,True
daily/euppbench/random/samos_attn-nn_hybrid/diff_a_minus_b,0.0054206633244167999,0.0054206599999999001,3.3244168190851849e-09,True
daily/euppbench/random/samos_attn-nn_hybrid/rel_diff_pct,0.5822723447364897,0.58227200000000001,3.4473648968802451e-07,True
daily/euppbench/random/samos_attn-nn_hybrid/n_days,730,730,0,True
daily/euppbench/random/samos_attn-nn_hybrid/dm_stat,2.3093708898160967,2.3093699999999999,8.8981609680516282e-07,True
daily/euppbench/random/samos_attn-nn_hybrid/dm_p,0.0209230089533636,0.020923000000000001,8.9533636303540371e-09,True
daily/euppbench/random/samos_attn-nn_hybrid/boot_lo,0.00095641227579579995,0.00095641200000000002,2.7579582682294568e-10,True
daily/euppbench/random/samos_attn-nn_hybrid/boot_hi,0.0107240450988066,0.0107239999999999,4.5098806664839446e-08,True
daily/euppbench/random/samos_attn-nn_hybrid_res/crps_a,0.93637047974924381,0.93637000000000004,4.7974924377580663e-07,True
daily/euppbench/random/samos_attn-nn_hybrid_res/crps_b,0.91341578757897235,0.91341600000000001,2.1242102754559514e-07,True
daily/euppbench/random/samos_attn-nn_hybrid_res/diff_a_minus_b,0.022954692170271299,0.022954700000000001,7.829728650154964e-09,True
daily/euppbench/random/samos_attn-nn_hybrid_res/rel_diff_pct,2.5130605888817881,2.5130599999999998,5.8888178822158476e-07,True
daily/euppbench/random/samos_attn-nn_hybrid_res/n_days,730,730,0,True
daily/euppbench/random/samos_attn-nn_hybrid_res/dm_stat,8.3933884426982406,8.3933900000000001,1.5573017613235152e-06,True
daily/euppbench/random/samos_attn-nn_hybrid_res/dm_p,0,0,0,True
daily/euppbench/random/samos_attn-nn_hybrid_res/boot_lo,0.017822012617392999,0.017822000000000001,1.2617393019276337e-08,True
daily/euppbench/random/samos_attn-nn_hybrid_res/boot_hi,0.029070868491256299,0.0290709,3.1508743683628104e-08,True
daily/euppbench/random/samos_attn-drn_lak/crps_a,0.93637047974924381,0.93637000000000004,4.7974924377580663e-07,True
daily/euppbench/random/samos_attn-drn_lak/crps_b,0.91699481682854345,0.916995,1.8317145655810665e-07,True
daily/euppbench/random/samos_attn-drn_lak/diff_a_minus_b,0.019375662920700299,0.019375699999999899,3.7079299634174001e-08,True
daily/euppbench/random/samos_attn-drn_lak/rel_diff_pct,2.1129522833849501,2.1129500000000001,2.2833849500081271e-06,True
daily/euppbench/random/samos_attn-drn_lak/n_days,730,730,0,True
daily/euppbench/random/samos_attn-drn_lak/dm_stat,5.7468617807815834,5.7468599999999999,1.7807815826387241e-06,True
daily/euppbench/random/samos_attn-drn_lak/dm_p,9.0914986650147966e-09,9.0914999999999991e-09,1.3349852040669165e-15,True
daily/euppbench/random/samos_attn-drn_lak/boot_lo,0.0127851611885686,0.0127852,3.8811431360419313e-08,True
daily/euppbench/random/samos_attn-drn_lak/boot_hi,0.0268158559587604,0.0268159,4.4041239502523595e-08,True
daily/euppbench/random/samos_attn-gnn_geo/crps_a,0.93637047974924381,0.93637000000000004,4.7974924377580663e-07,True
daily/euppbench/random/samos_attn-gnn_geo/crps_b,0.94677819914029682,0.94677800000000001,1.991402969192535e-07,True
daily/euppbench/random/samos_attn-gnn_geo/diff_a_minus_b,-0.010407719391053101,-0.010407700000000001,1.9391053115644371e-08,True
daily/euppbench/random/samos_attn-gnn_geo/rel_diff_pct,-1.0992774654616675,-1.09928,2.5345383323216453e-06,True
daily/euppbench/random/samos_attn-gnn_geo/n_days,730,730,0,True
daily/euppbench/random/samos_attn-gnn_geo/dm_stat,-3.618914514103881,-3.6189100000000001,4.5141038804707989e-06,True
daily/euppbench/random/samos_attn-gnn_geo/dm_p,0.00029584133729789998,0.00029584099999990001,3.3729798625372129e-10,True
daily/euppbench/random/samos_attn-gnn_geo/boot_lo,-0.0159848787903384,-0.0159849,2.1209661516669032e-08,True
daily/euppbench/random/samos_attn-gnn_geo/boot_hi,-0.0041684142909557001,-0.00416841,4.2909557807987997e-09,True
daily/euppbench/random/samos_attn-samos_mlp/crps_a,0.93637047974924381,0.93637000000000004,4.7974924377580663e-07,True
daily/euppbench/random/samos_attn-samos_mlp/crps_b,0.91976770134826757,0.91976800000000003,2.9865173234444603e-07,True
daily/euppbench/random/samos_attn-samos_mlp/diff_a_minus_b,0.016602778400976102,0.016602800000000001,2.1599023874996348e-08,True
daily/euppbench/random/samos_attn-samos_mlp/rel_diff_pct,1.8051056127148744,1.80511,4.3872851254178605e-06,True
daily/euppbench/random/samos_attn-samos_mlp/n_days,730,730,0,True
daily/euppbench/random/samos_attn-samos_mlp/dm_stat,8.1563234197206143,8.1563199999999991,3.4197206151276305e-06,True
daily/euppbench/random/samos_attn-samos_mlp/dm_p,4.4408920985006252e-16,4.4408899999999997e-16,2.0985006259974639e-22,True
daily/euppbench/random/samos_attn-samos_mlp/boot_lo,0.0127911351385362,0.0127911,3.513853629941166e-08,True
daily/euppbench/random/samos_attn-samos_mlp/boot_hi,0.021148924238861,0.021148900000000002,2.4238861005138057e-08,True
BH/euppbench/random/gnn_geo-nn_unk,1,1,0,True
BH/euppbench/random/gnn_geo-nn_knn,1,1,0,True
BH/euppbench/random/gnn_geo-emos_bst_gl,1,1,0,True
BH/euppbench/random/gnn_geo-drn_lak,1,1,0,True
BH/euppbench/random/drn_lak-nn_noemb,1,1,0,True
BH/euppbench/random/drn_lak-nn_unk,1,1,0,True
BH/euppbench/random/drn_lak-emos_bst_gl,1,1,0,True
original_tests/euppbench/random/nn_hybrid-emos_gl/crps_a,0.92504335077439837,0.92504299999999995,3.5077439841657565e-07,True
original_tests/euppbench/random/nn_hybrid-emos_gl/crps_b,1.1139285333445823,1.1139300000000001,1.4666554175590818e-06,True
original_tests/euppbench/random/nn_hybrid-emos_gl/diff_a_minus_b,-0.18888518257018411,-0.188885,1.8257018416512061e-07,True
original_tests/euppbench/random/nn_hybrid-emos_gl/rel_diff_pct,-16.956669742811449,-16.956700000000001,3.0257188551985337e-05,True
original_tests/euppbench/random/nn_hybrid-emos_gl/dm_stat,-25.39394331285645,-25.393899999999999,4.3312856451649402e-05,True
original_tests/euppbench/random/nn_hybrid-emos_gl/dm_p,0,0,0,True
original_tests/euppbench/random/nn_hybrid-emos_gl/boot_lo,-0.2030281632399249,-0.2030279999999999,1.6323992493849637e-07,True
original_tests/euppbench/random/nn_hybrid-emos_gl/boot_hi,-0.17335349712670101,-0.17335300000000001,4.9712670105450663e-07,True
original_tests/euppbench/random/nn_hybrid-emos_gl/n_stations,117,117,0,True
original_tests/euppbench/random/nn_hybrid-emos_gl/frac_st_a_better_BH,0.85470085470085455,0.85470100000000004,1.4529914538208288e-07,True
original_tests/euppbench/random/nn_hybrid-emos_gl/frac_st_a_worse_BH,0.085470085470085402,0.085470099999999896,1.4529914521554945e-08,True
original_tests/euppbench/random/nn_hybrid-emos_bst_gl/crps_a,0.92504335077439837,0.92504299999999995,3.5077439841657565e-07,True
original_tests/euppbench/random/nn_hybrid-emos_bst_gl/crps_b,0.96250241466818864,0.96250199999999997,4.1466818867519356e-07,True
original_tests/euppbench/random/nn_hybrid-emos_bst_gl/diff_a_minus_b,-0.037459063893790202,-0.037459100000000002,3.6106209723441036e-08,True
original_tests/euppbench/random/nn_hybrid-emos_bst_gl/rel_diff_pct,-3.8918410305187505,-3.8918400000000002,1.0305187498893531e-06,True
original_tests/euppbench/random/nn_hybrid-emos_bst_gl/dm_stat,-9.1987432920089347,-9.1987400000000008,3.2920089338972502e-06,True
original_tests/euppbench/random/nn_hybrid-emos_bst_gl/dm_p,0,0,0,True
original_tests/euppbench/random/nn_hybrid-emos_bst_gl/boot_lo,-0.045725863766361098,-0.0457259,3.623363887400588e-08,True
original_tests/euppbench/random/nn_hybrid-emos_bst_gl/boot_hi,-0.029183445446921499,-0.029183400000000002,4.5446921580205579e-08,True
original_tests/euppbench/random/nn_hybrid-emos_bst_gl/n_stations,117,117,0,True
original_tests/euppbench/random/nn_hybrid-emos_bst_gl/frac_st_a_better_BH,0.7350427350427351,0.735043,2.6495726490605165e-07,True
original_tests/euppbench/random/nn_hybrid-emos_bst_gl/frac_st_a_worse_BH,0.17094017094017089,0.17094000000000001,1.709401709348857e-07,True
original_tests/euppbench/random/nn_hybrid-nn_unk/crps_a,0.92504335077439837,0.92504299999999995,3.5077439841657565e-07,True
original_tests/euppbench/random/nn_hybrid-nn_unk/crps_b,0.91216720250165184,0.91216699999999995,2.025016518913958e-07,True
original_tests/euppbench/random/nn_hybrid-nn_unk/diff_a_minus_b,0.012876148272746499,0.0128761,4.8272746524039012e-08,True
original_tests/euppbench/random/nn_hybrid-nn_unk/rel_diff_pct,1.4115995661138967,1.4116,4.3388610304617714e-07,True
original_tests/euppbench/random/nn_hybrid-nn_unk/dm_stat,14.730751435013596,14.7308,4.8564986403931698e-05,True
original_tests/euppbench/random/nn_hybrid-nn_unk/dm_p,0,0,0,True
original_tests/euppbench/random/nn_hybrid-nn_unk/boot_lo,0.011105495053237499,0.011105500000000001,4.946762471869092e-09,True
original_tests/euppbench/random/nn_hybrid-nn_unk/boot_hi,0.014711165407399401,0.014711200000000001,3.4592600558353004e-08,True
original_tests/euppbench/random/nn_hybrid-nn_unk/n_stations,117,117,0,True
original_tests/euppbench/random/nn_hybrid-nn_unk/frac_st_a_better_BH,0.41880341880341881,0.41880299999999993,4.1880341883349109e-07,True
original_tests/euppbench/random/nn_hybrid-nn_unk/frac_st_a_worse_BH,0.41880341880341881,0.41880299999999993,4.1880341883349109e-07,True
original_tests/euppbench/random/nn_hybrid-nn_knn/crps_a,0.92504335077439837,0.92504299999999995,3.5077439841657565e-07,True
original_tests/euppbench/random/nn_hybrid-nn_knn/crps_b,0.91904534844357555,0.919045,3.4844357554852934e-07,True
original_tests/euppbench/random/nn_hybrid-nn_knn/diff_a_minus_b,0.0059980023308228003,0.0059979999999999001,2.3308228160046074e-09,True
original_tests/euppbench/random/nn_hybrid-nn_knn/rel_diff_pct,0.65263399036625813,0.65263400000000005,9.6337419153158521e-09,True
original_tests/euppbench/random/nn_hybrid-nn_knn/dm_stat,2.8596751532232814,2.85968,4.8467767186366473e-06,True
original_tests/euppbench/random/nn_hybrid-nn_knn/dm_p,0.0042407516107699997,0.0042407499999999,1.6107700884920859e-09,True
original_tests/euppbench/random/nn_hybrid-nn_knn/boot_lo,0.0017670813740268,0.0017670800000000001,1.3740268378376747e-09,True
original_tests/euppbench/random/nn_hybrid-nn_knn/boot_hi,0.010061396283441,0.0100614,3.7165589390764087e-09,True
original_tests/euppbench/random/nn_hybrid-nn_knn/n_stations,117,117,0,True
original_tests/euppbench/random/nn_hybrid-nn_knn/frac_st_a_better_BH,0.40170940170940173,0.40170899999999993,4.0170940174277803e-07,True
original_tests/euppbench/random/nn_hybrid-nn_knn/frac_st_a_worse_BH,0.44444444444444442,0.44444400000000001,4.444444444140494e-07,True
original_tests/euppbench/random/nn_hybrid-nn_noemb/crps_a,0.92504335077439837,0.92504299999999995,3.5077439841657565e-07,True
original_tests/euppbench/random/nn_hybrid-nn_noemb/crps_b,0.93850449710738604,0.938504,4.9710738603270244e-07,True
original_tests/euppbench/random/nn_hybrid-nn_noemb/diff_a_minus_b,-0.0134611463329876,-0.0134611,4.6332987672231818e-08,True
original_tests/euppbench/random/nn_hybrid-nn_noemb/rel_diff_pct,-1.4343187885062836,-1.43432,1.2114937164575681e-06,True
original_tests/euppbench/random/nn_hybrid-nn_noemb/dm_stat,-13.296458723502225,-13.2965,4.1276497777076322e-05,True
original_tests/euppbench/random/nn_hybrid-nn_noemb/dm_p,0,0,0,True
original_tests/euppbench/random/nn_hybrid-nn_noemb/boot_lo,-0.0153866050240349,-0.0153866,5.0240349623587025e-09,True
original_tests/euppbench/random/nn_hybrid-nn_noemb/boot_hi,-0.011262356225169801,-0.011262400000000001,4.3774830128795454e-08,True
original_tests/euppbench/random/nn_hybrid-nn_noemb/n_stations,117,117,0,True
original_tests/euppbench/random/nn_hybrid-nn_noemb/frac_st_a_better_BH,0.52991452991452992,0.52991500000000002,4.7008547010563012e-07,True
original_tests/euppbench/random/nn_hybrid-nn_noemb/frac_st_a_worse_BH,0.19658119658119649,0.19658100000000001,1.9658119657095521e-07,True
original_tests/euppbench/random/nn_hybrid-nn_attr/crps_a,0.92504335077439837,0.92504299999999995,3.5077439841657565e-07,True
original_tests/euppbench/random/nn_hybrid-nn_attr/crps_b,0.93679392343442158,0.93679400000000002,7.6565578321918779e-08,True
original_tests/euppbench/random/nn_hybrid-nn_attr/diff_a_minus_b,-0.011750572660023301,-0.0117506,2.7339976671481026e-08,True
original_tests/euppbench/random/nn_hybrid-nn_attr/rel_diff_pct,-1.2543391204913099,-1.25434,8.7950868987718422e-07,True
original_tests/euppbench/random/nn_hybrid-nn_attr/dm_stat,-14.546769588193586,-14.546799999999999,3.041180641361052e-05,True
original_tests/euppbench/random/nn_hybrid-nn_attr/dm_p,0,0,0,True
original_tests/euppbench/random/nn_hybrid-nn_attr/boot_lo,-0.013469566440092499,-0.0134696,3.3559907474528528e-08,True
original_tests/euppbench/random/nn_hybrid-nn_attr/boot_hi,-0.0101283524957068,-0.0101283999999999,4.7504293144984278e-08,True
original_tests/euppbench/random/nn_hybrid-nn_attr/n_stations,117,117,0,True
original_tests/euppbench/random/nn_hybrid-nn_attr/frac_st_a_better_BH,0.41025641025641019,0.41025600000000001,4.1025641023262338e-07,True
original_tests/euppbench/random/nn_hybrid-nn_attr/frac_st_a_worse_BH,0.36752136752136749,0.36752099999999988,3.6752136756135201e-07,True
original_tests/euppbench/random/nn_hybrid-raw_ensemble_gauss/crps_a,0.92504335077439837,0.92504299999999995,3.5077439841657565e-07,True
original_tests/euppbench/random/nn_hybrid-raw_ensemble_gauss/crps_b,1.211297738153134,1.2113,2.2618468660251523e-06,True
original_tests/euppbench/random/nn_hybrid-raw_ensemble_gauss/diff_a_minus_b,-0.2862543873787356,-0.28625400000000001,3.8737873564453917e-07,True
original_tests/euppbench/random/nn_hybrid-raw_ensemble_gauss/rel_diff_pct,-23.632041764990639,-23.632000000000001,4.1764990641013362e-05,True
original_tests/euppbench/random/nn_hybrid-raw_ensemble_gauss/dm_stat,-29.118648941162583,-29.118600000000001,4.8941162582138986e-05,True
original_tests/euppbench/random/nn_hybrid-raw_ensemble_gauss/dm_p,0,0,0,True
original_tests/euppbench/random/nn_hybrid-raw_ensemble_gauss/boot_lo,-0.30699051720044579,-0.30699100000000001,4.8279955416896669e-07,True
original_tests/euppbench/random/nn_hybrid-raw_ensemble_gauss/boot_hi,-0.26686580615514383,-0.26686599999999988,1.9384485611118049e-07,True
original_tests/euppbench/random/nn_hybrid-raw_ensemble_gauss/n_stations,117,117,0,True
original_tests/euppbench/random/nn_hybrid-raw_ensemble_gauss/frac_st_a_better_BH,0.89743589743589736,0.89743600000000001,1.0256410254427807e-07,True
original_tests/euppbench/random/nn_hybrid-raw_ensemble_gauss/frac_st_a_worse_BH,0.017094017094016999,0.017094000000000002,1.7094017094182457e-08,True
original_tests/euppbench/random/nn_hybrid-nn_hybrid_res/crps_a,0.92504335077439837,0.92504299999999995,3.5077439841657565e-07,True
original_tests/euppbench/random/nn_hybrid-nn_hybrid_res/crps_b,0.91265754294170076,0.91265799999999997,4.5705829920805746e-07,True
original_tests/euppbench/random/nn_hybrid-nn_hybrid_res/diff_a_minus_b,0.012385807832697601,0.012385800000000001,7.8326976033632478e-09,True
original_tests/euppbench/random/nn_hybrid-nn_hybrid_res/rel_diff_pct,1.3571144980378147,1.35711,4.498037814659738e-06,True
original_tests/euppbench/random/nn_hybrid-nn_hybrid_res/dm_stat,20.714661435772577,20.714700000000001,3.8564227423876218e-05,True
original_tests/euppbench/random/nn_hybrid-nn_hybrid_res/dm_p,0,0,0,True
original_tests/euppbench/random/nn_hybrid-nn_hybrid_res/boot_lo,0.0111680988825001,0.0111681,1.1174998773566536e-09,True
original_tests/euppbench/random/nn_hybrid-nn_hybrid_res/boot_hi,0.0136253712199673,0.0136253999999999,2.8780032643518919e-08,True
original_tests/euppbench/random/nn_hybrid-nn_hybrid_res/n_stations,117,117,0,True
original_tests/euppbench/random/nn_hybrid-nn_hybrid_res/frac_st_a_better_BH,0.29059829059829062,0.29059800000000002,2.9059829059763237e-07,True
original_tests/euppbench/random/nn_hybrid-nn_hybrid_res/frac_st_a_worse_BH,0.45299145299145288,0.45299099999999992,4.5299145301491706e-07,True
original_tests/euppbench/random/nn_hybrid-nn_hybrid_knn/crps_a,0.92504335077439837,0.92504299999999995,3.5077439841657565e-07,True
original_tests/euppbench/random/nn_hybrid-nn_hybrid_knn/crps_b,0.92546772974457325,0.92546799999999996,2.7025542670422453e-07,True
original_tests/euppbench/random/nn_hybrid-nn_hybrid_knn/diff_a_minus_b,-0.00042437897017479998,-0.00042437900000000001,2.9825112106592049e-11,True
original_tests/euppbench/random/nn_hybrid-nn_hybrid_knn/rel_diff_pct,-0.0458556205187199,-0.045855600000000003,2.0518719938411589e-08,True
original_tests/euppbench/random/nn_hybrid-nn_hybrid_knn/dm_stat,-1.8676399920046769,-1.86764,7.9953232923202222e-09,True
original_tests/euppbench/random/nn_hybrid-nn_hybrid_knn/dm_p,0.061812268122866901,0.061812300000000001,3.1877133002677915e-08,True
original_tests/euppbench/random/nn_hybrid-nn_hybrid_knn/boot_lo,-0.00092434797806230005,-0.0009243479999999,2.193761502750774e-11,True
original_tests/euppbench/random/nn_hybrid-nn_hybrid_knn/boot_hi,3.0826185163191026e-05,3.08262e-05,1.483680897324674e-11,True
original_tests/euppbench/random/nn_hybrid-nn_hybrid_knn/n_stations,117,117,0,True
original_tests/euppbench/random/nn_hybrid-nn_hybrid_knn/frac_st_a_better_BH,0.41880341880341881,0.41880299999999993,4.1880341883349109e-07,True
original_tests/euppbench/random/nn_hybrid-nn_hybrid_knn/frac_st_a_worse_BH,0.3931623931623931,0.39316200000000001,3.9316239314191042e-07,True
original_tests/euppbench/random/nn_noemb-emos_gl/crps_a,0.93850449710738604,0.938504,4.9710738603270244e-07,True
original_tests/euppbench/random/nn_noemb-emos_gl/crps_b,1.1139285333445823,1.1139300000000001,1.4666554175590818e-06,True
original_tests/euppbench/random/nn_noemb-emos_gl/diff_a_minus_b,-0.17542403623719641,-0.175424,3.6237196493482671e-08,True
original_tests/euppbench/random/nn_noemb-emos_gl/rel_diff_pct,-15.748230787345385,-15.748200000000001,3.0787345384197806e-05,True
original_tests/euppbench/random/nn_noemb-emos_gl/dm_stat,-24.249688106484729,-24.249700000000001,1.1893515274863375e-05,True
original_tests/euppbench/random/nn_noemb-emos_gl/dm_p,0,0,0,True
original_tests/euppbench/random/nn_noemb-emos_gl/boot_lo,-0.1894553540439014,-0.18945500000000001,3.5404390141824399e-07,True
original_tests/euppbench/random/nn_noemb-emos_gl/boot_hi,-0.160542777133697,-0.16054299999999991,2.228663029679723e-07,True
original_tests/euppbench/random/nn_noemb-emos_gl/n_stations,117,117,0,True
original_tests/euppbench/random/nn_noemb-emos_gl/frac_st_a_better_BH,0.85470085470085455,0.85470100000000004,1.4529914538208288e-07,True
original_tests/euppbench/random/nn_noemb-emos_gl/frac_st_a_worse_BH,0.0769230769230769,0.076923099999999897,2.3076923066911448e-08,True
original_tests/euppbench/random/nn_noemb-emos_bst_gl/crps_a,0.93850449710738604,0.938504,4.9710738603270244e-07,True
original_tests/euppbench/random/nn_noemb-emos_bst_gl/crps_b,0.96250241466818864,0.96250199999999997,4.1466818867519356e-07,True
original_tests/euppbench/random/nn_noemb-emos_bst_gl/diff_a_minus_b,-0.023997917560802599,-0.023997899999999898,1.7560802607202719e-08,True
original_tests/euppbench/random/nn_noemb-emos_bst_gl/rel_diff_pct,-2.4932838811708931,-2.4932799999999999,3.8811708935604372e-06,True
original_tests/euppbench/random/nn_noemb-emos_bst_gl/dm_stat,-5.4376845699518483,-5.4376800000000003,4.5699518480546431e-06,True
original_tests/euppbench/random/nn_noemb-emos_bst_gl/dm_p,5.3977423641882176e-08,5.3977400000000003e-08,2.3641882180257257e-14,True
original_tests/euppbench/random/nn_noemb-emos_bst_gl/boot_lo,-0.033247200273927698,-0.0332471999999999,2.7392775547863124e-10,True
original_tests/euppbench/random/nn_noemb-emos_bst_gl/boot_hi,-0.0152598015786865,-0.0152598,1.578686530459561e-09,True
original_tests/euppbench/random/nn_noemb-emos_bst_gl/n_stations,117,117,0,True
original_tests/euppbench/random/nn_noemb-emos_bst_gl/frac_st_a_better_BH,0.70085470085470081,0.70085500000000001,2.9914529919850002e-07,True
original_tests/euppbench/random/nn_noemb-emos_bst_gl/frac_st_a_worse_BH,0.1538461538461538,0.15384600000000001,1.5384615384417266e-07,True
original_tests/euppbench/random/nn_unk-nn_noemb/crps_a,0.91216720250165184,0.91216699999999995,2.025016518913958e-07,True
original_tests/euppbench/random/nn_unk-nn_noemb/crps_b,0.93850449710738604,0.938504,4.9710738603270244e-07,True
original_tests/euppbench/random/nn_unk-nn_noemb/diff_a_minus_b,-0.026337294605734099,-0.026337300000000001,5.3942658048700123e-09,True
original_tests/euppbench/random/nn_unk-nn_noemb/rel_diff_pct,-2.8063045714655344,-2.8062999999999998,4.571465534564112e-06,True
original_tests/euppbench/random/nn_unk-nn_noemb/dm_stat,-30.48238996158878,-30.482399999999998,1.0038411218715735e-05,True
original_tests/euppbench/random/nn_unk-nn_noemb/dm_p,0,0,0,True
original_tests/euppbench/random/nn_unk-nn_noemb/boot_lo,-0.027907547737716001,-0.027907499999999901,4.7737716023232846e-08,True
original_tests/euppbench/random/nn_unk-nn_noemb/boot_hi,-0.024504286734213801,-0.0245043,1.3265786122373946e-08,True
original_tests/euppbench/random/nn_unk-nn_noemb/n_stations,117,117,0,True
original_tests/euppbench/random/nn_unk-nn_noemb/frac_st_a_better_BH,0.50427350427350415,0.504274,4.9572649574169969e-07,True
original_tests/euppbench/random/nn_unk-nn_noemb/frac_st_a_worse_BH,0.34188034188034178,0.34188000000000002,3.4188034186977134e-07,True
original_tests/euppbench/random/nn_knn-nn_unk/crps_a,0.91904534844357555,0.919045,3.4844357554852934e-07,True
original_tests/euppbench/random/nn_knn-nn_unk/crps_b,0.91216720250165184,0.91216699999999995,2.025016518913958e-07,True
original_tests/euppbench/random/nn_knn-nn_unk/diff_a_minus_b,0.0068781459419237001,0.0068781500000000004,4.058076292536017e-09,True
original_tests/euppbench/random/nn_knn-nn_unk/rel_diff_pct,0.75404442552420292,0.75404400000000005,4.2552420287389486e-07,True
original_tests/euppbench/random/nn_knn-nn_unk/dm_stat,3.5237582210492042,3.5237599999999998,1.7789507955612294e-06,True
original_tests/euppbench/random/nn_knn-nn_unk/dm_p,0.00042547229590560003,0.00042547199999990002,2.9590561565710077e-10,True
original_tests/euppbench/random/nn_knn-nn_unk/boot_lo,0.0031444097761707999,0.0031444099999999001,2.2382914835819559e-10,True
original_tests/euppbench/random/nn_knn-nn_unk/boot_hi,0.010883726882045501,0.0108837,2.6882045556578249e-08,True
original_tests/euppbench/random/nn_knn-nn_unk/n_stations,117,117,0,True
original_tests/euppbench/random/nn_knn-nn_unk/frac_st_a_better_BH,0.41880341880341881,0.41880299999999993,4.1880341883349109e-07,True
original_tests/euppbench/random/nn_knn-nn_unk/frac_st_a_worse_BH,0.44444444444444442,0.44444400000000001,4.444444444140494e-07,True
original_tests/euppbench/random/nn_attr-nn_noemb/crps_a,0.93679392343442158,0.93679400000000002,7.6565578321918779e-08,True
original_tests/euppbench/random/nn_attr-nn_noemb/crps_b,0.93850449710738604,0.938504,4.9710738603270244e-07,True
original_tests/euppbench/random/nn_attr-nn_noemb/diff_a_minus_b,-0.0017105736729642999,-0.00171057,3.6729643439117189e-09,True
original_tests/euppbench/random/nn_attr-nn_noemb/rel_diff_pct,-0.18226590050837149,-0.18226600000000001,9.9491628463566086e-08,True
original_tests/euppbench/random/nn_attr-nn_noemb/dm_stat,-1.097939155186074,-1.0979399999999999,8.4481392592650195e-07,True
original_tests/euppbench/random/nn_attr-nn_noemb/dm_p,0.27223105884358317,0.272231,5.8843583228274099e-08,True
original_tests/euppbench/random/nn_attr-nn_noemb/boot_lo,-0.004770424448668,-0.00477042,4.448668099697739e-09,True
original_tests/euppbench/random/nn_attr-nn_noemb/boot_hi,0.0016910559107056,0.0016910600000000001,4.0892943577782578e-09,True
original_tests/euppbench/random/nn_attr-nn_noemb/n_stations,117,117,0,True
original_tests/euppbench/random/nn_attr-nn_noemb/frac_st_a_better_BH,0.49572649572649569,0.495726,4.9572649574169969e-07,True
original_tests/euppbench/random/nn_attr-nn_noemb/frac_st_a_worse_BH,0.29059829059829062,0.29059800000000002,2.9059829059763237e-07,True
original_tests/euppbench/random/emos_bst_gl-emos_gl/crps_a,0.96250241466818864,0.96250199999999997,4.1466818867519356e-07,True
original_tests/euppbench/random/emos_bst_gl-emos_gl/crps_b,1.1139285333445823,1.1139300000000001,1.4666554175590818e-06,True
original_tests/euppbench/random/emos_bst_gl-emos_gl/diff_a_minus_b,-0.1514261186763938,-0.15142600000000001,1.1867639387874719e-07,True
original_tests/euppbench/random/emos_bst_gl-emos_gl/rel_diff_pct,-13.593880948693837,-13.5939,1.9051306162864989e-05,True
original_tests/euppbench/random/emos_bst_gl-emos_gl/dm_stat,-22.562411535468467,-22.5624,1.1535468466661314e-05,True
original_tests/euppbench/random/emos_bst_gl-emos_gl/dm_p,0,0,0,True
original_tests/euppbench/random/emos_bst_gl-emos_gl/boot_lo,-0.16419054935074059,-0.164191,4.5064925932591931e-07,True
original_tests/euppbench/random/emos_bst_gl-emos_gl/boot_hi,-0.1367563774362682,-0.13675599999999991,3.7743626829511717e-07,True
original_tests/euppbench/random/emos_bst_gl-emos_gl/n_stations,117,117,0,True
original_tests/euppbench/random/emos_bst_gl-emos_gl/frac_st_a_better_BH,0.76068376068376065,0.76068400000000003,2.3931623938100444e-07,True
original_tests/euppbench/random/emos_bst_gl-emos_gl/frac_st_a_worse_BH,0.085470085470085402,0.085470099999999896,1.4529914521554945e-08,True
primary_BH/euppbench/random/nn_hybrid-emos_gl,1,1,0,True
primary_BH/euppbench/random/nn_hybrid-emos_bst_gl,1,1,0,True
primary_BH/euppbench/random/nn_hybrid-nn_unk,1,1,0,True
primary_BH/euppbench/random/nn_hybrid-nn_knn,1,1,0,True
primary_BH/euppbench/random/nn_hybrid-nn_noemb,1,1,0,True
primary_BH/euppbench/random/nn_hybrid-nn_attr,1,1,0,True
scores/euppbench/spatial/raw_ensemble_gauss/crps,1.211297738153134,1.211297738153134,0,True
scores/euppbench/spatial/raw_ensemble_gauss/cov80,0.51219598666950295,0.51219598666950295,0,True
scores/euppbench/spatial/raw_ensemble_gauss/spread_skill,0.58144546896072358,0.58144546896072358,0,True
scores/euppbench/spatial/raw_ensemble_gauss/bias,-0.3507543211917481,-0.3507543211917481,0,True
scores/euppbench/spatial/emos_gl/crps,1.1394641319080601,1.1394641319080601,0,True
scores/euppbench/spatial/emos_gl/cov80,0.81077548512136888,0.81077548512136888,0,True
scores/euppbench/spatial/emos_gl/spread_skill,0.9674262687010452,0.9674262687010452,0,True
scores/euppbench/spatial/emos_gl/bias,0.050359336717542197,0.050359336717542197,0,True
scores/euppbench/spatial/emos_bst_gl/crps,0.97700185389345395,0.97700185389345395,0,True
scores/euppbench/spatial/emos_bst_gl/cov80,0.83798009879694624,0.83798009879694624,0,True
scores/euppbench/spatial/emos_bst_gl/spread_skill,1.1867620701134958,1.1867620701134958,0,True
scores/euppbench/spatial/emos_bst_gl/bias,0.048661615828391298,0.048661615828391298,0,True
scores/euppbench/spatial/nn_unk/crps,0.98319159345704321,0.98319159345704321,0,True
scores/euppbench/spatial/nn_unk/cov80,0.77649909002812645,0.77649909002812645,0,True
scores/euppbench/spatial/nn_unk/spread_skill,0.93610524377594917,0.93610524377594917,0,True
scores/euppbench/spatial/nn_unk/bias,0.085707381462158894,0.085707381462158894,0,True
scores/euppbench/spatial/nn_unk/single_seed_mean,0.99979730570291581,0.99979730570291581,0,True
scores/euppbench/spatial/nn_unk/single_seed_sd,0.0190596252597908,0.0190596252597907,7.6327832942979512e-17,True
single/euppbench/spatial/nn_unk/0,0.97792936817092502,0.97792936817092502,0,True
single/euppbench/spatial/nn_unk/1,1.0085831831960903,1.0085831831960903,0,True
single/euppbench/spatial/nn_unk/2,1.0128793657417321,1.0128793657417321,2.2204460492503126e-16,True
scores/euppbench/spatial/nn_knn/crps,0.98013314153752784,0.98013314153752784,0,True
scores/euppbench/spatial/nn_knn/cov80,0.77754378501028154,0.77754378501028154,0,True
scores/euppbench/spatial/nn_knn/spread_skill,0.9420932721505676,0.9420932721505676,0,True
scores/euppbench/spatial/nn_knn/bias,-0.0214670327264079,-0.0214670327264079,0,True
scores/euppbench/spatial/nn_knn/single_seed_mean,1.0008575367442958,1.0008575367442958,0,True
scores/euppbench/spatial/nn_knn/single_seed_sd,0.021512114655883499,0.021512114655883499,5.2041704279304213e-17,True
single/euppbench/spatial/nn_knn/0,0.98032882003609823,0.980328820036098,1.1102230246251563e-16,True
single/euppbench/spatial/nn_knn/1,0.99900992087022644,0.99900992087022644,0,True
single/euppbench/spatial/nn_knn/2,1.0232338693265626,1.0232338693265626,0,True
scores/euppbench/spatial/nn_noemb/crps,1.0759308037963304,1.0759308037963304,0,True
scores/euppbench/spatial/nn_noemb/cov80,0.7449715190621381,0.7449715190621381,0,True
scores/euppbench/spatial/nn_noemb/spread_skill,0.89373495419427196,0.89373495419427196,0,True
scores/euppbench/spatial/nn_noemb/bias,0.1109985552325653,0.1109985552325653,0,True
scores/euppbench/spatial/nn_noemb/single_seed_mean,1.0987058410227579,1.0987058410227579,0,True
scores/euppbench/spatial/nn_noemb/single_seed_sd,0.0254612662333593,0.0254612662333593,0,True
single/euppbench/spatial/nn_noemb/0,1.0765701519078854,1.0765701519078854,0,True
single/euppbench/spatial/nn_noemb/1,1.1265303119937444,1.1265303119937444,0,True
single/euppbench/spatial/nn_noemb/2,1.0930170591666442,1.0930170591666442,0,True
scores/euppbench/spatial/nn_attr/crps,1.1559871163896236,1.1559871163896236,0,True
scores/euppbench/spatial/nn_attr/cov80,0.72916637122125305,0.72916637122125305,0,True
scores/euppbench/spatial/nn_attr/spread_skill,0.7629176749284986,0.7629176749284986,0,True
scores/euppbench/spatial/nn_attr/bias,0.17916362643912451,0.17916362643912451,0,True
scores/euppbench/spatial/nn_attr/single_seed_mean,1.2126605240203725,1.2126605240203725,0,True
scores/euppbench/spatial/nn_attr/single_seed_sd,0.091880215684302699,0.091880215684302699,0,True
single/euppbench/spatial/nn_attr/0,1.1272596866742264,1.1272596866742264,0,True
single/euppbench/spatial/nn_attr/1,1.2008449196394215,1.2008449196394215,0,True
single/euppbench/spatial/nn_attr/2,1.3098769657474687,1.3098769657474687,0,True
scores/euppbench/spatial/nn_hybrid/crps,1.1130620285355819,1.1130620285355819,0,True
scores/euppbench/spatial/nn_hybrid/cov80,0.7388522536576142,0.7388522536576142,0,True
scores/euppbench/spatial/nn_hybrid/spread_skill,0.7925965646938169,0.7925965646938169,0,True
scores/euppbench/spatial/nn_hybrid/bias,0.13560868630994341,0.13560868630994341,0,True
scores/euppbench/spatial/nn_hybrid/single_seed_mean,1.1467181868685321,1.1467181868685321,0,True
scores/euppbench/spatial/nn_hybrid/single_seed_sd,0.033165976092947302,0.033165976092947302,0,True
single/euppbench/spatial/nn_hybrid/0,1.1501635533802086,1.1501635533802086,0,True
single/euppbench/spatial/nn_hybrid/1,1.1780269894617761,1.1780269894617761,0,True
single/euppbench/spatial/nn_hybrid/2,1.1119640177636116,1.1119640177636116,0,True
scores/euppbench/spatial/nn_hybrid_knn/crps,1.1118568356770655,1.1118568356770655,0,True
scores/euppbench/spatial/nn_hybrid_knn/cov80,0.73935332907891926,0.73935332907891926,0,True
scores/euppbench/spatial/nn_hybrid_knn/spread_skill,0.79389340388561158,0.79389340388561158,0,True
scores/euppbench/spatial/nn_hybrid_knn/bias,0.13351620062388689,0.13351620062388689,0,True
scores/euppbench/spatial/nn_hybrid_knn/single_seed_mean,1.1453872698646903,1.1453872698646903,0,True
scores/euppbench/spatial/nn_hybrid_knn/single_seed_sd,0.034376092405515903,0.034376092405515903,0,True
single/euppbench/spatial/nn_hybrid_knn/0,1.1494822901550841,1.1494822901550841,0,True
single/euppbench/spatial/nn_hybrid_knn/1,1.177532431970848,1.177532431970848,0,True
single/euppbench/spatial/nn_hybrid_knn/2,1.1091470874681395,1.1091470874681395,0,True
scores/euppbench/spatial/nn_hybrid_res/crps,0.98027650733124883,0.98027650733124883,0,True
scores/euppbench/spatial/nn_hybrid_res/cov80,0.78050532983525955,0.78050532983525955,0,True
scores/euppbench/spatial/nn_hybrid_res/spread_skill,0.95426219042778337,0.95426219042778337,0,True
scores/euppbench/spatial/nn_hybrid_res/bias,-0.066125978426183896,-0.066125978426183896,0,True
scores/euppbench/spatial/nn_hybrid_res/single_seed_mean,1.0089054737819552,1.0089054737819552,0,True
scores/euppbench/spatial/nn_hybrid_res/single_seed_sd,0.0084131462150082992,0.0084131462150082992,0,True
single/euppbench/spatial/nn_hybrid_res/0,0.99932153330032236,0.99932153330032236,0,True
single/euppbench/spatial/nn_hybrid_res/1,1.0123219103559729,1.0123219103559729,0,True
single/euppbench/spatial/nn_hybrid_res/2,1.0150729776895706,1.0150729776895706,0,True
scores/euppbench/spatial/drn_lak/crps,1.0786958421104091,1.0786958421104091,0,True
scores/euppbench/spatial/drn_lak/cov80,0.80346262024628334,0.80346262024628334,0,True
scores/euppbench/spatial/drn_lak/spread_skill,0.84679267002837511,0.84679267002837511,0,True
scores/euppbench/spatial/drn_lak/bias,-0.35410429638015051,-0.35410429638015051,0,True
scores/euppbench/spatial/drn_lak/single_seed_mean,1.0903259161912997,1.0903259161912997,0,True
scores/euppbench/spatial/drn_lak/single_seed_sd,0.0885474171740986,0.0885474171740986,0,True
single/euppbench/spatial/drn_lak/0,1.0017379446563319,1.0017379446563319,0,True
single/euppbench/spatial/drn_lak/1,1.0904070807109405,1.0904070807109405,0,True
single/euppbench/spatial/drn_lak/2,1.178832723206626,1.178832723206626,0,True
scores/euppbench/spatial/gnn_geo/crps,1.0423387150921872,1.0423387150921872,0,True
scores/euppbench/spatial/gnn_geo/cov80,0.81986811316741115,0.81986811316741115,0,True
scores/euppbench/spatial/gnn_geo/spread_skill,1.0050122722319603,1.0050122722319603,0,True
scores/euppbench/spatial/gnn_geo/bias,-0.15069466892190231,-0.15069466892190231,0,True
scores/euppbench/spatial/gnn_geo/single_seed_mean,1.0746781350367154,1.0746781350367154,0,True
scores/euppbench/spatial/gnn_geo/single_seed_sd,0.052561071989266697,0.052561071989266697,0,True
single/euppbench/spatial/gnn_geo/0,1.0340316062140678,1.0340316062140678,0,True
single/euppbench/spatial/gnn_geo/1,1.1340342197363955,1.1340342197363955,0,True
single/euppbench/spatial/gnn_geo/2,1.0559685791596829,1.0559685791596829,0,True
scores/euppbench/spatial/samos_mlp/crps,1.0023209308239984,1.0023209308239984,0,True
scores/euppbench/spatial/samos_mlp/cov80,0.76110756576614902,0.76110756576614902,0,True
scores/euppbench/spatial/samos_mlp/spread_skill,0.8664163784287463,0.8664163784287463,0,True
scores/euppbench/spatial/samos_mlp/bias,-0.099018586102711206,-0.099018586102711206,0,True
scores/euppbench/spatial/samos_mlp/single_seed_mean,1.0257142926071667,1.0257142926071667,0,True
scores/euppbench/spatial/samos_mlp/single_seed_sd,0.021023315354796599,0.021023315354796599,0,True
single/euppbench/spatial/samos_mlp/0,1.0014600058238441,1.0014600058238441,0,True
single/euppbench/spatial/samos_mlp/1,1.0369599781260557,1.0369599781260557,0,True
single/euppbench/spatial/samos_mlp/2,1.0387228938716009,1.0387228938716009,0,True
scores/euppbench/spatial/samos_attn/crps,1.0218483602253734,1.0218483602253734,0,True
scores/euppbench/spatial/samos_attn/cov80,0.77162305892363325,0.77162305892363325,0,True
scores/euppbench/spatial/samos_attn/spread_skill,0.82958327877559435,0.82958327877559435,0,True
scores/euppbench/spatial/samos_attn/bias,-0.18308269286912571,-0.18308269286912571,0,True
scores/euppbench/spatial/samos_attn/single_seed_mean,1.0507194945765497,1.0507194945765497,0,True
scores/euppbench/spatial/samos_attn/single_seed_sd,0.1091933997988087,0.1091933997988087,0,True
single/euppbench/spatial/samos_attn/0,0.98411382433894423,0.98411382433894423,0,True
single/euppbench/spatial/samos_attn/1,1.1767367410819971,1.1767367410819971,0,True
single/euppbench/spatial/samos_attn/2,0.99130791830870735,0.99130791830870735,0,True
daily/euppbench/spatial/gnn_geo-nn_unk/crps_a,1.0423387150921872,1.04234,1.2849078128152058e-06,True
daily/euppbench/spatial/gnn_geo-nn_unk/crps_b,0.98319159345704321,0.98319199999999995,4.0654295674347201e-07,True
daily/euppbench/spatial/gnn_geo-nn_unk/diff_a_minus_b,0.059147121635143997,0.059147100000000001,2.1635144016596275e-08,True
daily/euppbench/spatial/gnn_geo-nn_unk/rel_diff_pct,6.0158286572787212,6.0158300000000002,1.3427212790517729e-06,True
daily/euppbench/spatial/gnn_geo-nn_unk/n_days,730,730,0,True
daily/euppbench/spatial/gnn_geo-nn_unk/dm_stat,15.60033298993522,15.600300000000001,3.2989935219163158e-05,True
daily/euppbench/spatial/gnn_geo-nn_unk/dm_p,0,0,0,True
daily/euppbench/spatial/gnn_geo-nn_unk/boot_lo,0.051890756234421999,0.051890800000000001,4.3765577953380763e-08,True
daily/euppbench/spatial/gnn_geo-nn_unk/boot_hi,0.067437765623308804,0.067437800000000006,3.4376691160353801e-08,True
daily/euppbench/spatial/gnn_geo-nn_knn/crps_a,1.0423387150921872,1.04234,1.2849078128152058e-06,True
daily/euppbench/spatial/gnn_geo-nn_knn/crps_b,0.98013314153752784,0.98013300000000003,1.4153752780909914e-07,True
daily/euppbench/spatial/gnn_geo-nn_knn/diff_a_minus_b,0.062205573554659298,0.0622056,2.6445340611802592e-08,True
daily/euppbench/spatial/gnn_geo-nn_knn/rel_diff_pct,6.3466452585286381,6.3466500000000003,4.7414713622018212e-06,True
daily/euppbench/spatial/gnn_geo-nn_knn/n_days,730,730,0,True
daily/euppbench/spatial/gnn_geo-nn_knn/dm_stat,16.358578046305603,16.358599999999999,2.1953694396614765e-05,True
daily/euppbench/spatial/gnn_geo-nn_knn/dm_p,0,0,0,True
daily/euppbench/spatial/gnn_geo-nn_knn/boot_lo,0.054956163720456197,0.0549561999999999,3.6279543785822099e-08,True
daily/euppbench/spatial/gnn_geo-nn_knn/boot_hi,0.0706133689884796,0.070613400000000007,3.1011520407187021e-08,True
daily/euppbench/spatial/gnn_geo-emos_bst_gl/crps_a,1.0423387150921872,1.04234,1.2849078128152058e-06,True
daily/euppbench/spatial/gnn_geo-emos_bst_gl/crps_b,0.97700185389345395,0.97700200000000004,1.4610654597291273e-07,True
daily/euppbench/spatial/gnn_geo-emos_bst_gl/diff_a_minus_b,0.065336861198733096,0.065336900000000003,3.8801266838417448e-08,True
daily/euppbench/spatial/gnn_geo-emos_bst_gl/rel_diff_pct,6.687485897632528,6.6874900000000004,4.102367472391677e-06,True
daily/euppbench/spatial/gnn_geo-emos_bst_gl/n_days,730,730,0,True
daily/euppbench/spatial/gnn_geo-emos_bst_gl/dm_stat,13.142004664754118,13.141999999999999,4.6647541189770436e-06,True
daily/euppbench/spatial/gnn_geo-emos_bst_gl/dm_p,0,0,0,True
daily/euppbench/spatial/gnn_geo-emos_bst_gl/boot_lo,0.055396273305427998,0.055396300000000002,2.6694571962637689e-08,True
daily/euppbench/spatial/gnn_geo-emos_bst_gl/boot_hi,0.075797144669711602,0.075797100000000006,4.4669711637967964e-08,True
daily/euppbench/spatial/gnn_geo-drn_lak/crps_a,1.0423387150921872,1.04234,1.2849078128152058e-06,True
daily/euppbench/spatial/gnn_geo-drn_lak/crps_b,1.0786958421104091,1.0787,4.1578895908500604e-06,True
daily/euppbench/spatial/gnn_geo-drn_lak/diff_a_minus_b,-0.036357127018221899,-0.036357100000000003,2.7018221909758111e-08,True
daily/euppbench/spatial/gnn_geo-drn_lak/rel_diff_pct,-3.3704706738362118,-3.3704700000000001,6.7383621216166034e-07,True
daily/euppbench/spatial/gnn_geo-drn_lak/n_days,730,730,0,True
daily/euppbench/spatial/gnn_geo-drn_lak/dm_stat,-9.4147305577181939,-9.4147300000000005,5.5771819340577622e-07,True
daily/euppbench/spatial/gnn_geo-drn_lak/dm_p,0,0,0,True
daily/euppbench/spatial/gnn_geo-drn_lak/boot_lo,-0.043876365330514699,-0.043876400000000003,3.4669485282634582e-08,True
daily/euppbench/spatial/gnn_geo-drn_lak/boot_hi,-0.028077669112446399,-0.028077700000000001,3.0887553504471699e-08,True
daily/euppbench/spatial/drn_lak-nn_noemb/crps_a,1.0786958421104091,1.0787,4.1578895908500604e-06,True
daily/euppbench/spatial/drn_lak-nn_noemb/crps_b,1.0759308037963304,1.0759300000000001,8.0379633038418774e-07,True
daily/euppbench/spatial/drn_lak-nn_noemb/diff_a_minus_b,0.0027650383140787002,0.0027650399999999001,1.6859212949305034e-09,True
daily/euppbench/spatial/drn_lak-nn_noemb/rel_diff_pct,0.25699034773634111,0.25699,3.4773634111084922e-07,True
daily/euppbench/spatial/drn_lak-nn_noemb/n_days,730,730,0,True
daily/euppbench/spatial/drn_lak-nn_noemb/dm_stat,0.4986374803079216,0.498637,4.8030792160203017e-07,True
daily/euppbench/spatial/drn_lak-nn_noemb/dm_p,0.61803479590801214,0.618035,2.0409198786541799e-07,True
daily/euppbench/spatial/drn_lak-nn_noemb/boot_lo,-0.0084881761422137998,-0.0084881799999999008,3.8577861079247536e-09,True
daily/euppbench/spatial/drn_lak-nn_noemb/boot_hi,0.013957425053153101,0.0139574,2.5053153111104232e-08,True
daily/euppbench/spatial/drn_lak-nn_unk/crps_a,1.0786958421104091,1.0787,4.1578895908500604e-06,True
daily/euppbench/spatial/drn_lak-nn_unk/crps_b,0.98319159345704321,0.98319199999999995,4.0654295674347201e-07,True
daily/euppbench/spatial/drn_lak-nn_unk/diff_a_minus_b,0.095504248653365903,0.0955041999999999,4.8653365933293287e-08,True
daily/euppbench/spatial/drn_lak-nn_unk/rel_diff_pct,9.7136966272829195,9.7136999999999993,3.3727170798414363e-06,True
daily/euppbench/spatial/drn_lak-nn_unk/n_days,730,730,0,True
daily/euppbench/spatial/drn_lak-nn_unk/dm_stat,23.299102057680138,23.299099999999999,2.0576801382787835e-06,True
daily/euppbench/spatial/drn_lak-nn_unk/dm_p,0,0,0,True
daily/euppbench/spatial/drn_lak-nn_unk/boot_lo,0.087421386218661398,0.087421399999999899,1.3781338584206717e-08,True
daily/euppbench/spatial/drn_lak-nn_unk/boot_hi,0.1039049891673692,0.103905,1.0832630778501162e-08,True
daily/euppbench/spatial/drn_lak-emos_bst_gl/crps_a,1.0786958421104091,1.0787,4.1578895908500604e-06,True
daily/euppbench/spatial/drn_lak-emos_bst_gl/crps_b,0.97700185389345395,0.97700200000000004,1.4610654597291273e-07,True
daily/euppbench/spatial/drn_lak-emos_bst_gl/diff_a_minus_b,0.10169398821695499,0.10169400000000001,1.1783044928659336e-08,True
daily/euppbench/spatial/drn_lak-emos_bst_gl/rel_diff_pct,10.408781499410049,10.408799999999999,1.8500589952452628e-05,True
daily/euppbench/spatial/drn_lak-emos_bst_gl/n_days,730,730,0,True
daily/euppbench/spatial/drn_lak-emos_bst_gl/dm_stat,19.082535179180759,19.0825,3.5179180759570272e-05,True
daily/euppbench/spatial/drn_lak-emos_bst_gl/dm_p,0,0,0,True
daily/euppbench/spatial/drn_lak-emos_bst_gl/boot_lo,0.090730159954393402,0.0907301999999999,4.0045606525263011e-08,True
daily/euppbench/spatial/drn_lak-emos_bst_gl/boot_hi,0.11283150126247531,0.112832,4.9873752468176935e-07,True
daily/euppbench/spatial/samos_attn-nn_unk/crps_a,1.0218483602253734,1.0218499999999999,1.6397746265273128e-06,True
daily/euppbench/spatial/samos_attn-nn_unk/crps_b,0.98319159345704321,0.98319199999999995,4.0654295674347201e-07,True
daily/euppbench/spatial/samos_attn-nn_unk/diff_a_minus_b,0.038656766768330103,0.038656799999999901,3.3231669811784048e-08,True
daily/euppbench/spatial/samos_attn-nn_unk/rel_diff_pct,3.9317633537129248,3.9317600000000001,3.3537129247029891e-06,True
daily/euppbench/spatial/samos_attn-nn_unk/n_days,730,730,0,True
daily/euppbench/spatial/samos_attn-nn_unk/dm_stat,6.0333623308318565,6.0333600000000001,2.330831856411919e-06,True
daily/euppbench/spatial/samos_attn-nn_unk/dm_p,1.605827915085456e-09,1.60583e-09,2.0849145440565288e-15,True
daily/euppbench/spatial/samos_attn-nn_unk/boot_lo,0.026116913208877102,0.026116899999999901,1.3208877127496301e-08,True
daily/euppbench/spatial/samos_attn-nn_unk/boot_hi,0.052975318873596897,0.052975300000000003,1.8873596914492641e-08,True
daily/euppbench/spatial/samos_attn-nn_knn/crps_a,1.0218483602253734,1.0218499999999999,1.6397746265273128e-06,True
daily/euppbench/spatial/samos_attn-nn_knn/crps_b,0.98013314153752784,0.98013300000000003,1.4153752780909914e-07,True
daily/euppbench/spatial/samos_attn-nn_knn/diff_a_minus_b,0.041715218687845501,0.041715200000000001,1.868784555575376e-08,True
daily/euppbench/spatial/samos_attn-nn_knn/rel_diff_pct,4.2560767430440238,4.2560799999999999,3.2569559760275975e-06,True
daily/euppbench/spatial/samos_attn-nn_knn/n_days,730,730,0,True
daily/euppbench/spatial/samos_attn-nn_knn/dm_stat,6.4958226138784099,6.4958200000000001,2.6138784097184957e-06,True
daily/euppbench/spatial/samos_attn-nn_knn/dm_p,8.2580831062273332e-11,8.2580799999999984e-11,3.106227332157195e-17,True
daily/euppbench/spatial/samos_attn-nn_knn/boot_lo,0.029173342903476899,0.029173299999999899,4.2903476941275054e-08,True
daily/euppbench/spatial/samos_attn-nn_knn/boot_hi,0.056044255952268099,0.056044299999999901,4.4047731878604779e-08,True
daily/euppbench/spatial/samos_attn-emos_bst_gl/crps_a,1.0218483602253734,1.0218499999999999,1.6397746265273128e-06,True
daily/euppbench/spatial/samos_attn-emos_bst_gl/crps_b,0.97700185389345395,0.97700200000000004,1.4610654597291273e-07,True
daily/euppbench/spatial/samos_attn-emos_bst_gl/diff_a_minus_b,0.044846506331919299,0.0448464999999999,6.3319193360777951e-09,True
daily/euppbench/spatial/samos_attn-emos_bst_gl/rel_diff_pct,4.5902171171120498,4.5902200000000004,2.882887950583779e-06,True
daily/euppbench/spatial/samos_attn-emos_bst_gl/n_days,730,730,0,True
daily/euppbench/spatial/samos_attn-emos_bst_gl/dm_stat,5.6927948713124339,5.6927899999999996,4.8713124343180425e-06,True
daily/euppbench/spatial/samos_attn-emos_bst_gl/dm_p,1.2497650248022296e-08,1.2497700000000001e-08,4.9751977704614631e-14,True
daily/euppbench/spatial/samos_attn-emos_bst_gl/boot_lo,0.0295812233072172,0.029581199999999901,2.3307217204837641e-08,True
daily/euppbench/spatial/samos_attn-emos_bst_gl/boot_hi,0.0621087826482115,0.062108799999999902,1.735178840889251e-08,True
daily/euppbench/spatial/samos_attn-nn_noemb/crps_a,1.0218483602253734,1.0218499999999999,1.6397746265273128e-06,True
daily/euppbench/spatial/samos_attn-nn_noemb/crps_b,1.0759308037963304,1.0759300000000001,8.0379633038418774e-07,True
daily/euppbench/spatial/samos_attn-nn_noemb/diff_a_minus_b,-0.054082443570956998,-0.054082400000000003,4.3570957036775937e-08,True
daily/euppbench/spatial/samos_attn-nn_noemb/rel_diff_pct,-5.0265726550566043,-5.0265700000000004,2.6550566039063028e-06,True
daily/euppbench/spatial/samos_attn-nn_noemb/n_days,730,730,0,True
daily/euppbench/spatial/samos_attn-nn_noemb/dm_stat,-10.974915504108983,-10.9749,1.5504108985098242e-05,True
daily/euppbench/spatial/samos_attn-nn_noemb/dm_p,0,0,0,True
daily/euppbench/spatial/samos_attn-nn_noemb/boot_lo,-0.063538381943416794,-0.063538399999999898,1.8056583145353852e-08,True
daily/euppbench/spatial/samos_attn-nn_noemb/boot_hi,-0.043377697084484398,-0.043377699999999901,2.9155155928384247e-09,True
daily/euppbench/spatial/samos_attn-nn_hybrid/crps_a,1.0218483602253734,1.0218499999999999,1.6397746265273128e-06,True
daily/euppbench/spatial/samos_attn-nn_hybrid/crps_b,1.1130620285355819,1.1130599999999999,2.0285355819549267e-06,True
daily/euppbench/spatial/samos_attn-nn_hybrid/diff_a_minus_b,-0.091213668310208398,-0.091213699999999898,3.1689791499256443e-08,True
daily/euppbench/spatial/samos_attn-nn_hybrid/rel_diff_pct,-8.1948414348673175,-8.1948399999999992,1.4348673182951188e-06,True
daily/euppbench/spatial/samos_attn-nn_hybrid/n_days,730,730,0,True
daily/euppbench/spatial/samos_attn-nn_hybrid/dm_stat,-19.149147960543285,-19.149100000000001,4.796054328437549e-05,True
daily/euppbench/spatial/samos_attn-nn_hybrid/dm_p,0,0,0,True
daily/euppbench/spatial/samos_attn-nn_hybrid/boot_lo,-0.10096683374865589,-0.100967,1.6625134405257039e-07,True
daily/euppbench/spatial/samos_attn-nn_hybrid/boot_hi,-0.081237377016117801,-0.081237400000000001,2.2983882103089212e-08,True
daily/euppbench/spatial/samos_attn-nn_hybrid_res/crps_a,1.0218483602253734,1.0218499999999999,1.6397746265273128e-06,True
daily/euppbench/spatial/samos_attn-nn_hybrid_res/crps_b,0.98027650733124883,0.98027699999999995,4.9266875123965548e-07,True
daily/euppbench/spatial/samos_attn-nn_hybrid_res/diff_a_minus_b,0.0415718528941246,0.041571900000000002,4.7105875318476098e-08,True
daily/euppbench/spatial/samos_attn-nn_hybrid_res/rel_diff_pct,4.2408292541154404,4.2408299999999999,7.4588455856172676e-07,True
daily/euppbench/spatial/samos_attn-nn_hybrid_res/n_days,730,730,0,True
daily/euppbench/spatial/samos_attn-nn_hybrid_res/dm_stat,6.7048336805879076,6.7048300000000003,3.6805879073398273e-06,True
daily/euppbench/spatial/samos_attn-nn_hybrid_res/dm_p,2.0163648528637168e-11,2.0163599999999999e-11,4.8528637169437971e-17,True
daily/euppbench/spatial/samos_attn-nn_hybrid_res/boot_lo,0.029105515826917099,0.029105499999999899,1.5826917151851028e-08,True
daily/euppbench/spatial/samos_attn-nn_hybrid_res/boot_hi,0.055240337570692202,0.055240299999999902,3.7570692223987123e-08,True
daily/euppbench/spatial/samos_attn-drn_lak/crps_a,1.0218483602253734,1.0218499999999999,1.6397746265273128e-06,True
daily/euppbench/spatial/samos_attn-drn_lak/crps_b,1.0786958421104091,1.0787,4.1578895908500604e-06,True
daily/euppbench/spatial/samos_attn-drn_lak/diff_a_minus_b,-0.056847481885035703,-0.056847500000000002,1.8114964257798242e-08,True
daily/euppbench/spatial/samos_attn-drn_lak/rel_diff_pct,-5.2700195611968592,-5.2700199999999997,4.388031404900517e-07,True
daily/euppbench/spatial/samos_attn-drn_lak/n_days,730,730,0,True
daily/euppbench/spatial/samos_attn-drn_lak/dm_stat,-7.8125160369209148,-7.8125200000000001,3.9630790853451003e-06,True
daily/euppbench/spatial/samos_attn-drn_lak/dm_p,5.5511151231257835e-15,5.5511200000000002e-15,4.8768742174594119e-21,True
daily/euppbench/spatial/samos_attn-drn_lak/boot_lo,-0.071214299724703903,-0.071214299999999897,2.7529600821196709e-10,True
daily/euppbench/spatial/samos_attn-drn_lak/boot_hi,-0.041279507859140002,-0.0412794999999999,7.8591400956562457e-09,True
daily/euppbench/spatial/samos_attn-gnn_geo/crps_a,1.0218483602253734,1.0218499999999999,1.6397746265273128e-06,True
daily/euppbench/spatial/samos_attn-gnn_geo/crps_b,1.0423387150921872,1.04234,1.2849078128152058e-06,True
daily/euppbench/spatial/samos_attn-gnn_geo/diff_a_minus_b,-0.0204903548668138,-0.020490399999999898,4.5133186167556343e-08,True
daily/euppbench/spatial/samos_attn-gnn_geo/rel_diff_pct,-1.9658057951921657,-1.9658100000000001,4.204807834140567e-06,True
daily/euppbench/spatial/samos_attn-gnn_geo/n_days,730,730,0,True
daily/euppbench/spatial/samos_attn-gnn_geo/dm_stat,-2.9505014942336887,-2.9504999999999999,1.4942336892254104e-06,True
daily/euppbench/spatial/samos_attn-gnn_geo/dm_p,0.0031725850989274,0.0031725899999999001,4.9010725170113567e-09,True
daily/euppbench/spatial/samos_attn-gnn_geo/boot_lo,-0.034617910531450802,-0.0346179,1.0531450808648481e-08,True
daily/euppbench/spatial/samos_attn-gnn_geo/boot_hi,-0.0058776504041188997,-0.0058776499999999001,4.0411890240427129e-10,True
daily/euppbench/spatial/samos_attn-samos_mlp/crps_a,1.0218483602253734,1.0218499999999999,1.6397746265273128e-06,True
daily/euppbench/spatial/samos_attn-samos_mlp/crps_b,1.0023209308239984,1.0023200000000001,9.3082399832411532e-07,True
daily/euppbench/spatial/samos_attn-samos_mlp/diff_a_minus_b,0.019527429401374901,0.0195274,2.9401374973536679e-08,True
daily/euppbench/spatial/samos_attn-samos_mlp/rel_diff_pct,1.9482212533785681,1.9482200000000001,1.2533785680446383e-06,True
daily/euppbench/spatial/samos_attn-samos_mlp/n_days,730,730,0,True
daily/euppbench/spatial/samos_attn-samos_mlp/dm_stat,2.8893363765949487,2.8893399999999998,3.6234050506678273e-06,True
daily/euppbench/spatial/samos_attn-samos_mlp/dm_p,0.0038605586087904998,0.0038605599999999001,1.3912094679394136e-09,True
daily/euppbench/spatial/samos_attn-samos_mlp/boot_lo,0.0061790792417601003,0.00617908,7.5823988580914204e-10,True
daily/euppbench/spatial/samos_attn-samos_mlp/boot_hi,0.034750116672304099,0.034750099999999902,1.6672304141429617e-08,True
BH/euppbench/spatial/gnn_geo-nn_unk,1,1,0,True
BH/euppbench/spatial/gnn_geo-nn_knn,1,1,0,True
BH/euppbench/spatial/gnn_geo-emos_bst_gl,1,1,0,True
BH/euppbench/spatial/gnn_geo-drn_lak,1,1,0,True
BH/euppbench/spatial/drn_lak-nn_noemb,0,0,0,True
BH/euppbench/spatial/drn_lak-nn_unk,1,1,0,True
BH/euppbench/spatial/drn_lak-emos_bst_gl,1,1,0,True
original_tests/euppbench/spatial/nn_hybrid-emos_gl/crps_a,1.1130620285355819,1.1130599999999999,2.0285355819549267e-06,True
original_tests/euppbench/spatial/nn_hybrid-emos_gl/crps_b,1.1394641319080601,1.1394599999999999,4.1319080601454061e-06,True
original_tests/euppbench/spatial/nn_hybrid-emos_gl/diff_a_minus_b,-0.0264021033724781,-0.026402100000000001,3.372478168256476e-09,True
original_tests/euppbench/spatial/nn_hybrid-emos_gl/rel_diff_pct,-2.3170631381145057,-2.3170600000000001,3.138114505585321e-06,True
original_tests/euppbench/spatial/nn_hybrid-emos_gl/dm_stat,-2.4248592822880504,-2.4248599999999998,7.177119494272689e-07,True
original_tests/euppbench/spatial/nn_hybrid-emos_gl/dm_p,0.0153143214911302,0.015314299999999901,2.1491130212242249e-08,True
original_tests/euppbench/spatial/nn_hybrid-emos_gl/boot_lo,-0.046915960951261701,-0.046915999999999902,3.9048738229019442e-08,True
original_tests/euppbench/spatial/nn_hybrid-emos_gl/boot_hi,-0.0023995188239368001,-0.00239952,1.1760631643889519e-09,True
original_tests/euppbench/spatial/nn_hybrid-emos_gl/n_stations,117,117,0,True
original_tests/euppbench/spatial/nn_hybrid-emos_gl/frac_st_a_better_BH,0.5641025641025641,0.56410300000000002,4.358974359242041e-07,True
original_tests/euppbench/spatial/nn_hybrid-emos_gl/frac_st_a_worse_BH,0.29914529914529908,0.29914499999999988,2.9914529914298882e-07,True
original_tests/euppbench/spatial/nn_hybrid-emos_bst_gl/crps_a,1.1130620285355819,1.1130599999999999,2.0285355819549267e-06,True
original_tests/euppbench/spatial/nn_hybrid-emos_bst_gl/crps_b,0.97700185389345395,0.97700200000000004,1.4610654597291273e-07,True
original_tests/euppbench/spatial/nn_hybrid-emos_bst_gl/diff_a_minus_b,0.1360601746421278,0.1360599999999999,1.7464212784257249e-07,True
original_tests/euppbench/spatial/nn_hybrid-emos_bst_gl/rel_diff_pct,13.926296465038824,13.926299999999999,3.534961175333251e-06,True
original_tests/euppbench/spatial/nn_hybrid-emos_bst_gl/dm_stat,21.423935413276613,21.4239,3.5413276613383005e-05,True
original_tests/euppbench/spatial/nn_hybrid-emos_bst_gl/dm_p,0,0,0,True
original_tests/euppbench/spatial/nn_hybrid-emos_bst_gl/boot_lo,0.12394941512678399,0.123949,4.1512678407296116e-07,True
original_tests/euppbench/spatial/nn_hybrid-emos_bst_gl/boot_hi,0.14999135614053019,0.14999100000000001,3.5614053020549541e-07,True
original_tests/euppbench/spatial/nn_hybrid-emos_bst_gl/n_stations,117,117,0,True
original_tests/euppbench/spatial/nn_hybrid-emos_bst_gl/frac_st_a_better_BH,0.41880341880341881,0.41880299999999993,4.1880341883349109e-07,True
original_tests/euppbench/spatial/nn_hybrid-emos_bst_gl/frac_st_a_worse_BH,0.4786324786324786,0.478632,4.7863247865098657e-07,True
original_tests/euppbench/spatial/nn_hybrid-nn_unk/crps_a,1.1130620285355819,1.1130599999999999,2.0285355819549267e-06,True
original_tests/euppbench/spatial/nn_hybrid-nn_unk/crps_b,0.98319159345704321,0.98319199999999995,4.0654295674347201e-07,True
original_tests/euppbench/spatial/nn_hybrid-nn_unk/diff_a_minus_b,0.1298704350785386,0.12987000000000001,4.3507853866864293e-07,True
original_tests/euppbench/spatial/nn_hybrid-nn_unk/rel_diff_pct,13.209066873923891,13.209099999999999,3.3126076107947711e-05,True
original_tests/euppbench/spatial/nn_hybrid-nn_unk/dm_stat,27.014069009214555,27.014099999999999,3.0990785443663071e-05,True
original_tests/euppbench/spatial/nn_hybrid-nn_unk/dm_p,0,0,0,True
original_tests/euppbench/spatial/nn_hybrid-nn_unk/boot_lo,0.1203502131421043,0.12035,2.1314210429945746e-07,True
original_tests/euppbench/spatial/nn_hybrid-nn_unk/boot_hi,0.14049270443900061,0.14049300000000001,2.9556099939709318e-07,True
original_tests/euppbench/spatial/nn_hybrid-nn_unk/n_stations,117,117,0,True
original_tests/euppbench/spatial/nn_hybrid-nn_unk/frac_st_a_better_BH,0.28205128205128199,0.282051,2.8205128205227581e-07,True
original_tests/euppbench/spatial/nn_hybrid-nn_unk/frac_st_a_worse_BH,0.5641025641025641,0.56410300000000002,4.358974359242041e-07,True
original_tests/euppbench/spatial/nn_hybrid-nn_knn/crps_a,1.1130620285355819,1.1130599999999999,2.0285355819549267e-06,True
original_tests/euppbench/spatial/nn_hybrid-nn_knn/crps_b,0.98013314153752784,0.98013300000000003,1.4153752780909914e-07,True
original_tests/euppbench/spatial/nn_hybrid-nn_knn/diff_a_minus_b,0.132928886998054,0.13292899999999991,1.1300194593943937e-07,True
original_tests/euppbench/spatial/nn_hybrid-nn_knn/rel_diff_pct,13.562329582033051,13.5623,2.9582033050701284e-05,True
original_tests/euppbench/spatial/nn_hybrid-nn_knn/dm_stat,26.30483994372829,26.3048,3.994372828586279e-05,True
original_tests/euppbench/spatial/nn_hybrid-nn_knn/dm_p,0,0,0,True
original_tests/euppbench/spatial/nn_hybrid-nn_knn/boot_lo,0.1228518353696632,0.122852,1.6463033672420305e-07,True
original_tests/euppbench/spatial/nn_hybrid-nn_knn/boot_hi,0.14395540760214781,0.143955,4.0760214781165876e-07,True
original_tests/euppbench/spatial/nn_hybrid-nn_knn/n_stations,117,117,0,True
original_tests/euppbench/spatial/nn_hybrid-nn_knn/frac_st_a_better_BH,0.29059829059829062,0.29059800000000002,2.9059829059763237e-07,True
original_tests/euppbench/spatial/nn_hybrid-nn_knn/frac_st_a_worse_BH,0.65811965811965811,0.65812000000000004,3.4188034192528249e-07,True
original_tests/euppbench/spatial/nn_hybrid-nn_noemb/crps_a,1.1130620285355819,1.1130599999999999,2.0285355819549267e-06,True
original_tests/euppbench/spatial/nn_hybrid-nn_noemb/crps_b,1.0759308037963304,1.0759300000000001,8.0379633038418774e-07,True
original_tests/euppbench/spatial/nn_hybrid-nn_noemb/diff_a_minus_b,0.037131224739251401,0.037131200000000003,2.4739251452965405e-08,True
original_tests/euppbench/spatial/nn_hybrid-nn_noemb/rel_diff_pct,3.4510792523308358,3.4510800000000001,7.476691648022895e-07,True
original_tests/euppbench/spatial/nn_hybrid-nn_noemb/dm_stat,11.522959087986919,11.523,4.0912013078653331e-05,True
original_tests/euppbench/spatial/nn_hybrid-nn_noemb/dm_p,0,0,0,True
original_tests/euppbench/spatial/nn_hybrid-nn_noemb/boot_lo,0.030891912260118001,0.0308919,1.226011807006766e-08,True
original_tests/euppbench/spatial/nn_hybrid-nn_noemb/boot_hi,0.044139407783271703,0.044139400000000002,7.7832717076953256e-09,True
original_tests/euppbench/spatial/nn_hybrid-nn_noemb/n_stations,117,117,0,True
original_tests/euppbench/spatial/nn_hybrid-nn_noemb/frac_st_a_better_BH,0.36752136752136749,0.36752099999999988,3.6752136756135201e-07,True
original_tests/euppbench/spatial/nn_hybrid-nn_noemb/frac_st_a_worse_BH,0.51282051282051266,0.51282099999999986,4.8717948719634318e-07,True
original_tests/euppbench/spatial/nn_hybrid-nn_attr/crps_a,1.1130620285355819,1.1130599999999999,2.0285355819549267e-06,True
original_tests/euppbench/spatial/nn_hybrid-nn_attr/crps_b,1.1559871163896236,1.1559900000000001,2.8836103764806609e-06,True
original_tests/euppbench/spatial/nn_hybrid-nn_attr/diff_a_minus_b,-0.042925087854041602,-0.042925100000000001,1.2145958301623684e-08,True
original_tests/euppbench/spatial/nn_hybrid-nn_attr/rel_diff_pct,-3.7132842784706184,-3.7132800000000001,4.2784706186793642e-06,True
original_tests/euppbench/spatial/nn_hybrid-nn_attr/dm_stat,-16.18025772373494,-16.180299999999999,4.2276265059371099e-05,True
original_tests/euppbench/spatial/nn_hybrid-nn_attr/dm_p,0,0,0,True
original_tests/euppbench/spatial/nn_hybrid-nn_attr/boot_lo,-0.048629590990803301,-0.048629600000000002,9.0091966317706868e-09,True
original_tests/euppbench/spatial/nn_hybrid-nn_attr/boot_hi,-0.037550313199788299,-0.037550300000000002,1.3199788345685805e-08,True
original_tests/euppbench/spatial/nn_hybrid-nn_attr/n_stations,117,117,0,True
original_tests/euppbench/spatial/nn_hybrid-nn_attr/frac_st_a_better_BH,0.48717948717948711,0.48717899999999992,4.8717948719634318e-07,True
original_tests/euppbench/spatial/nn_hybrid-nn_attr/frac_st_a_worse_BH,0.34188034188034178,0.34188000000000002,3.4188034186977134e-07,True
original_tests/euppbench/spatial/nn_hybrid-raw_ensemble_gauss/crps_a,1.1130620285355819,1.1130599999999999,2.0285355819549267e-06,True
original_tests/euppbench/spatial/nn_hybrid-raw_ensemble_gauss/crps_b,1.211297738153134,1.2113,2.2618468660251523e-06,True
original_tests/euppbench/spatial/nn_hybrid-raw_ensemble_gauss/diff_a_minus_b,-0.098235709617552097,-0.098235699999999898,9.6175521296926192e-09,True
original_tests/euppbench/spatial/nn_hybrid-raw_ensemble_gauss/rel_diff_pct,-8.1099556717848849,-8.1099599999999992,4.3282151143131387e-06,True
original_tests/euppbench/spatial/nn_hybrid-raw_ensemble_gauss/dm_stat,-8.4138211118913553,-8.4138199999999976,1.1118913558760823e-06,True
original_tests/euppbench/spatial/nn_hybrid-raw_ensemble_gauss/dm_p,0,0,0,True
original_tests/euppbench/spatial/nn_hybrid-raw_ensemble_gauss/boot_lo,-0.1217513716947661,-0.121751,3.7169476616027996e-07,True
original_tests/euppbench/spatial/nn_hybrid-raw_ensemble_gauss/boot_hi,-0.073792242565171695,-0.073792200000000002,4.2565171706754334e-08,True
original_tests/euppbench/spatial/nn_hybrid-raw_ensemble_gauss/n_stations,117,117,0,True
original_tests/euppbench/spatial/nn_hybrid-raw_ensemble_gauss/frac_st_a_better_BH,0.66666666666666663,0.66666700000000001,3.3333333337992604e-07,True
original_tests/euppbench/spatial/nn_hybrid-raw_ensemble_gauss/frac_st_a_worse_BH,0.22222222222222221,0.222222,2.222222222070247e-07,True
original_tests/euppbench/spatial/nn_hybrid-nn_hybrid_res/crps_a,1.1130620285355819,1.1130599999999999,2.0285355819549267e-06,True
original_tests/euppbench/spatial/nn_hybrid-nn_hybrid_res/crps_b,0.98027650733124883,0.98027699999999995,4.9266875123965548e-07,True
original_tests/euppbench/spatial/nn_hybrid-nn_hybrid_res/diff_a_minus_b,0.1327855212043331,0.1327859999999999,4.7879566680841812e-07,True
original_tests/euppbench/spatial/nn_hybrid-nn_hybrid_res/rel_diff_pct,13.545721050261085,13.5457,2.1050261082677931e-05,True
original_tests/euppbench/spatial/nn_hybrid-nn_hybrid_res/dm_stat,31.082304507381508,31.0823,4.5073815080343138e-06,True
original_tests/euppbench/spatial/nn_hybrid-nn_hybrid_res/dm_p,0,0,0,True
original_tests/euppbench/spatial/nn_hybrid-nn_hybrid_res/boot_lo,0.1244006214424689,0.124401,3.785575310305545e-07,True
original_tests/euppbench/spatial/nn_hybrid-nn_hybrid_res/boot_hi,0.14188644413426049,0.14188600000000001,4.4413426050771138e-07,True
original_tests/euppbench/spatial/nn_hybrid-nn_hybrid_res/n_stations,117,117,0,True
original_tests/euppbench/spatial/nn_hybrid-nn_hybrid_res/frac_st_a_better_BH,0.1623931623931624,0.16239300000000001,1.6239316238952917e-07,True
original_tests/euppbench/spatial/nn_hybrid-nn_hybrid_res/frac_st_a_worse_BH,0.68376068376068366,0.68376099999999995,3.1623931617819073e-07,True
original_tests/euppbench/spatial/nn_hybrid-nn_hybrid_knn/crps_a,1.1130620285355819,1.1130599999999999,2.0285355819549267e-06,True
original_tests/euppbench/spatial/nn_hybrid-nn_hybrid_knn/crps_b,1.1118568356770655,1.1118600000000001,3.1643229345679198e-06,True
original_tests/euppbench/spatial/nn_hybrid-nn_hybrid_knn/diff_a_minus_b,0.0012051928585163,0.0012051900000000001,2.8585163906053035e-09,True
original_tests/euppbench/spatial/nn_hybrid-nn_hybrid_knn/rel_diff_pct,0.1083946079966757,0.10839500000000001,3.9200332423161571e-07,True
original_tests/euppbench/spatial/nn_hybrid-nn_hybrid_knn/dm_stat,5.5401346952158335,5.5401300000000004,4.6952158330171292e-06,True
original_tests/euppbench/spatial/nn_hybrid-nn_hybrid_knn/dm_p,3.0223908709103853e-08,3.0223900000000001e-08,8.709103851679034e-15,True
original_tests/euppbench/spatial/nn_hybrid-nn_hybrid_knn/boot_lo,0.00077995979670659999,0.00077996000000000001,2.0329337833361463e-10,True
original_tests/euppbench/spatial/nn_hybrid-nn_hybrid_knn/boot_hi,0.0016705592399502999,0.00167056,7.6004961742717758e-10,True
original_tests/euppbench/spatial/nn_hybrid-nn_hybrid_knn/n_stations,117,117,0,True
original_tests/euppbench/spatial/nn_hybrid-nn_hybrid_knn/frac_st_a_better_BH,0.4786324786324786,0.478632,4.7863247865098657e-07,True
original_tests/euppbench/spatial/nn_hybrid-nn_hybrid_knn/frac_st_a_worse_BH,0.41880341880341881,0.41880299999999993,4.1880341883349109e-07,True
original_tests/euppbench/spatial/nn_noemb-emos_gl/crps_a,1.0759308037963304,1.0759300000000001,8.0379633038418774e-07,True
original_tests/euppbench/spatial/nn_noemb-emos_gl/crps_b,1.1394641319080601,1.1394599999999999,4.1319080601454061e-06,True
original_tests/euppbench/spatial/nn_noemb-emos_gl/diff_a_minus_b,-0.063533328111729598,-0.063533300000000001,2.8111729624691328e-08,True
original_tests/euppbench/spatial/nn_noemb-emos_gl/rel_diff_pct,-5.5757198785486564,-5.5757199999999996,1.2145134231644761e-07,True
original_tests/euppbench/spatial/nn_noemb-emos_gl/dm_stat,-6.2512475988205454,-6.2512499999999998,2.4011794543810083e-06,True
original_tests/euppbench/spatial/nn_noemb-emos_gl/dm_p,4.0718672877915196e-10,4.0718699999999999e-10,2.712208480289722e-16,True
original_tests/euppbench/spatial/nn_noemb-emos_gl/boot_lo,-0.082864382098933001,-0.082864400000000005,1.7901066989844949e-08,True
original_tests/euppbench/spatial/nn_noemb-emos_gl/boot_hi,-0.041779704139458501,-0.041779700000000003,4.1394585398313311e-09,True
original_tests/euppbench/spatial/nn_noemb-emos_gl/n_stations,117,117,0,True
original_tests/euppbench/spatial/nn_noemb-emos_gl/frac_st_a_better_BH,0.65811965811965811,0.65812000000000004,3.4188034192528249e-07,True
original_tests/euppbench/spatial/nn_noemb-emos_gl/frac_st_a_worse_BH,0.20512820512820509,0.205128,2.0512820511631169e-07,True
original_tests/euppbench/spatial/nn_noemb-emos_bst_gl/crps_a,1.0759308037963304,1.0759300000000001,8.0379633038418774e-07,True
original_tests/euppbench/spatial/nn_noemb-emos_bst_gl/crps_b,0.97700185389345395,0.97700200000000004,1.4610654597291273e-07,True
original_tests/euppbench/spatial/nn_noemb-emos_bst_gl/diff_a_minus_b,0.098928949902876304,0.0989289,4.9902876372853726e-08,True
original_tests/euppbench/spatial/nn_noemb-emos_bst_gl/rel_diff_pct,10.125768902959001,10.1258,3.1097041000904824e-05,True
original_tests/euppbench/spatial/nn_noemb-emos_bst_gl/dm_stat,16.982851427885862,16.982900000000001,4.8572114138778488e-05,True
original_tests/euppbench/spatial/nn_noemb-emos_bst_gl/dm_p,0,0,0,True
original_tests/euppbench/spatial/nn_noemb-emos_bst_gl/boot_lo,0.087299322628186904,0.087299299999999899,2.2628186907569517e-08,True
original_tests/euppbench/spatial/nn_noemb-emos_bst_gl/boot_hi,0.11094454012847969,0.110945,4.5987152022530797e-07,True
original_tests/euppbench/spatial/nn_noemb-emos_bst_gl/n_stations,117,117,0,True
original_tests/euppbench/spatial/nn_noemb-emos_bst_gl/frac_st_a_better_BH,0.45299145299145288,0.45299099999999992,4.5299145301491706e-07,True
original_tests/euppbench/spatial/nn_noemb-emos_bst_gl/frac_st_a_worse_BH,0.3931623931623931,0.39316200000000001,3.9316239314191042e-07,True
original_tests/euppbench/spatial/nn_unk-nn_noemb/crps_a,0.98319159345704321,0.98319199999999995,4.0654295674347201e-07,True
original_tests/euppbench/spatial/nn_unk-nn_noemb/crps_b,1.0759308037963304,1.0759300000000001,8.0379633038418774e-07,True
original_tests/euppbench/spatial/nn_unk-nn_noemb/diff_a_minus_b,-0.092739210339287198,-0.092739199999999897,1.0339287231930784e-08,True
original_tests/euppbench/spatial/nn_unk-nn_noemb/rel_diff_pct,-8.6194400245875347,-8.6194400000000009,2.4587532010400537e-08,True
original_tests/euppbench/spatial/nn_unk-nn_noemb/dm_stat,-27.621509029501365,-27.621500000000001,9.0295013635000032e-06,True
original_tests/euppbench/spatial/nn_unk-nn_noemb/dm_p,0,0,0,True
original_tests/euppbench/spatial/nn_unk-nn_noemb/boot_lo,-0.099762674376133106,-0.099762699999999899,2.5623866847790389e-08,True
original_tests/euppbench/spatial/nn_unk-nn_noemb/boot_hi,-0.085827936111526795,-0.085827899999999901,3.6111526879878404e-08,True
original_tests/euppbench/spatial/nn_unk-nn_noemb/n_stations,117,117,0,True
original_tests/euppbench/spatial/nn_unk-nn_noemb/frac_st_a_better_BH,0.54700854700854695,0.54700899999999986,4.5299145290389486e-07,True
original_tests/euppbench/spatial/nn_unk-nn_noemb/frac_st_a_worse_BH,0.27350427350427348,0.27350400000000002,2.735042735069193e-07,True
original_tests/euppbench/spatial/nn_knn-nn_unk/crps_a,0.98013314153752784,0.98013300000000003,1.4153752780909914e-07,True
original_tests/euppbench/spatial/nn_knn-nn_unk/crps_b,0.98319159345704321,0.98319199999999995,4.0654295674347201e-07,True
original_tests/euppbench/spatial/nn_knn-nn_unk/diff_a_minus_b,-0.0030584519195153001,-0.0030584499999999001,1.9195153704368302e-09,True
original_tests/euppbench/spatial/nn_knn-nn_unk/rel_diff_pct,-0.31107384764768042,-0.31107400000000002,1.5235231959342954e-07,True
original_tests/euppbench/spatial/nn_knn-nn_unk/dm_stat,-2.6942988005301882,-2.6943000000000001,1.1994698123629632e-06,True
original_tests/euppbench/spatial/nn_knn-nn_unk/dm_p,0.0070536898621206996,0.0070536899999998999,1.3787926182728946e-10,True
original_tests/euppbench/spatial/nn_knn-nn_unk/boot_lo,-0.0053276111899940998,-0.00532761,1.1899941336143691e-09,True
original_tests/euppbench/spatial/nn_knn-nn_unk/boot_hi,-0.00081830396819239999,-0.00081830399999989999,3.1807564611699424e-11,True
original_tests/euppbench/spatial/nn_knn-nn_unk/n_stations,117,117,0,True
original_tests/euppbench/spatial/nn_knn-nn_unk/frac_st_a_better_BH,0.48717948717948711,0.48717899999999992,4.8717948719634318e-07,True
original_tests/euppbench/spatial/nn_knn-nn_unk/frac_st_a_worse_BH,0.41880341880341881,0.41880299999999993,4.1880341883349109e-07,True
original_tests/euppbench/spatial/nn_attr-nn_noemb/crps_a,1.1559871163896236,1.1559900000000001,2.8836103764806609e-06,True
original_tests/euppbench/spatial/nn_attr-nn_noemb/crps_b,1.0759308037963304,1.0759300000000001,8.0379633038418774e-07,True
original_tests/euppbench/spatial/nn_attr-nn_noemb/diff_a_minus_b,0.0800563125932931,0.0800562999999999,1.2593293158280616e-08,True
original_tests/euppbench/spatial/nn_attr-nn_noemb/rel_diff_pct,7.4406562495302975,7.4406600000000003,3.7504697028012401e-06,True
original_tests/euppbench/spatial/nn_attr-nn_noemb/dm_stat,17.895420443237573,17.895399999999999,2.0443237573886108e-05,True
original_tests/euppbench/spatial/nn_attr-nn_noemb/dm_p,0,0,0,True
original_tests/euppbench/spatial/nn_attr-nn_noemb/boot_lo,0.071436280561578705,0.071436299999999897,1.9438421275386201e-08,True
original_tests/euppbench/spatial/nn_attr-nn_noemb/boot_hi,0.089749760833605099,0.089749800000000005,3.9166394863454641e-08,True
original_tests/euppbench/spatial/nn_attr-nn_noemb/n_stations,117,117,0,True
original_tests/euppbench/spatial/nn_attr-nn_noemb/frac_st_a_better_BH,0.29059829059829062,0.29059800000000002,2.9059829059763237e-07,True
original_tests/euppbench/spatial/nn_attr-nn_noemb/frac_st_a_worse_BH,0.58119658119658124,0.58119699999999985,4.1880341872246873e-07,True
original_tests/euppbench/spatial/emos_bst_gl-emos_gl/crps_a,0.97700185389345395,0.97700200000000004,1.4610654597291273e-07,True
original_tests/euppbench/spatial/emos_bst_gl-emos_gl/crps_b,1.1394641319080601,1.1394599999999999,4.1319080601454061e-06,True
original_tests/euppbench/spatial/emos_bst_gl-emos_gl/diff_a_minus_b,-0.162462278014606,-0.162462,2.7801460600329619e-07,True
original_tests/euppbench/spatial/emos_bst_gl-emos_gl/rel_diff_pct,-14.257779026581474,-14.2578,2.0973418525471743e-05,True
original_tests/euppbench/spatial/emos_bst_gl-emos_gl/dm_stat,-23.214283893619559,-23.214300000000001,1.610638044269308e-05,True
original_tests/euppbench/spatial/emos_bst_gl-emos_gl/dm_p,0,0,0,True
original_tests/euppbench/spatial/emos_bst_gl-emos_gl/boot_lo,-0.1758008261189172,-0.17580100000000001,1.7388108281002348e-07,True
original_tests/euppbench/spatial/emos_bst_gl-emos_gl/boot_hi,-0.14731518299957161,-0.147315,1.8299957169065631e-07,True
original_tests/euppbench/spatial/emos_bst_gl-emos_gl/n_stations,117,117,0,True
original_tests/euppbench/spatial/emos_bst_gl-emos_gl/frac_st_a_better_BH,0.82051282051282037,0.82051300000000005,1.794871795635089e-07,True
original_tests/euppbench/spatial/emos_bst_gl-emos_gl/frac_st_a_worse_BH,0.059829059829059797,0.059829100000000003,4.0170940171502252e-08,True
primary_BH/euppbench/spatial/nn_hybrid-emos_gl,1,1,0,True
primary_BH/euppbench/spatial/nn_hybrid-emos_bst_gl,1,1,0,True
primary_BH/euppbench/spatial/nn_hybrid-nn_unk,1,1,0,True
primary_BH/euppbench/spatial/nn_hybrid-nn_knn,1,1,0,True
primary_BH/euppbench/spatial/nn_hybrid-nn_noemb,1,1,0,True
primary_BH/euppbench/spatial/nn_hybrid-nn_attr,1,1,0,True
BH/euppbench/random/samos_attn-nn_unk,1,1,0,True
BH/euppbench/random/samos_attn-nn_knn,1,1,0,True
BH/euppbench/random/samos_attn-emos_bst_gl,1,1,0,True
BH/euppbench/spatial/samos_attn-nn_unk,1,1,0,True
BH/euppbench/spatial/samos_attn-nn_knn,1,1,0,True
BH/euppbench/spatial/samos_attn-emos_bst_gl,1,1,0,True
