day,raw_ensemble_gauss,emos_gl,emos_bst_gl,nn_unk,nn_knn,nn_noemb,nn_attr,nn_hybrid,nn_hybrid_knn,nn_hybrid_res,drn_lak,gnn_geo,samos_mlp,samos_attn
17167,1.2913598834112829,1.4332074039336318,1.043616454776485,1.0165678649169241,1.0012432676839553,1.0701403183184068,1.1017662574077141,1.1063424456727275,1.1062141265638115,0.98217177563465707,1.1233877471892757,1.0126383681058817,1.05737128319461,1.0050157516080991
17168,1.5297221168958701,1.7074368913434679,1.3928097191218587,1.3777470109810297,1.3572408172932666,1.4213091288267274,1.4811342333617692,1.4722699805780535,1.471815062644857,1.3344973934534137,1.3706236739849667,1.2634150280048146,1.3338113384410821,1.2556945219030482
17169,1.3495762565293883,1.6421110725294914,1.2596601108941681,1.1350352075789707,1.1197182811732473,1.2167936024863224,1.2582703254304846,1.2496696645041434,1.246343082649213,1.1368215461738518,1.2214166345005621,1.1234000303646152,1.1717973104622925,1.0922156618306034
17170,1.1714670029105345,1.365877477143107,1.0191442422431456,0.97652680259745495,0.97304483420760823,1.0471709094050625,1.0746911125364289,1.0823450362108793,1.0816079249739488,0.93994843878442447,0.97098757321601259,0.93363968402974074,0.93900707060766031,0.86466534164833098
17171,1.0560235299659668,1.2652942974325976,0.92653203183259036,0.90536550705861996,0.89849578165288357,0.98359902894465623,1.0015651713331817,1.0384301332978365,1.0384489808726562,0.87747644333866714,0.92062349190817117,0.89420295068057332,0.88358620138749655,0.82834528617356351
17172,1.1538405257366071,1.1560775467696744,0.94768010539336434,0.95520122088652781,0.95482702583360723,1.0031006564550136,1.0206772933275756,1.0417386499872445,1.0428623925308675,0.89107548759616317,1.0017685391594622,0.96494565097080165,0.94686026072769425,0.91324277523348862
17173,1.2545783321652639,1.1764152291731449,0.92701061560415265,0.89718825047525508,0.91281947073345848,0.91673472403819789,0.92255679570506099,0.9379448084906622,0.93974460640058366,0.81582720139013332,0.98909343336437228,0.90411593223797337,0.96853227651263452,0.9189499225971941
17174,1.1446990571785267,0.97222574568139397,0.754428981661736,0.94341708971465266,0.95910110422499983,0.97944987307305498,0.96064169370024011,1.0023541180618218,1.0050237238878432,0.87162106597240097,1.016656318326816,0.90541528092034862,0.94811803680061346,0.9153054014069143
17175,1.2749345528170068,1.0120603059436744,0.80589062217825247,0.84230569511791253,0.8561268054764446,0.88513802060722158,0.87104755490924901,0.8988640265093415,0.90161890361042163,0.81025370772316141,0.93982477034410805,0.87581616738746493,0.86137730206300045,0.79748776957752654
17176,1.2771229729036031,0.9773307383676697,0.75811861905953259,0.78087635723918203,0.79784737765994906,0.82212679318860915,0.83553367039755766,0.83113018521354398,0.83559450569232163,0.73680470216664384,0.89419343899582648,0.82120567129362132,0.80710051521468451,0.75182083736848138
17177,1.2662670301041024,1.0953876272861922,0.79268192275488536,0.83856726922944225,0.84900420740127824,0.85651361190484898,0.89900453719282769,0.88446464947929315,0.88769603379772166,0.77334849756910529,0.90276651213453429,0.81978752037496683,0.86037437783268822,0.80503687708398164
17178,1.3620472534618708,1.2055768991759379,0.86390558931634764,0.92704909396900148,0.92795286339450689,0.94318953002733386,0.97633339052409662,0.96288326224455589,0.96413762012157855,0.84174399396123234,0.94427338984389775,0.86043895502019074,0.91879389670181166,0.84541388303908827
17179,1.4924654928890404,1.3027991907531253,0.92062100179236084,0.87982484326746546,0.86858925459321601,0.89516049489529059,0.95108399286792789,0.92577755870673895,0.92456553374465422,0.80569150978533044,0.91674030373010718,0.84776977527844544,0.89050181750941249,0.83080215930989709
17180,1.5532799391740166,1.2730178261730387,0.96024173928419032,0.90467714021213097,0.89025286861859609,0.92968725680044462,1.0128594061067469,0.9681758259343648,0.9677611762549081,0.83851195516468302,0.94999928905104492,0.87480006826921797,0.91098295701241372,0.84608960315263337
17181,1.9057905322846544,1.9047188413167855,1.5934814999947704,1.3578842254052519,1.3309737945662714,1.3634237909392997,1.4700831894449717,1.4207207142110316,1.4194541994668595,1.3149070739303959,1.4688042331853761,1.3262214850539773,1.3739823493651324,1.3377188315850645
17182,1.6892894959140055,1.7692346340593132,1.4703985493001468,1.2313258643195213,1.2024626008443584,1.2453052550690527,1.3566136340408745,1.3269602839441754,1.3239151624294965,1.1998596486725761,1.3543673336405531,1.2585843284295941,1.2703209061561953,1.2766058717396325
17183,1.7165091043186473,1.7612996166785728,1.5529831062869761,1.3271142906783617,1.2923703454720272,1.3462162610314101,1.4758254471749201,1.4297645970690382,1.4268654796569451,1.290956895011836,1.3832294165330647,1.3130602668312135,1.3774958431482995,1.339498488583942
17184,1.8388610342612011,2.0384620343368995,1.926442060349302,1.6430601974228309,1.601547504111797,1.6602375713008886,1.7962664262829331,1.7641652405713701,1.7602528634982948,1.6489167217077054,1.7176518750838456,1.6527322427033713,1.7364246543569795,1.6945495614760864
17185,1.653840197208182,1.555038301391747,1.589685170621618,1.4352741735191108,1.3882476374941568,1.4812067668589879,1.6111296598543066,1.5616389664852921,1.5594475156949736,1.435522886528652,1.4506837760762821,1.4278506839732592,1.5256379255561037,1.4289394045928419
17186,1.6378162233956488,1.378006476362541,1.3902536780836183,1.3623349850024387,1.3247094477380996,1.4171998365738587,1.5647946205283303,1.5155473034763327,1.5139702272266582,1.3876812921298842,1.3658376268857553,1.3576111076188877,1.4695080604446136,1.3698548563168638
17187,1.6478601031280806,1.616351807306958,1.5213794440541488,1.4063710151606623,1.3574800475195579,1.4453186744508328,1.5889068763842957,1.5597114159204557,1.5571758850867088,1.4344840654459976,1.4352117846802908,1.4174523021740204,1.4801281822023475,1.4344254678512498
17188,1.6125276252428034,1.6343972524163037,1.5521869119101157,1.3958491553938581,1.3516868379135414,1.4304414986868887,1.5661345776162616,1.5428866709939733,1.5403682440616715,1.4147075527462083,1.4645312254773901,1.3937170459896766,1.4944455689479119,1.4617654169829637
17189,1.6731115596100448,1.4760215693947301,1.3072192969127359,1.2421821557331314,1.2469535881273792,1.3118064654170178,1.3916500898639577,1.3749207730221611,1.3749040962639087,1.3056112157562909,1.3290979542320496,1.2908401036737738,1.3768417353977207,1.3397114347988852
17190,1.6674004612057234,1.3875556323881058,1.3228352550916287,1.2833320854575205,1.2978836921201884,1.3726975167859958,1.4744338683928548,1.4591466044887573,1.4584800651629803,1.3599668276607602,1.3524131448394723,1.3410464851784512,1.4020411213871418,1.3713050260822097
17191,1.4954710559504598,1.4454946251168683,1.3344492196588804,1.2317777176821081,1.2194346077205802,1.2918476356563822,1.4144565894640178,1.3845957980510606,1.3821738583963241,1.2867216584455492,1.2836231795976434,1.3067916456045072,1.2903103984605149,1.3140300678756798
17192,1.6550421311686976,1.6646701352528299,1.5167871655141929,1.4232263003235237,1.4203050979567924,1.4781340995291163,1.5695481747648485,1.5283743418430711,1.5276020987224803,1.4536049214792062,1.5182950403776529,1.4785233164559992,1.4535340430878947,1.4648305278287643
17193,1.9764334708600964,1.920680032057152,1.7342754040064958,1.6873770212893584,1.6850060140836935,1.7301527027110126,1.7838759359180052,1.7513515662514525,1.7524589773108699,1.7118561793614733,1.830292365724828,1.7124049235691847,1.7570198598534355,1.7449651181231516
17194,1.5288603822453457,1.5743416464618456,1.3224397579897049,1.3463230530494426,1.3339167959919853,1.3836929346157243,1.4151878694842768,1.4046567777488297,1.4045582740395326,1.367830597398799,1.4598679637689151,1.3466786490257923,1.3680983037087233,1.3499161027330788
17195,1.1233004513436442,1.1532144996401934,0.99813056991919069,1.0049224918118367,0.99273599002278989,1.0782706943617828,1.0775712883732185,1.0783185662912,1.0790111465156778,1.0123128786091005,1.0648936645411513,1.0264343693196283,0.99717191071366629,0.99163034860866683
17196,1.1072158045528175,1.0971471810688889,0.92502362591815723,0.9297960300252458,0.91864474279639041,0.99246754397154313,0.99456090266324837,1.0044007549896383,1.0042548433400693,0.9285171126240287,1.0265578378759317,0.95710944718755864,0.9094371767387297,0.87480508628128173
17197,1.0414706870492489,1.062039604113864,0.86209968273118853,0.92034567742235363,0.91157378183580573,0.95829496873713094,0.99801326934702783,1.0073165525828029,1.0070150411222265,0.91003882955375925,0.98219901778300811,0.92930847019551288,0.89808068051263445,0.91095408710680359
17198,1.1001693285075718,1.0335449327014379,0.81362185275801646,0.89007117113707157,0.87108593400175394,0.93022573660407359,0.96812791804719789,0.95381858802148345,0.95505603493247115,0.87027779605144173,0.95176519104347013,0.8747591096501427,0.84902141870874615,0.85453264711619892
17199,1.21067507720902,0.99027695078673694,0.85773040449979787,0.88865290933259056,0.8811666695987328,0.92722031681227235,0.98289107447438484,0.93780799482083566,0.94187640639734704,0.85218290357216164,0.95406196031341672,0.8997855981718007,0.87170606544140916,0.8569013047654358
17200,1.2637548857235503,0.97059652482028269,0.87572450192781215,0.9498030749437183,0.95838923526595854,1.0054352680044181,1.0569900084355621,1.0263135853980605,1.0309753357300437,0.9071726625399269,1.0242848797084676,0.95558441074535561,0.91684011355112671,0.8936012467031984
17201,1.404119856625196,1.0167149315468982,0.9821355087815119,1.0860495930674778,1.0995644524916079,1.1442365469420037,1.1907825120511759,1.1632359309354436,1.1691259261413558,1.0650100873727373,1.1595935718474113,1.1359800772810138,1.050521243843608,1.0191620590400172
17202,1.6034311631891009,0.97410918588032003,0.8862443284222099,1.0721478868270973,1.0891003619173405,1.136995065718416,1.1907958749731733,1.1553036989138772,1.1603194587878942,1.0256133175910187,1.0855311995588766,1.0300909299033585,1.0407275920755978,1.007369171614831
17203,1.3916823440914226,0.87737669749219849,0.78340348738996601,0.91261081250612774,0.92773176338445729,0.97834622595790799,1.0262084835437284,0.98675503128725472,0.99075576069765192,0.86593322550191354,0.93542920467266943,0.91200819894718477,0.86379563007607196,0.84875155627625287
17204,1.5349686653650836,0.95233574815303701,0.79464840971126838,0.93688557509256098,0.94554201123080173,0.99816272674088957,1.0547849764364696,0.98274994104334346,0.98694599717509512,0.87677250348922398,0.92244592031313155,0.93871573589619017,0.91113188456921645,0.88915497556842205
17205,1.4105123053234241,0.9979350038256013,0.82454386203586949,0.93315132624472374,0.93929849307416757,1.0066330056567547,1.0906087601656329,1.0088381813561118,1.0115923919859611,0.89467669200323552,0.94583355934632307,0.94759262092989538,0.92716805724275109,0.87833393204130306
17206,1.4554741099074311,1.0478550717899247,0.81619518768220012,0.90143858463964999,0.90676436711052333,1.0126692188274746,1.0903532076153466,1.0168754748161053,1.0171716253150971,0.91131070986091856,0.98666746612054657,0.96390013053669932,1.0007974707174789,0.90512834802191322
17207,1.2520632726193244,1.0132630605571478,0.90098274665608269,0.90352408414539065,0.89116838342151372,1.052826694980157,1.1450917855242899,1.0974334363872105,1.0956668004328485,0.95710400119307593,1.0151041186065382,1.0637574611633838,1.0392269881909768,0.94410636570533313
17208,1.4954902354727659,1.1400084008618694,1.1137195770150468,1.0728613837671619,1.0578621171780749,1.2000475218909614,1.307596126260016,1.2639967035832564,1.2617781772372605,1.12435333073386,1.1733032251659683,1.2639865203509146,1.1883648336941173,1.0819689561676009
17209,1.6619036729445857,1.2639759437098956,1.2200213230951544,1.167605402646233,1.1624924232680371,1.2657350208117235,1.3784548101753336,1.333885939766748,1.3325540685900226,1.2134626234138055,1.2751025619896474,1.3574647906235895,1.2826496409786547,1.1855219839226001
17210,1.3556706680296229,1.0980914346784216,1.0382604229824968,0.99309694844140095,0.98966752151653059,1.0552606056097875,1.1603729901432909,1.1270235490476996,1.1272729049509924,1.0067536430176476,1.0511335576048386,1.1400409009290626,1.06002925728265,1.0028066330753578
17211,1.4326346556910887,1.2390753233084759,1.1818094322895289,1.1641225594388582,1.15320643839473,1.2039033378277408,1.2958456811027996,1.2708610209924676,1.2707965073652827,1.1413149601600137,1.1892796558666208,1.2594460039651008,1.151864318759469,1.0971051450593878
17212,1.5796711110129227,1.3070912408685498,1.1653307497802345,1.1621346308705347,1.1564236244372652,1.1650751699176209,1.2147452893531079,1.198618108065969,1.1985397812197691,1.1089268867027233,1.278401107513137,1.2426539149840545,1.1299305912692568,1.0835560814748051
17213,1.5217645102076942,1.2961446720876739,1.0813139750599248,1.123329041054711,1.1270478607373724,1.1169020740941371,1.1531713580597682,1.1695721294902575,1.1701627653627462,1.077713438107716,1.2288636533637252,1.1014258853647074,1.0954793143761352,1.0601421021421216
17214,1.5587057612779995,1.2504825687383416,1.1346912410977263,1.1391151466204406,1.1463358059948119,1.1205734699752756,1.1585794986449318,1.1714129810328677,1.1718137728695253,1.1190573605268064,1.2700410564656341,1.1503593883311327,1.1287935019085638,1.103274669517994
17215,1.4594187630890882,1.1725054207819949,1.0670854674897472,1.0366437514400755,1.0355588460641056,1.0131402733483392,1.0374544692252463,1.0471433689311276,1.0487602375532641,1.0020210081873566,1.1521512923836481,1.0793293224412488,1.0437690412404439,0.97622146058295534
17216,1.0876891186883788,0.9745949175058245,0.73290977166017102,0.66316618702874597,0.66647310148531325,0.677602049535587,0.68732995970918431,0.70834652163668821,0.70986481379231636,0.64158962295352873,0.8777731154168501,0.76195281529217718,0.69886055108799328,0.64148536524240807
17217,1.0513522744870385,0.92034867235153739,0.6713580831842908,0.6479832163646031,0.64534372837636977,0.68370138782727952,0.6840308253921924,0.6894412305784009,0.69079180937653129,0.62059671476205192,0.83794857223798658,0.72601621438002206,0.71275802672634192,0.62642913541895706
17218,0.92039572251346002,0.93623108850438752,0.68665242519376335,0.70843398500995214,0.70003019646721931,0.76301334630827278,0.77634079031487846,0.77245289193351263,0.77064439817592245,0.67339830497919806,0.85091116813115786,0.79439770993428827,0.73798153085781804,0.6678148129834639
17219,1.1725853287249601,0.97092076154046913,0.80226679551404223,0.7661317519137385,0.75990336143630655,0.81300329889272649,0.82998771835962404,0.82888160236572028,0.82717377312874829,0.75111553514953078,0.91440322453281542,0.86502714937997394,0.79016242391157598,0.71535549248909835
17220,1.1980394574340403,1.024868793028417,0.87100392018433093,0.83849478151788182,0.82543793562627021,0.86655772440513812,0.88561884594233065,0.89328746306842588,0.89091959841447366,0.80449970734419185,0.97421717589842394,0.85872460843317555,0.8364835656285492,0.77543147084718722
17221,1.1813655072284437,1.021174515623589,0.86522374847319872,0.83671776628754202,0.82096087628930525,0.85811053379630509,0.89034803061906531,0.88356121277015465,0.88279194900226332,0.78268946151681507,0.95364658986091944,0.85638792578158018,0.80093172679255886,0.76735592420446141
17222,1.0850088321826785,0.96171190574618126,0.78718126377914599,0.78557343096226784,0.776764150551849,0.81397989483532507,0.83252652827967855,0.82064043262425923,0.82198189530461718,0.75472397526310397,0.90715881734180803,0.82585204041573412,0.7687592451737727,0.70928085784034867
17223,0.96277209213082371,1.0000010472740215,0.82765300604680481,0.86879077317034981,0.85531214668909727,0.8996801678316344,0.9349084505986065,0.92740249083032211,0.92904783157945992,0.82558860563966296,0.95656865841113081,0.87177935169664533,0.83309583506241081,0.80073754397248831
17224,1.0239961337804706,1.047884316956631,0.84459168302048049,0.8539003878481527,0.84050007891728096,0.87668139778316156,0.91169553210487919,0.88817294439253802,0.88970714472425905,0.85067726401253385,1.0176880013886771,0.87861102948629866,0.87374251668262481,0.82869703224120161
17225,1.1363259800323717,1.020302412560925,0.8204379732555529,0.81781243471384735,0.81286204805858631,0.85424308890099676,0.87732697688962447,0.86479612522701155,0.86796625969807839,0.78291291801008644,0.97313072551471358,0.85436152665572918,0.81475594537547535,0.76249469951040594
17226,1.1581274137577644,0.9885900242340554,0.79866960423404088,0.76679385657394972,0.76978290167613872,0.82722841250874357,0.83752614466020969,0.83294299616874834,0.83279843540189835,0.75553286380667029,0.95524161866999013,0.82540646728494682,0.78408128593903659,0.75254799810671713
17227,1.1623740801905416,0.95762308575284005,0.77297004519435963,0.70353769460872562,0.70853653677884498,0.79056481845338711,0.79470441614825005,0.78640209529707361,0.78661498070215174,0.72210074740955754,0.91350190487097649,0.79070019983964446,0.76658336728377829,0.72518945747050667
17228,1.069457316842729,0.97295356728191695,0.74819124092336031,0.69009611755301437,0.69274253451270473,0.77832540342530598,0.76765420439040655,0.75961400217057284,0.75880243420210469,0.71911128575420391,0.93755748497279079,0.80015642422825206,0.76107290346043421,0.71746016726958239
17229,1.1755098479827173,1.0251479350656219,0.82616124924564016,0.81888804187046182,0.81933672193635165,0.90971740261474499,0.90756145886722517,0.8773021787153984,0.87755407005792885,0.80324176427191307,1.0149802697468111,0.88686631782806413,0.85262388470093164,0.77065619292709675
17230,1.5258428032591942,1.3570364680904345,1.1385678470295244,1.2116365813938095,1.2195022806071478,1.2943693962321183,1.2768683971457062,1.2613011327959689,1.2617289832541894,1.2051359697828612,1.4176098697685933,1.2852169356691698,1.2715502882918981,1.1573421114685301
17231,1.7213966235547999,1.6552628926634656,1.4717055300212449,1.6543325218569436,1.6494817665070476,1.7214135397160046,1.7153742852971179,1.7014198110970511,1.699663286352179,1.6121287117699596,1.7872319707322573,1.6666166378791407,1.6822332397902167,1.5633438140067946
17232,1.1464297878681511,1.2599877464803653,1.1092867970071538,1.2651037329786354,1.2431914752113582,1.3253329051252132,1.3421358886447328,1.3399814899806901,1.3378129235142247,1.2681633300036539,1.3383101640718955,1.2838070589854111,1.254817778254832,1.1731977536157436
17233,1.0482662508223122,1.1363143188985412,0.98490005260822744,1.0920448875089712,1.0740107074798539,1.1792912296781355,1.2135062954128228,1.1779345843275473,1.17656590788413,1.1047913777669904,1.1959922914442487,1.1558026307448876,1.1046140568985994,1.0474452181245473
17234,1.2051812853456909,1.1259237705856058,1.0348096284892871,1.1054636274066469,1.0906575312788154,1.2153350441453645,1.2997011646390915,1.252752771394265,1.248745084710871,1.1506647142784956,1.2418863462453944,1.1757360727316426,1.1848803963939691,1.0966749555053228
17235,1.7139526412517827,1.3254760157200345,1.2250101213186171,1.2096496898883178,1.2302728950782584,1.3294577367917007,1.4656246620395117,1.3954647419175805,1.3925035971815647,1.2764242897314333,1.3992385961369191,1.3358022430370351,1.3197332005993523,1.2500303720996508
17236,1.2578209010994217,1.06555665263945,1.0044110519532605,0.9912437089065973,0.95812140208038765,1.1171071211035057,1.231998866187771,1.1680772414637732,1.1620135071276581,1.0450711956690126,1.105935098317997,1.1175212183954724,1.0600888375177484,0.98870216281315926
17237,1.6018936998124527,1.2548589707941697,1.1128814072797808,1.0622283131192674,1.0554868502998445,1.175294347031524,1.3214319497545124,1.2698731886840535,1.2638629289346841,1.1597737716432523,1.2005958236584313,1.1895663201407445,1.170622058439267,1.080158450068206
17238,1.3979726493127387,1.1550932595974477,1.0325769542246535,0.93019596033161656,0.91090878147190968,1.0162277972474647,1.1055157291416595,1.0800425626615162,1.0756764534670868,0.99642998424845108,1.0784992457962743,1.0825512409405327,1.0328648380938936,0.9448950279716849
17239,1.5537620577312146,1.2428690201095551,1.0946519802803261,0.98282578259788822,0.97470959818861358,1.0487965005415227,1.106083810414817,1.0775431965935103,1.0759963566175152,1.0329198468781133,1.15728514210259,1.1246294083577362,1.088632360439646,1.0133305325824529
17240,1.510124354081456,1.2237145135275234,1.0778294816229235,0.93271795483632014,0.92938542973885718,0.97355642078713933,1.0070137292780375,1.0133090427426374,1.0120873732361033,0.97547723213083526,1.1395237484687002,1.0966071609609123,1.0132202973822229,0.94198723554925456
17241,1.3339521612307417,1.131797623731863,0.85980658894287831,0.81844278943586224,0.83040140696505771,0.84616321556144058,0.87445925679912451,0.88342343826054437,0.8851709027449205,0.84383566720108638,1.0283736297636732,0.95380909470379582,0.86416173212244241,0.80141366922480228
17242,1.0778873652129246,1.0913376882711843,0.77446347028294027,0.77927367588085095,0.78008498466993781,0.82993362017145722,0.83984925702160329,0.85433517618572274,0.8557759834362435,0.78877897760717341,0.97890503582030131,0.9347969453272309,0.81502432952458748,0.74730143619664036
17243,1.0241801711676712,1.0299943924819446,0.73602672680090775,0.72119698836079926,0.71792894969157006,0.79990311130932834,0.81733228368769617,0.82418939285589565,0.82358456258318724,0.70796662551322675,0.9105376558492394,0.8695494908094823,0.73669896268786317,0.66457227986759071
17244,1.3292818356664606,1.1319511760988628,0.84981556777955991,0.82875577760737107,0.84342008040142291,0.90312414094308491,0.92691081230647032,0.92745057108003792,0.92714929762107479,0.83892485276403717,1.0863756884913522,1.0053542371301076,0.87175680844651549,0.82291972211722964
17245,1.0672318757650066,1.0079041847068719,0.79585212587133958,0.82581245977557882,0.81638735155547304,0.9409258447922253,0.98020996696826512,0.94919746121129212,0.94687743865786655,0.83107347273192611,1.0177746549013309,0.94301212312692972,0.86453902964511475,0.79786584413846662
17246,1.0384997508369009,0.9628758769733583,0.81748021736982324,0.9037410870683259,0.88072497122487359,1.0405547223176512,1.1157605397565096,1.0496880364453558,1.046093239521618,0.89092220221744722,1.0275900313256232,0.99241348982225597,0.89530302965963293,0.83580255122159408
17247,1.3559812453633575,1.0851333124918716,0.94348258171405042,1.0419552540877164,1.0310238507145466,1.1512112051596881,1.2627001499831265,1.1630569573938274,1.161005274054403,1.0141697934066927,1.1651306799844274,1.152167005279346,1.0356688686078572,0.97238332565979124
17248,1.4308885134799352,1.1199625799673889,0.99393261842366476,1.0196872436864823,1.0079501908714501,1.1099587831115925,1.3003416459063057,1.1979709904534583,1.1960700055961124,1.0285852544383582,1.1307382793809282,1.1332338726624793,0.96429717226211109,0.9622364624039047
17249,1.6381691947617611,1.2762667092229403,1.132969269059938,1.1317392215471103,1.1191432550799336,1.1756913467348515,1.3346306609310967,1.2827848177462458,1.2781941236111274,1.1166210591655059,1.2213343098192666,1.3056925803022783,1.0708923777893995,1.0521180245988977
17250,1.5571108901530846,1.2332641488480396,1.1219885462567678,1.1325056635071193,1.1154233838137506,1.1899797310070985,1.3232710277934949,1.2915846858804449,1.2848707852568617,1.1058385227320795,1.186782739052844,1.3116780534597237,1.0633035412256868,1.0352222940513889
17251,1.5782881883844773,1.2745062544995813,1.2007437947230748,1.2037650443036549,1.1816438586193221,1.2278947657050729,1.3515376910928238,1.3354352916947321,1.3282462279155272,1.1620185330326833,1.2282081328359189,1.3429282989223306,1.1163677915996777,1.0708067197584969
17252,1.5951886399114077,1.2952325518415599,1.1557982348206794,1.1473333640522176,1.127175467883047,1.1988940120196003,1.3072421063713802,1.2818314651689111,1.2740039275172634,1.1374176420230913,1.2169719349438624,1.2708195547690786,1.1267166840322704,1.0701544440826338
17253,1.4928878959000464,1.2235259088301336,1.0400004787667725,1.0443765617424585,1.0280572916031747,1.0811214505258226,1.1598970603425898,1.1499768216156698,1.1444913026600356,1.0416649315025566,1.1388778473554173,1.1564285301720496,1.0184572960584328,0.98522935996985106
17254,1.5370565298293162,1.2626807320654716,1.0403356877969574,1.0390059831162211,1.0444161352414305,1.0568377030864304,1.1253837941429368,1.1178226323943745,1.1136365181932426,1.0348742125755443,1.161664337376243,1.1329013864030539,1.0191761450692733,0.99497246047637733
17255,1.5485911168782649,1.3380998908612891,1.131145402625471,1.1640965941290935,1.1536394606438021,1.1827103308974256,1.2723609024473328,1.2670670539716551,1.2598529265755924,1.1822656845245332,1.253477358161897,1.2475504469342571,1.153051857053353,1.1160909130936871
17256,1.3285635674456286,1.2197325418636613,1.0233001503821855,1.077507263107123,1.0707925910056357,1.1154235835246136,1.151365683652873,1.174776875253063,1.1692323315617277,1.0558355791979992,1.1888242394039945,1.1810318796869814,1.057799171621189,1.0165169193706023
17257,1.3114043710877459,1.210196551733004,0.97292906170429594,1.0146961161916328,1.0189433355971347,1.0568973480269379,1.0859530755661952,1.1125874255792501,1.1059654874914993,1.0073209558734835,1.1597444506198133,1.1465328381558546,1.0315258493140114,0.97350459841288506
17258,1.1937408012697472,1.1416679965773902,0.99265135071404553,1.0157735774793972,1.0133666729276103,1.0887547406011897,1.1313997426183009,1.155886011119617,1.1505478147966268,0.99596418411806453,1.1127600504417456,1.1086648236486965,1.0126436179845362,0.97179416784849004
17259,1.152231678984823,1.1152118699916638,1.0039751293038073,1.0364611422568311,1.0305300160352917,1.134777238005521,1.181458585704644,1.2061766864256849,1.2050459749153875,1.0263608763878542,1.0607294042578019,1.0865791338348938,1.0143208736889815,0.9704463569265982
17260,1.2503526293299965,1.1452405163363559,1.058201117120404,1.0500474582302486,1.035970033757571,1.1093177762239239,1.1669430531423119,1.1733655046255014,1.1688049127547133,1.0223545551551922,1.1106144063270347,1.1281638594305456,1.0258775133131863,0.95372540478915535
17261,1.5238593642133735,1.3474869255309374,1.2238737908429635,1.182156582202911,1.1782513487662503,1.2563407777954512,1.3248158713661924,1.331864290101189,1.3251185482733276,1.203747309795727,1.2805532226627108,1.3024221777413727,1.1946137496712006,1.1253303916679178
17262,1.4817562919562071,1.3730384845837686,1.2684185550452693,1.192061324547192,1.1737282959619266,1.2681252517151167,1.3447610752816799,1.3637059460714922,1.3561574544273145,1.2331715092642355,1.2640643896583807,1.3104073380178858,1.2061233380125278,1.1313306207981573
17263,1.3343322383320115,1.2585917650439531,1.1624404726792728,1.2025406875802598,1.1742466135884977,1.2254257874093244,1.3214241242176659,1.331241156920447,1.3238738648600308,1.1987463220615675,1.2121866936789221,1.2586372344413974,1.1752009982467111,1.0949409943854165
17264,1.5455379962358016,1.3486568794127511,1.2184469516901859,1.2155325020408656,1.18549059965288,1.1948080442499216,1.2913486407190571,1.3158594832637636,1.3077111373145573,1.2067816092728247,1.22837677653382,1.2718646215553997,1.1538718802146919,1.1030152927162258
17265,1.3943732378298332,1.2514891571699207,1.0807052264698065,1.1039619197200925,1.0984870135617228,1.1165057185252654,1.1769148965266043,1.1789846215237818,1.1739276474090927,1.0611399473646346,1.1699920458554691,1.1978718190518156,1.0652768019289689,1.0369900944883921
17266,1.1573417794431531,1.1362136439370829,0.93992070131033856,0.93267675198978139,0.91331042523294192,0.93900316369859549,0.97191378460464573,0.99808179103115691,0.99486632511491657,0.88139546825939952,0.98702802687402869,1.0375869163768181,0.88898514917910232,0.86232200826575167
17267,1.1572394131043575,1.1064480579656195,0.88475444194329578,0.9054121122693779,0.90233243050325651,0.92648076789902289,0.94271353148307446,0.95600191308253535,0.95302343620211272,0.86366768388898374,0.97408972690014284,0.99885826488596019,0.88771380437941161,0.84679702087029862
17268,1.2074797483558481,1.1529487074969098,0.89329322690724944,0.96030522824510445,0.96327064631394543,0.98006004664551172,1.0015035607893708,1.01921230410071,1.0156900685211032,0.92732743295475761,1.0444279118023698,1.059177320880085,0.94372837411275012,0.91867549869880405
17269,1.2350894769559713,1.2270079077868539,0.99416103565888592,1.029915100416757,1.0257038175273796,1.0767146978929629,1.1213859454725879,1.1249858808628295,1.1226505630092267,0.99404547501327811,1.0593504566928169,1.0713371702940973,0.98859843928665148,0.96343820980713579
17270,1.0473436885953675,1.1196125310581881,0.91440717991166909,0.91178348315302149,0.90343247264016879,0.98110025445586191,1.0169853820822929,1.0325374216034628,1.031677586343289,0.88128641919170425,0.93313761203686751,0.92380441862545459,0.86816074384307518,0.84994264449849066
17271,1.1841176302881586,1.1875408800725544,1.0449127202145811,1.0293226123891857,1.0089324346080299,1.0775676783872341,1.1467166237361137,1.1348423007096884,1.1322210455543755,0.93720996853802419,1.0554708120085718,1.0396631143231301,0.96496252680314931,0.95476161571994334
17272,1.1934382069255522,1.1631345438219776,1.0255691417539561,1.0348795994858289,1.0132255335073419,1.0597750960977295,1.1703731281200118,1.1380521482956969,1.1342693698855921,0.94606829135049642,1.0169059011161707,1.0433676212723026,0.96916590049215889,0.96819461756311909
17273,1.3079454408529569,1.2100151482792429,1.0500520983857169,1.0942860960792751,1.0690489458054904,1.110031054318533,1.2291504600271526,1.2074979995402593,1.2008513272955899,0.99706170138442274,1.0915919165009187,1.0961334043056676,1.0323317879001177,1.009164022709975
17274,1.4061553749539553,1.2208286897310576,1.0485372085392777,1.0967243923523058,1.0952581973532132,1.1031190017448838,1.2397005504877301,1.2180739726232599,1.2132988364579316,1.0326031385720065,1.1304752070681696,1.1407041241892362,1.0760359250466307,1.0571378478194231
17275,1.222664429458985,1.2280467504095134,1.0654221734919183,1.0255770355522027,0.99948591641906825,1.0278403513954562,1.1585990415140939,1.1383836834042882,1.1329292619501581,0.96285335658294824,1.0560223059296328,1.0550955738407519,0.98497049350978438,0.9412143829829035
17276,1.3280369362848405,1.2563045539912474,1.1095661490553062,1.1409724123066924,1.1317245189651406,1.1639457359935848,1.2569177356913366,1.2421031204490507,1.239197993919718,1.0839347863464901,1.1636256025339464,1.1548085576052309,1.130202613141569,1.0642013003605491
17277,1.1925443198223413,1.2520322866675739,1.0395037391684785,1.0154157389007816,0.98938853445137676,1.0657671855942805,1.1757001047744602,1.1332749926406065,1.1295715216863254,0.97240039280082136,1.1028820113284001,1.0887131797525027,1.0063011676528582,0.95325604632063277
17278,1.1872914585367629,1.1579984107776609,0.94672592967888836,0.93647571405428243,0.92134193370693385,0.98138596191942484,1.0788139481520804,1.03911158141231,1.0340807040712134,0.89510444842462933,1.0040337763876912,1.0286523591016503,0.97358971837726727,0.89956005490418134
17279,1.2970244490280936,1.1722059081332785,0.95804294709889137,0.97507353368858585,0.96547782086706702,1.0133139123001484,1.0935334003225303,1.0639314112064409,1.0570879179497052,0.94904603940313603,1.0804392774331808,1.0823560099868155,1.0365010648859265,0.98458267841292602
17280,1.2093357261147428,1.1204394834965998,0.93477001419523731,0.96043552704171886,0.94514559862245329,1.0309475991704697,1.0962234590007356,1.078744753242403,1.0729185032944968,0.94018714486325239,1.0310856091991607,1.0160050077753542,1.0137268110680875,0.97153648102527357
17281,1.1724603870278953,1.1010348410766548,0.93687269717411326,0.98822113630412523,0.96925761422922063,1.0575445267861145,1.1579940512165066,1.1320145780197066,1.1236087990527428,0.96382846252420484,1.0150764122888611,1.039808222981065,1.036976650523834,1.0014136989838696
17282,1.4789164262517733,1.2652789540998399,1.0860045514617245,1.0948883393413331,1.097202826457365,1.1432960480183616,1.2500336771878495,1.2156718946446183,1.2102727325619906,1.0702941720339176,1.1675596460743749,1.1830490196828825,1.1456929332392312,1.112064002026439
17283,1.3392632749296405,1.1976984809108702,1.037100917453895,1.1125247536256693,1.1147169376983024,1.1353625193632757,1.2493149811694033,1.2056222240696146,1.2027801184146538,1.0633969440558118,1.1161373296471129,1.1081273404595509,1.0751871136539923,1.0844027255363695
17284,1.259623369224858,1.1497347040719665,0.90315911269452209,0.95673608687168887,0.95546015825958031,0.96121634166708447,1.082486822032305,1.0253805564742471,1.0228065692344837,0.89897123180905125,1.018257672158037,0.96267337654453755,0.94364721420729125,0.93432257643192707
17285,1.2032670165741315,1.0877867597042061,0.84013583815942883,0.8834685903412075,0.89990920696751986,0.88901456647127342,1.0159356663455963,0.95212631011820115,0.95099055301848123,0.8448148258713386,0.94657065743603519,0.89655652602346081,0.83704133579774398,0.83830879152922766
17286,1.0512083271596118,0.97027187071953458,0.72720038937830067,0.75883786463516201,0.75623234214838553,0.78487531221293794,0.85448815684858159,0.80536131943395028,0.80225463233802496,0.70497359759069567,0.84205615096199216,0.83071465971354286,0.72192653460852863,0.73178735448686028
17287,1.0320518871918745,0.95150389445553052,0.69228715181692591,0.76725362959284638,0.76244200476362667,0.80980482009532295,0.91037624034753317,0.88297874097436169,0.87891720942457596,0.72493174236350078,0.82691563741289908,0.82841603285121934,0.74444665092806461,0.72230454969172064
17288,0.8987718014785091,0.89246737320735881,0.60711940612118764,0.72321277749523061,0.71450675552808218,0.78559653986829803,0.85938218718292603,0.83435644102737339,0.83347432942082555,0.67739391329478404,0.75975814538800079,0.75087870761350595,0.66903129876918577,0.63632066245204033
17289,0.8608880107678738,0.86937529900066612,0.6215396109333523,0.7267791297759334,0.71637465986300242,0.79430684008701236,0.82872523543485699,0.82200561204845068,0.82123579766669086,0.68135701148619732,0.74855983149231997,0.74039986996129947,0.65184634270789221,0.61119579917773403
17290,0.87131026146829815,0.90497718426335605,0.64286401693595974,0.71870855403367939,0.70990099812371954,0.79863889935214905,0.84348418706403927,0.83653967063060342,0.83574900794903084,0.67952765635208257,0.7692820978550029,0.76891277792139268,0.67724727773208249,0.63457909987886152
17291,1.0105190542439848,0.91868145194945716,0.7153291778707036,0.7956989960024845,0.79144199782196845,0.87519703348790612,0.95256326866111196,0.91500400790632386,0.91202486053680609,0.76494158691196412,0.88143049225311454,0.8741430027285686,0.79737957453114072,0.76050696908187221
17292,1.1172859217363977,1.0624693037091748,0.87118009002386998,0.82464643669696247,0.81571294753850498,0.93818239836339057,1.0193639015893063,0.97171309121851135,0.96887347635573284,0.82433857750933104,0.93856558027866344,0.96301612479684739,0.86519228121676284,0.80490906562238362
17293,1.286428343530815,1.1618366776782523,0.92606782230441265,0.86067942990069946,0.86157530606429533,0.95934054530841406,1.0462126816201218,1.0043624118704053,1.0014975014205387,0.85137777268634096,0.99794153754049109,1.0283357439331393,0.90394352874841855,0.85894189792613751
17294,1.3282276181722914,1.2081278870091137,0.97928597195655176,0.90176973189477783,0.91413773378365581,0.9844581836653874,1.0802781649706157,1.0413958641097132,1.0370574259597893,0.90991696251945497,1.0714513350628063,1.0955564418876833,0.95743140793704318,0.91951015839041494
17295,1.2953285510725625,1.1336596716468181,0.91300335888921569,0.89342007214314545,0.90135553876658248,0.94451875365645666,1.0607365452955204,1.0252701577453844,1.0204636323938978,0.90231117409588235,1.0290107231957661,1.0552671819839035,0.91557373522607632,0.87629051606267838
17296,1.3024150505194811,1.1708045299801637,0.91706136933791116,0.89366479396283505,0.89845006937546046,0.9346536375818798,1.0402107536518654,1.0112008304072904,1.0090751377910914,0.90238891237727092,1.0253865964569364,1.0372984043815179,0.87554498548508475,0.86314614566922709
17297,1.4949580372252758,1.3306129636287307,1.1223262677258856,1.0772683412198134,1.0925912335608001,1.1550610620824313,1.2339285100955564,1.2244423765518024,1.2225935236874004,1.1018696734963516,1.2215211956497913,1.2199300236298027,1.0691649971185262,1.0530080954302885
17298,1.2556252318208818,1.1772619287781085,1.0415032140124958,1.0557223041922643,1.0402089825212275,1.1594101412240765,1.223105021445434,1.1967961319954619,1.1936932597154393,1.0414455970004048,1.0952269073192509,1.1365346248449937,0.99401646027558677,0.9887588952606774
17299,1.782137085131235,1.6118777291204935,1.3226668252224802,1.3889943979443871,1.4108278963648251,1.5024288772010159,1.6163385010608884,1.587077782639237,1.5838645258369199,1.3947076755829222,1.454348456804599,1.4441653683519782,1.3869513008329653,1.3518189671721736
17300,1.8295781288667055,1.6123180165959552,1.4369482803412323,1.4741350692660398,1.4917089694196788,1.5562736954881418,1.6290435273918888,1.613721427474563,1.6121195344708956,1.4852904803018752,1.5290540702251727,1.5028117518754798,1.4445028020978381,1.4107533300627835
17301,1.7891934215837102,1.620665920884548,1.4194696112888203,1.4401444516953257,1.4618128698307165,1.5244818164470524,1.5933168101345254,1.5641821367718647,1.5618811042057801,1.4361230167805814,1.4756801979941709,1.4144530411593397,1.4174340536981374,1.4012705242121255
17302,1.5780517272794143,1.4441252727975626,1.2716537122271669,1.2356815791977298,1.2449683642941243,1.2935473070002137,1.3840320386577645,1.335937769294975,1.3348166460097977,1.2208882599726747,1.2878470209992059,1.2389568115733967,1.2212647166994031,1.1799529277889371
17303,1.3053709098249302,1.2587315111308341,1.0932469933227993,1.0851063290786889,1.0885437688568707,1.1554380359501435,1.2557760778556037,1.2025727846061967,1.2021841968717317,1.0931114337833236,1.1458338125783991,1.1139118756971891,1.0790229963516851,1.0522582073383908
17304,1.2333286135038888,1.2012372717289155,1.0651520637388767,1.0228185240540679,1.0143725878509167,1.1114291322314931,1.2032134136106321,1.1546914014717899,1.1505520012707557,1.0351345795260445,1.1229756788115937,1.116974348953933,1.0411122955940906,0.99811944763902105
17305,1.2890381369753288,1.2163780937749653,0.99496072357407861,0.95232475899932745,0.95366728404838264,1.0420863396602518,1.1603975765196364,1.1154714988621741,1.1091179875244204,1.0073081293535691,1.0938408675023092,1.0998778225339318,1.0277202641487353,0.97027386323606879
17306,1.5643133626388568,1.4281020243260634,1.290883164566049,1.223919170613663,1.200833774182906,1.258533408069441,1.4074391890769287,1.3556394395469422,1.3476892803698401,1.2677292399473563,1.3642735730365321,1.3845047110801625,1.2871393222355816,1.2481868293920244
17307,1.3466996193311471,1.245512156376146,1.0196655338794591,1.0522891235874694,1.0531898651404275,1.1197085875533526,1.2724561892502118,1.2231926726513749,1.2146367359024406,1.1190356658216025,1.1655973880208552,1.188312448070278,1.1394593013607064,1.095184822391454
17308,1.5049835159630367,1.3593934026516483,1.0728423695757139,1.0569422486928688,1.0769954686485694,1.1083647629992974,1.2669676973925859,1.2022289540759876,1.1957258291070165,1.1327320205187072,1.2165448905136846,1.2324251411686133,1.1555270464089649,1.1324227632148476
17309,1.6381029017030819,1.4816248110888512,1.1568917330307655,1.0783337953779066,1.1429183116927515,1.1430043327557775,1.3188937118847925,1.2377280144637137,1.2356861109391784,1.1920089932447981,1.2971204148157698,1.2527322065821218,1.1587631693028193,1.1987520236023144
17310,1.3658935540872272,1.2448404795826169,1.0397038436907586,1.0359749691564555,1.0581483737539803,1.0907323805650151,1.2887917274383724,1.2072667872753016,1.2024699638172494,1.1096044931814089,1.0879136722699818,1.0940225097622855,1.0038421650342202,1.0662078087945652
17311,1.6089426772279314,1.4768621246949667,1.2702414988561217,1.2588848021362058,1.2879909540867567,1.277689518416478,1.4538277525572032,1.39275503667798,1.387856019763084,1.2968634843746925,1.3365393940165857,1.3562019697177967,1.1689381909492993,1.2677187080813408
17312,1.3860495985275398,1.3128924068961705,1.1097333605103348,1.1298762003626557,1.1545161434774847,1.1520470953459576,1.319916857397645,1.2828842177778661,1.2795662901351414,1.1756247056023039,1.1735931637827142,1.1824370237486483,1.0547651157076248,1.1473946485573727
17313,1.3280765153294232,1.2839250304377869,1.0331516750756207,1.0653355254254013,1.073496927683006,1.1196574217451984,1.2540825027156111,1.1929104358503517,1.1882121034295228,1.0964613126496512,1.1634403882183579,1.1593181992304262,1.0481313499376257,1.133129618522045
17314,1.5001831163095571,1.407676809004567,1.1589183181662255,1.1859718409233604,1.1998198695263469,1.2697097916631062,1.3965861972423819,1.3111961907635508,1.3070609120711865,1.2104463014297722,1.3319111466889881,1.3198747585442054,1.1870939384347929,1.3099238145492387
17315,1.2039233062373986,1.183705529762884,1.0059277772614437,0.99914465185464774,1.0018150065925508,1.101600880227555,1.2335116140066944,1.1869269425661131,1.1825244632091072,1.0475819569691771,1.1706242811254979,1.1379861406085316,1.0748692501514159,1.1719199621147514
17316,1.1476753426224353,1.0995608848846232,0.89668666119047824,0.90348971426900282,0.91541919266484517,1.01813221404525,1.1512046479174027,1.0751807224008436,1.0730754448556286,0.92695321593998636,1.0701437280875061,1.0355660816308641,0.97024818447035743,1.0914690531194959
17317,1.3360785771864239,1.2525544420072121,1.0695519709132244,1.0661453385312751,1.0576675894956833,1.1683248112497961,1.2949415971103369,1.2048100395941195,1.2005528734349584,1.0591240134894506,1.2272397893566636,1.1956996619504492,1.1091061302346621,1.2333634172072696
17318,1.4208846470794536,1.3033927633500209,1.1990213788606865,1.2441612008795435,1.257218266091422,1.3814090805332788,1.4558181450611205,1.3907695273314413,1.3875591708458721,1.2790145517019538,1.4038514969009246,1.3421926332710186,1.3003447323630783,1.4203130551777285
17319,1.127217667176857,1.0974522103227358,1.0018112611725192,1.026210610578411,1.0315905378224426,1.1977590047692552,1.2424339378874654,1.1790288946335685,1.1780496147541248,1.0044861695936735,1.1304827257720969,1.065448606280581,1.0444035886881182,1.1438354291352881
17320,0.977122864812212,0.96505040493195893,0.90764339708960717,0.90284915131805799,0.90363055583934304,1.068904322907192,1.1309192170840554,1.0669668572336981,1.0655565848177937,0.88272923491612265,0.95861594294941965,0.90672568088177152,0.88941204518845363,0.97163990384886478
17321,0.97530288712411473,0.95594204588606846,0.96344612283418007,0.97530313440045291,0.96097320310047529,1.140184497591485,1.2659915728530902,1.1763431035233343,1.1737331462918967,0.97021745289047567,1.0218852269428291,0.98805062449065895,0.9892865371318621,1.0422938732878821
17322,1.3682009009446412,1.2741159983927675,1.3084576360508244,1.3355088742401575,1.3209226653379686,1.4762930882717258,1.5871659519361954,1.5081996162502251,1.5064137579834551,1.2925475848223831,1.3591218208936602,1.3480468463251398,1.3128667294026257,1.3838347309750652
17323,1.1211419221816694,1.0516961596708505,1.0567058012864963,1.0831240016634138,1.0485745812755409,1.2006019883487253,1.3306359147473092,1.2505366202648351,1.247796418184673,1.0235826865939373,1.0927633865496427,1.1008315491186718,1.024316899739238,1.0977331697004007
17324,1.2797744364428312,1.1935494218851395,1.1402935850445985,1.2117379740159295,1.1681686832503202,1.2764393532978231,1.4420486854622192,1.3556929202345489,1.3524717723354642,1.1516779326874611,1.2077272199065847,1.2169102916219163,1.1502002495183166,1.268364243311308
17325,1.209247347054818,1.1473310675437332,1.0937689668151129,1.0968459895746185,1.0698788540250961,1.1952561518302409,1.3659350281447662,1.2869906389550749,1.2826903635396116,1.0819261108575373,1.1618474332103101,1.1379616569348778,1.0892054467576735,1.2130060246070635
17326,1.2387309783384715,1.1864296420057208,0.98498453661060148,1.0049553637971687,0.98337734697268697,1.0991847741970284,1.2557441436173586,1.1798406909646018,1.1746329688007662,1.0254135163986542,1.1232951469295691,1.039878731225174,1.0200351155074707,1.147822212834694
17327,1.1898535908315648,1.1582328384060161,0.95384297203498314,0.96098656708011665,0.94311823948321938,1.0763885216949847,1.2382589403047144,1.1665413107280933,1.1598345097185014,0.99626014539068586,1.0893653976068811,1.025357222431609,0.9942022744615735,1.1282353066464339
17328,1.1704355534867392,1.1235322961312084,0.93248662145287042,0.96350979134013648,0.9691179236948757,1.0925629447605221,1.1905664872113197,1.1441738066437299,1.1403457617775372,0.96089647853506011,1.0807439326457635,1.0112014020679805,0.9574159521821981,1.0972069339865713
17329,1.1364091355901078,1.0822846827062067,0.9284553086081202,0.90635884704495684,0.887812333618619,1.0203864326095411,1.1240452246143087,1.0607863230792784,1.0552163988595225,0.90046847970185606,1.0308024786449173,1.0057818844481192,0.90518955918405719,1.0208353552766261
17330,1.2020071471554783,1.1477930151561948,0.97569713160323213,0.95496571793932616,0.93369301646773206,1.0525002481922376,1.1823255457371402,1.1005053474194431,1.0916245764564407,0.9684266689205725,1.1059271915708055,1.0783667387124094,0.96276868218317968,1.0844270117340267
17331,1.1668514015700071,1.1028552365357245,0.99532060222603902,1.018579908099287,1.0063839127775833,1.1030528790002465,1.2562127148731819,1.1997165894507618,1.1920758056847656,1.0546846405577313,1.1427755669111224,1.1226259219535599,1.0321298501991805,1.1482125189283188
17332,1.2909974600799266,1.2175894090605226,1.034291033252833,1.0269945500567972,1.0463930031164947,1.0851412633615578,1.2502880165066426,1.1866519679737049,1.1802430982202592,1.1206253202785736,1.2286522749776592,1.1554397056438079,1.0906855039146888,1.2202293098779531
17333,1.5587192614091463,1.459715377530151,1.2302345953553917,1.2597145036980195,1.2778316608710838,1.3487307510818478,1.5231673848302518,1.4175116438697908,1.4115459738571026,1.352115014025401,1.4662565378933312,1.4043859795042499,1.3217587955298407,1.4773568791183245
17334,2.217515310464055,2.0851335752577,1.7284653164171229,1.7634851478143703,1.7994062617769306,1.8814836843505607,2.1106179026074261,1.9964092889067373,1.9908164863859223,1.871904855218111,1.9931018766457613,1.9335568676616797,1.8503612335999586,2.0877218924271186
17335,1.7060006396373448,1.6745632714449603,1.3673926749714633,1.3988414169479884,1.4527076580317788,1.483418223613528,1.697107233821016,1.6018889240047782,1.5974200203932771,1.5449502962915345,1.6096544311591963,1.5353471198786917,1.4681291974098365,1.6835688593247
17336,1.3346296390577017,1.3174889224712829,1.1628453666805989,1.1167295665720032,1.1368469561308072,1.1924140023964263,1.3132602173599006,1.2803305381978356,1.2756469272101365,1.2041240548556469,1.3039196405860765,1.2611694549254835,1.1727528531084528,1.3058459999801248
17337,1.1827940979955873,1.1591480911919052,1.0952961290646386,1.1087792034816126,1.1280173701720886,1.2089206141432691,1.3226447326742372,1.3107410008242109,1.3065203632905589,1.216231502564717,1.2570813456570975,1.2009629825640258,1.1923088606457675,1.2920514148121787
17338,1.2607723130876252,1.2052903658601581,1.1535384484874454,1.2461012654496271,1.2646128327872617,1.3681676606494788,1.492162497959296,1.4571570048571543,1.453322957340982,1.3166615959107875,1.364216876039487,1.3370308206959751,1.2757483118938737,1.4053709279339193
17339,1.3650698033999442,1.2769589670682431,1.2204609719521078,1.319031307345075,1.3270200974077573,1.4252975637374159,1.5615595726357365,1.48583429473456,1.4812201438986623,1.3886629558103147,1.4815272068723655,1.440430431802695,1.3297573971407253,1.4396464494511967
17340,1.0148153672575928,1.0221902982903273,0.96810689515726533,1.0345979678288935,1.0337533293130829,1.1542552755167952,1.2541857509666088,1.2058232991348243,1.2030347442178229,1.0417078214088937,1.12278633701518,1.0886173486689725,0.98655787936657002,1.084002027003788
17341,0.99068596713213941,0.96759936566880478,0.90502754780470362,0.90756635167594013,0.90778939976582529,1.0518349672169194,1.1634320739394377,1.0845240640752916,1.0840597656613116,0.87338964904851324,0.98147967307596673,0.97433361685579101,0.86764918297212756,0.96669597490553016
17342,0.90316909411240875,0.87376673711241148,0.78564340912398556,0.76432389155135727,0.75351827455936671,0.89413222733328446,0.97799375914624531,0.90185400702084906,0.90197783978914126,0.69633826693198364,0.81957976923436238,0.82379745836481943,0.71610748491727794,0.80225410854222079
17343,0.91255318411752984,0.8694475384140653,0.81494397816647668,0.81932684690845503,0.80975227869146915,0.97905273190516362,1.0091205902640505,0.94489585642512508,0.94484932236026109,0.72771689171895859,0.84128093998641973,0.84459044124619709,0.76570390761299967,0.83708211098488383
17344,0.82989361050782706,0.8003087349092578,0.70610446186808984,0.75831680807765378,0.74772863057823136,0.89946051009779326,0.93456483233609944,0.87520795462766843,0.8733486693464001,0.68869847552646801,0.78609612952971852,0.79254810529967046,0.7080674618048366,0.77947104594987271
17345,1.1503510542263011,1.0595033404460521,0.92095837394921576,0.96892008479690594,0.95865538914040926,1.097820573523089,1.1397332055601814,1.0718547451648264,1.0707597488410381,0.90476469646804647,1.0267928119412504,1.0409102251456743,0.94527921006667259,1.01807807651247
17346,1.0743901323167389,1.0146342884812831,0.81656125349747644,0.87767905405555025,0.87282515233975533,1.0060963407038936,1.0582301477844267,0.98420338017775699,0.98324663219340458,0.81048987919255799,0.94636375328032096,0.92155466755756787,0.83344284673430713,0.92765615429038051
17347,1.1788901929922362,1.1141483227086981,0.97053484733798256,0.99176532271633866,0.99807187122234686,1.1432914710057831,1.200506506790987,1.1412760650586418,1.1408574839703174,0.93635291357692474,1.0945819599413666,1.0530316741010413,0.98106660679014801,1.0776467375967644
17348,1.0519605569454962,1.0322457662513866,0.83041885084455647,0.87555413739762444,0.8860674104741344,1.0096373551235118,1.0919775921689383,1.0048450572425001,1.0029469526408039,0.84077461414466426,1.003807146170149,0.91389157331520499,0.87635248471451854,1.0007641532709757
17349,1.278462529912977,1.2437905349467235,1.0187093871902808,1.0852507871060342,1.1150014898717078,1.1972000288081281,1.2963640939331209,1.241667175695061,1.2398051670223533,1.0934097615143041,1.2667636163998803,1.1298296155981391,1.1208910565071624,1.2554335895059405
17350,1.2681749418416066,1.2090423807957309,1.0005362259518942,1.0299256216596773,1.0539524604339365,1.0905540045551423,1.2218293822314821,1.1537242216525685,1.1524322329298728,1.0500920591253382,1.1965048945670724,1.0457754187793569,1.0687170875975966,1.1711871127630054
17351,1.3442756793766939,1.2540661617817046,1.0883798048030122,1.0729504636219718,1.0645691520274589,1.1596299222348601,1.3172706491764086,1.2300861022907483,1.2287491539726694,1.096832737948674,1.2091620594298269,1.1194244467871881,1.1009706991211112,1.2002010634313711
17352,1.2077769491948276,1.1792417626071652,1.0471051312301081,1.1236995870055313,1.1234673182520776,1.2270885156619642,1.3472501959251224,1.2923985619622096,1.2922340080056582,1.1220294231678576,1.2383590162028491,1.157244481677985,1.1286103454251855,1.2201545081259129
17353,1.0700997277635516,1.0400702601952847,0.9170534666493747,0.95296787839270058,0.9533082787873477,1.0698396015092855,1.1497887645138032,1.0983798547002059,1.0991177300672754,0.91173366790117316,1.0203958706300233,0.98749824787091811,0.93218091817999282,1.0133008629503435
17354,0.99872877447531194,0.96888657788251897,0.85105573567611648,0.90861354930169236,0.9176231528582538,1.0179312831968284,1.0742549423986627,1.039260722481715,1.0406282363622095,0.84823666632151329,0.93299822973371527,0.91017535010716777,0.87378416087250488,0.96112148860372792
17355,1.1086563546709842,1.1030024657761601,0.98791859437585927,1.034578751519474,1.0364532472937362,1.1659732076540184,1.2560844477572477,1.1993966520600696,1.2009330901755937,0.99461281414148228,1.0939879716236198,1.0592489824984181,1.0397229954885687,1.1193084229599901
17356,1.0117472255851421,0.99372297470098458,0.87679971006823354,0.92304071594122783,0.91800603330324781,1.0620880359805394,1.1191167643672395,1.0713351998354845,1.0712404827197486,0.88556752827399476,0.97762414679354259,0.92126141769884695,0.9400756669261412,1.0071029755216985
17357,1.0004687435335162,0.99278534716078248,0.79342085814071506,0.8227700657418181,0.82882388869555079,0.96344878188382743,1.0099730306801358,0.9724954212683371,0.97333265941727609,0.8225615852228314,0.94687396341050545,0.86534936113834093,0.87029051358975129,0.94655046147738509
17358,1.0275250558036109,1.0156781515173909,0.83336732299124372,0.86561340495616867,0.87065018979341013,1.0280346193525542,1.0960128685914605,1.0421686416407003,1.041625500986002,0.8777612424472947,1.0043778759914197,0.93467426342729731,0.93316808425295117,1.0181555894296208
17359,1.077434086749619,1.0414064824896718,0.84259236622761835,0.87261138020078821,0.87307945875830995,1.0205812037375683,1.1151891041361137,1.0573589637373475,1.0565256037899367,0.89901141991513112,1.0307547409324507,0.95295343310094527,0.94385700880078094,1.0374441394142908
17360,1.1359319722298353,1.0891650522112419,0.84776480611517491,0.84169375736453866,0.84681068290485395,0.9541181161840705,1.0471893738367781,0.995150836850625,0.99550293864724038,0.86018941523496006,1.0479936415768134,0.95700919229577641,0.89937161210794014,1.0178405848198788
17361,1.0579601959454576,1.0438560569024462,0.8034665954658422,0.8557142063035329,0.86849917286535283,0.96088233988736726,1.0600960684947065,1.0055429096668116,1.0058072890611358,0.85033631683639055,0.9889711245253755,0.90945083204331589,0.87235719232947395,0.99174357686673886
17362,1.0925070407279898,1.0779236109399768,0.8858454240138518,0.97623218950564239,0.99313339939598955,1.0484884260311877,1.1626733837566972,1.0860594363082767,1.0876224172871671,0.91884933243874811,1.0664813597317016,1.0040403730407705,0.94792261492402974,1.0632907549408515
17363,1.1458203603088668,1.1117055938163884,0.92168978432741167,1.0402244385787072,1.0439177573128762,1.1239139807296548,1.2305897648312112,1.1494856022687137,1.1500851770212781,0.96235155586593701,1.0619190648667629,1.0125523801290399,0.98852283162888133,1.0842555877173723
17364,1.2992919110158341,1.2276608309235799,1.0196429605735493,1.1039406437875969,1.1167044865253253,1.1878047143489803,1.2970129498726779,1.2332318211985491,1.2344994456683889,1.0275671862947942,1.163801965835475,1.1267713636086545,1.0335593980290136,1.1616433593517741
17365,1.1720654755723432,1.1266153351526078,0.93280489299814884,1.0632222175569797,1.0782934005017579,1.1532825142848511,1.2491076481183734,1.1759046097454309,1.1767912476083713,0.98423013535935233,1.1017339468183731,1.0671279106228959,0.98203518967086989,1.1004431507279433
17366,1.1486970799519662,1.060191782740072,0.87987682571702774,0.98610870539109385,0.97536080882773746,1.1257526074376731,1.1979928865534517,1.1511258668522129,1.1521295339883764,0.92746015327553954,1.0049702996199725,0.96820858444720104,0.94136456881427144,1.0465782632212202
17367,1.0294284422130324,0.96653471854160777,0.784493272690031,0.81833878357426926,0.81476963719416173,0.99998136518620606,1.0586191500488669,0.99697939537441782,0.99813193902700192,0.78666419851901337,0.86658266429199249,0.82877933827293826,0.80816025225163635,0.8943567854251826
17368,0.87088631400193806,0.84224704077943324,0.71123517289418481,0.72355296976480754,0.73220974624339785,0.90176846928304999,0.94297675602613773,0.87974622117796719,0.8835490858515801,0.6675193339032004,0.78677035335959722,0.73399211981501333,0.71481378930605755,0.80818684636917471
17369,0.94193657030278644,0.91688857508025512,0.79275521996686138,0.81925166300459473,0.83745177171798257,0.99324382400506805,1.0103414550436276,0.96258656463416958,0.96460845188251176,0.76943778870349311,0.9111571659385781,0.85815812402772196,0.80689367373657173,0.91772060903243569
17370,0.82385775807522899,0.83478736103918072,0.68030608703977369,0.72830602357570495,0.74590792048028731,0.84030365184673406,0.8599632655443854,0.80951206582752766,0.81104062921145714,0.66982170024279331,0.8075068421633278,0.75909169225128559,0.70390464598876212,0.78844008178525415
17371,0.83653400596586203,0.8323378784490052,0.67695701170253086,0.6940148948666568,0.69941436635862009,0.81642047864014455,0.85095891734703799,0.79276765306923946,0.79364095592814687,0.64501919459159329,0.78636869591172276,0.74371363786881683,0.66054883879360304,0.73805184162491577
17372,1.1171733597553,1.1111504477028638,0.89128078919620468,0.92501086953239753,0.94052495244559042,1.0245479052239235,1.0887355506797929,1.0230915842636177,1.0245516108742427,0.87590143014827881,1.0321248814401964,0.95229465023631421,0.8853066712367883,0.9955444769370958
17373,1.2210751881175697,1.1914148978469306,0.98391457619080214,1.0296883140240323,1.0452845608737382,1.1216418731213291,1.1896048659954384,1.1414778891506474,1.1431196252190388,0.97991768699475668,1.145509067966278,1.0677999695703153,1.005367425716321,1.1289997162385872
17374,1.140134616248921,1.1336223393327216,0.91352692901075516,0.98170023308967236,0.99940196473490617,1.0455982779502979,1.1352672604094889,1.0792662222073997,1.0816960817258801,0.93281811802725179,1.1056347145835845,1.0137039401287378,0.95071019786803845,1.0921639460013826
17375,1.2053957490196561,1.1449440329358724,0.9045070592805331,0.95960952497339114,0.95797133473568952,1.0373875020039354,1.1426650265982556,1.0790959209583393,1.0795551049760665,0.92151688991289682,1.0484993008929584,1.0054515892939573,0.94737792004222454,1.0673879969086635
17376,1.2910321137103327,1.2091856101982648,1.0163713310033979,1.0779568440541401,1.0832473820148516,1.1676484014186097,1.2737043814442359,1.2066075536605765,1.2058619911304986,1.0675244769294854,1.1806643640581016,1.0965902724983085,1.084401410761038,1.2151403501570506
17377,1.1052536270734148,1.0790713539442183,0.85976936843210972,0.87762445728111305,0.8843853436580934,0.982819991919202,1.0761313019319851,1.0179941643954087,1.0172651055332824,0.88167481059044417,1.0536564070551537,0.97379906023128182,0.90180096716319025,1.0311712308701373
17378,1.020747034421343,0.99931487577686806,0.81127350756432637,0.80980469546124711,0.80906249202843639,0.94568142021398338,1.0498651239986097,0.97484957764840596,0.97258993138306182,0.82383869903022,0.99000825291565198,0.92198438893710055,0.84631030404093832,0.9673111531223354
17379,1.0902327492191821,1.0583346537518501,0.87278693398728602,0.94397784274616148,0.92789826517717233,1.0944151677355229,1.1950338108751257,1.1417875261974346,1.1392634959145516,0.94906789326293362,1.0479882290923823,0.9911398210826956,0.96179332420260399,1.0810778494126545
17380,1.2173782013270569,1.1617026603758547,1.0074669439202539,1.0594544189559374,1.0347586303181047,1.1866832586146738,1.3102643074626759,1.2387015504641008,1.2363936482666809,1.0347300749512023,1.0829067261754244,1.0380718449964157,1.0585630400222887,1.1517828561548205
17381,1.0889345738871727,1.040415511203806,0.90607301444969368,0.93382787337401285,0.91708817651438623,1.0711330614630954,1.2078782035454878,1.1473142310711286,1.1427859247458496,0.92284673140780271,1.0281052553572225,0.97327518057293683,0.96402396164099735,1.0858483208301175
17382,1.078099274151832,1.017889620162391,0.88695205847633241,0.90709845303360781,0.88314727239884205,1.0786500980653553,1.1836206306348493,1.1132851409764366,1.1078588702594345,0.89620988185607997,0.99302451433525163,0.96553162951207383,0.94578622276836088,1.0456695440076254
17383,1.1906068702561898,1.0794691907932723,0.94972303209165276,0.96277786537793542,0.93906792275949624,1.0851319975677118,1.1919468175333403,1.1329480429561027,1.1279329013518886,0.93506473333631213,1.0620813652427796,1.0556612018131717,0.98269121870951059,1.0839857901109824
17384,1.0769013503626912,1.0070038446346952,0.94090283886898296,0.93821546925846577,0.91565317302832838,1.0470628226897041,1.1529227287705508,1.0885782898003245,1.0851768428025759,0.89091804051525314,1.0128890650535252,1.0127060433897945,0.92309535000121001,1.0210845722442639
17385,0.93684793973750702,0.91119419592650319,0.81752092276061883,0.87516203218531763,0.86538990736275578,1.0130059065138157,1.0970181439847193,1.0365831429308816,1.0359352873739245,0.82657214562178527,0.9163840398926365,0.91247552317907932,0.86986416725420168,0.95155911770598678
17386,0.93692052928411329,0.89650985560804242,0.76298254193455728,0.83612777398268101,0.84182330103828351,0.94269062944062509,1.0103275412657815,0.9616350464067297,0.96235157284323314,0.76334498819770635,0.88038402636521929,0.88730739329850061,0.81554292756793434,0.91738499627165626
17387,0.92813684952773079,0.90585478863211466,0.80277131430445436,0.87110151072138353,0.8564023633371467,0.97216365958945972,1.0324877780365123,0.98826573966467501,0.98777353613360119,0.79386746471965453,0.91121510006083684,0.909513334273373,0.83262352734118028,0.95305071357286364
17388,1.0310077870829086,0.99236135365799882,0.85767026688821102,0.92526973869077866,0.93209336969690382,1.0045925998429126,1.089101951001245,1.0461359128361285,1.0457971466683365,0.86761412436481555,0.96931809318074214,0.94124772157928016,0.89555681847355662,1.0018429186463198
17389,1.027374346117595,0.99063582319698562,0.80870586064101213,0.87820263191657044,0.88917037839335034,0.9799428112827735,1.0810457188833935,1.0231050956506391,1.0223318540932087,0.83304388989679379,0.9594430046911282,0.91805543426726111,0.88797001856000779,0.97653776858304653
17390,1.1441313367714954,1.0864842250405204,0.9057467600742819,0.97415466246039062,0.97067611669722587,1.0688972289397796,1.1848361205547797,1.1231862146253901,1.1180388738472051,0.94712607094256218,1.0628339740558193,1.026963954231406,0.98529432031613562,1.0851890537672002
17391,1.0761356603574912,1.0554604123633888,0.8665881621477417,0.93243878900365718,0.93327617559164089,1.0277681025604273,1.1519027828600406,1.0906670301526546,1.0867878542453522,0.90293839530341202,1.0208159585165761,0.9752067833971193,0.93302633569437499,1.0344839813767766
17392,1.1167631471030186,1.0615134203032819,0.88117679425274742,0.9665581287512498,0.94938845294206597,1.0877977383476785,1.1773310589797983,1.1129171436239274,1.108346789521294,0.93072977478033059,1.0141043651822093,0.97014240029595478,0.96203779202683803,1.051599216657874
17393,1.0435447613832294,0.9847877890162452,0.81043685394481724,0.84585482690755942,0.83356610726051483,1.0082963456426073,1.1010597608112125,1.0324668264069941,1.0296077691562331,0.8421592569249815,0.93809514157477292,0.9173064616730221,0.85710683135076604,0.94751889509574605
17394,0.96029040176735125,0.93381410230244477,0.70195745012547717,0.75347503578627151,0.74036285666251855,0.87294631824655966,0.98326413315113381,0.90799083536142522,0.906561003555444,0.72749268686730872,0.85875770239136529,0.83260147017423825,0.74182073961861139,0.84196941063583708
17395,1.1816888918531117,1.0942608600228052,0.8521135481588954,0.94313976553392043,0.9089670705836661,1.0475894769239726,1.1493381143818562,1.0807630704743165,1.0774390661628697,0.91913327211330553,1.0279233733996247,1.0248263882065001,0.9413616001084727,1.0432912844508768
17396,1.1806818384995286,1.1130451974275741,0.8781820629844429,0.91514784913731084,0.89119671974525916,1.0215653146801451,1.1211803900118951,1.0609445743971306,1.0572754195540071,0.90651021341437032,1.0408173892027386,1.0265098552517777,0.9355422017856847,1.0477209711411457
17397,1.1533776263299724,1.1048756634377195,0.9600536867497701,1.0853566890481574,1.0606581816210108,1.1649396219376467,1.3052486669816712,1.2392107197619264,1.2355571085670944,1.0324972993532977,1.1295148707641944,1.1284254963184588,1.0594983852685471,1.1513401574754238
17398,1.199334695442885,1.1484509584404239,1.0429184496578328,1.1275590600624035,1.0941895966841013,1.2121928202895627,1.3453503660726598,1.2851245273122229,1.2810018899576134,1.0959522418167833,1.1864951071857035,1.142932552275673,1.1373282548441312,1.2257483309684092
17399,1.1745026255399988,1.1540374695339466,1.0409914164159753,1.0694054968473592,1.0527267934861473,1.1511434691297431,1.2868601242183257,1.2262388528159569,1.2246167382255555,1.0759941192647247,1.2119541673845289,1.1470540433683125,1.0973248324721216,1.2362669527221526
17400,1.0412891058406524,1.0305871924630012,0.90402674174750819,0.9062496357155011,0.89690956709342018,1.0142934619380488,1.1517267759070333,1.071433296084733,1.0705577459880333,0.89634009576973983,1.045168244679139,0.99186564809055777,0.91985153626300487,1.051330801235745
17401,1.0832979635443731,1.0379352327936613,0.95109094458564081,0.95307447543075208,0.92870518379690692,1.1028259350825123,1.2154397761062459,1.1385175101373652,1.1350408836308217,0.95330506846039575,1.0672659390126564,1.0708670728638232,0.99393112605955969,1.08110440881023
17402,1.1050878919717926,1.0682581169176406,0.99545357113953137,1.0108436223902029,0.97141040897136632,1.1695739179038327,1.28016141754395,1.2049621244311068,1.199280686403966,1.001230129127203,1.0901685857116346,1.1197715391501408,1.0360193744810269,1.1140323061086237
17403,1.199959058828467,1.1880320374149231,1.1135784427140911,1.1750794114296628,1.172372435269053,1.3295044722920308,1.4524998062823131,1.3909886047562467,1.3867087762462367,1.1764736612837206,1.2670614212903271,1.256055089690767,1.2164114327169859,1.3270332157060272
17404,1.4626631760709372,1.4091873044730205,1.2480152291944753,1.2856900259362565,1.3159381892038455,1.4074820636711021,1.5522204991393862,1.4756614889691382,1.4714393229342133,1.308157825281453,1.4217085389237327,1.3852308053839157,1.3331706577184914,1.4775347512297257
17405,1.4949814869747855,1.4132125077256492,1.2048314396927364,1.1411901960095063,1.1305231710174353,1.2392154058724452,1.3921213891469477,1.2933269688366897,1.2893879587596391,1.1189401298050392,1.2385031965961113,1.225915045092135,1.1506709649112685,1.2725671482970851
17406,1.4902445217954583,1.396534924886345,1.165479090593508,1.1483124016962583,1.1304762618776985,1.2536970184992284,1.364308421786103,1.2857668045457402,1.2835677613709682,1.1135213328808877,1.2093764817957038,1.2043626125300353,1.1059436416873172,1.2344431077681595
17407,1.3424759086772349,1.2682899703249351,1.0117934887188189,1.0514588405681711,1.0287980585489724,1.1917999017711203,1.2470282384211566,1.1666442531140886,1.1653439751426145,1.0013787943242825,1.0948993139635659,1.1025807277904935,1.0410900023110459,1.1437375949967588
17408,1.2565252995191722,1.177572789986373,0.92916033898586192,0.9755483511758094,0.93903373589013772,1.1132735353196703,1.1580067633083237,1.1057588672153074,1.1046575392999771,0.91176931109690884,0.96869292742630531,1.0108583260276898,0.97982736640557933,1.0581135427022423
17409,1.3022207347768084,1.2070314444308026,1.0221080236030224,1.0337737304457657,1.016909019736818,1.1762693565275204,1.2308617128026098,1.1806774222361742,1.1792904963619126,0.99466454447952868,1.097330896975051,1.137216092417298,1.0374116443484909,1.1282633304991845
17410,1.3144433958677557,1.2718335408243382,1.1178336963542039,1.1274145639578455,1.1279520445830566,1.2351023330383082,1.3182806421632633,1.2581372895134977,1.2575110953703081,1.1257592134040433,1.2370760793435058,1.2266631819413141,1.1403782295070621,1.2314298195071534
17411,1.0445967247837884,1.040541922603702,0.90586526607938034,0.91079935972659076,0.90662934662761674,1.0252353510186074,1.0893021702384151,1.0596506835394062,1.0579905004217431,0.91299985312790799,1.0318854988123893,1.0193019946190567,0.90751367430851915,0.97737178327690954
17412,0.94853230841074199,0.94040386732071912,0.84676225800100313,0.84254847843289216,0.85785105668064199,0.96302683554645518,1.029186770886745,0.99097303107267631,0.99148404682960301,0.83421370862708877,0.97227077207871038,0.92553091177602087,0.81698611058097015,0.90835973314481333
17413,0.81382581056307712,0.83402007637643971,0.7183785718481922,0.74198143100280489,0.76057779163257866,0.84827743245033782,0.89618362355606696,0.86028933952035425,0.86154680237732018,0.70286077287241744,0.84374246355875326,0.78901429760229747,0.69889059810379561,0.78631956709845074
17414,0.8382362373629999,0.83879566933130467,0.73938543634903131,0.76776221372103415,0.772983892212039,0.87037588215293649,0.91141755158606208,0.8780522217464708,0.87921105637374353,0.71185387352275553,0.84402516490709079,0.77564994978784052,0.72631311255001496,0.78675839874642617
17415,0.80243050625509205,0.80557415334694271,0.64547267883579873,0.71009121412720766,0.71342848359430233,0.82936732384459377,0.88492338877606613,0.83943431874216601,0.83933618843837421,0.65204231976906069,0.74607560337185208,0.70948603552848089,0.66286993968124053,0.71095907151353066
17416,0.77473052263199293,0.79407070270683422,0.58531198363127424,0.67332213356205861,0.67282960891042676,0.80392346577686391,0.88256515434687954,0.81706717215994196,0.81678050108740796,0.61271297041192563,0.69097461433302843,0.67454437922655419,0.63532513547824621,0.6573701790078138
17417,0.83899849234614099,0.83061642624805598,0.60702633022671137,0.72462811175396125,0.71736805187072983,0.85773205916368933,0.92944410517118681,0.86680174858444792,0.866623742773314,0.67633182019493943,0.70995225938887296,0.71877210941941294,0.70359040760697433,0.70218126980390216
17418,0.92015894199785631,0.92131223155147635,0.69499891086972299,0.75936267329120088,0.75345277916026099,0.87269924392874787,0.91956050743106332,0.86359669004838291,0.86311845331325099,0.73457451042962563,0.82302247105105086,0.81912660837246631,0.74572363947678844,0.80514705218216309
17419,0.93260249868684963,0.90419778283906571,0.70223323012453798,0.72031642847047872,0.71736251829208253,0.81512832722253337,0.8763530891702751,0.79706284642567249,0.79760466070404057,0.68090782124009619,0.79518821459901778,0.78779775504190042,0.69562638798578813,0.77766053018373271
17420,0.97021500786677695,0.95743248967192296,0.73862212611941358,0.76504446906123313,0.76305352845385277,0.87946055713843274,0.92902221670463014,0.87149496722220421,0.87156409268035517,0.74975206930387384,0.85379742604085829,0.82208768147145284,0.76273356004137527,0.84241129813349669
17421,0.93224642819550452,0.94523122273939864,0.73835586003430154,0.76053699585791634,0.75229410428606558,0.86855696606109378,0.93476372271604524,0.89120990280445567,0.89155371431533958,0.76698942948377158,0.83990151800541468,0.81734761330842265,0.76888987644889328,0.84075013571347512
17422,0.95202434835238525,0.96304669704085344,0.74054634869635438,0.77569901074183101,0.76606133570153712,0.88587988247032223,0.94262718180151983,0.90135607982459498,0.90010082001492642,0.78637130259754473,0.8697419710828258,0.85713204862968517,0.80268502169294087,0.87494176761601949
17423,0.95711617378810543,0.94985055708482313,0.69794989338221614,0.75916520668301801,0.75016323752582648,0.8390430182062546,0.92333493352048679,0.86625120494057495,0.86571734462000849,0.74934636272481991,0.85438708483638837,0.85928923242670641,0.73998434163765525,0.8337521850995715
17424,0.95919060261968236,0.93311090847603673,0.70741817178051036,0.74327612511847363,0.74246097943146183,0.84432492064247533,0.91258950125815252,0.86026557429356643,0.8605914772017329,0.74465081156606761,0.8552195942372588,0.83677593131519579,0.7721166643872901,0.84305647297280328
17425,0.9852326006426857,0.94008527918596085,0.78508160119329629,0.8301628651359535,0.83848232974114589,0.91782343510800024,0.99340098913486063,0.94078773318778908,0.94244439780468781,0.81637082822714502,0.91127767043799968,0.87332908402739373,0.84798733031447293,0.91220099121394682
17426,1.0709196028332426,0.98349831081876571,0.85814756421029281,0.89598161037218771,0.88435338621904569,1.0035074254166028,1.0685793306632108,1.0161350529946964,1.0158060555628243,0.87509304674045685,0.98359037409536432,0.94546313817338112,0.92677718643180707,0.97867774721959033
17427,1.2010929960911021,1.1010722656543368,0.98369312165949629,1.0080284527685288,0.9927564511014505,1.0973290189073817,1.1836306233748699,1.119711338366546,1.119726153538859,0.97445071340358702,1.0749626052818735,1.020803044703942,1.0271367254171178,1.0447314924625921
17428,1.3036912473872413,1.2196846213558974,1.1090613814168373,1.089269205101477,1.0589453217278377,1.1739672484995853,1.2770125861758843,1.2115567587235463,1.2102099713587078,1.0451021899607511,1.1574297215786489,1.1184755343496471,1.104730646586612,1.1628736548263106
17429,1.3420257741692361,1.2709223129786811,1.1327867700283918,1.1102342377545484,1.0684279993384411,1.208277228182759,1.3355363904962263,1.2625051780570098,1.258464369462875,1.0729943414855376,1.2050252564751132,1.1557157931124495,1.1413514951201396,1.2094156607065287
17430,1.4597442717032763,1.3720661296390815,1.1700673778353754,1.1223599798371673,1.0915327152029799,1.1958148571600857,1.3490173796066387,1.2536091868722694,1.2505894740408485,1.0797027385147815,1.254240425999452,1.1799955851040624,1.1335252137492013,1.2316334578857258
17431,1.195386353826654,1.1273045381271407,0.97229563152924825,0.96337078585660141,0.96886918076644934,1.0389009550137895,1.1834333989338848,1.1040964939844218,1.1058349154622735,0.94918888906886623,1.1209722807363256,1.0429114925865426,0.99901230443782807,1.1392423379005445
17432,1.2300841981381532,1.1026509073400943,0.95602381770210809,0.95034184865460969,0.97758704103908411,1.0202843047315118,1.1406651036500828,1.0760757961358016,1.0762917279900459,0.97859194549302952,1.1842696508601935,1.0887166111334547,1.0297233846499922,1.2046775667255458
17433,1.3547733063397851,1.1785988418952611,1.1030211994037806,1.1031099668491515,1.1452543983871,1.1574145450281161,1.2745533218841063,1.2158785888072854,1.2168158692180995,1.1276752338890319,1.3142772511397069,1.2174452890446605,1.1694761388988191,1.3508472780905143
17434,1.5195900878483002,1.3040943613708265,1.2946801492419895,1.3172874327895436,1.3699191490609466,1.3762687176166348,1.4830005491354354,1.4288346952781763,1.431080165037296,1.3346294853139296,1.4868908459728496,1.3933047720658798,1.3605205704741199,1.54774841679629
17435,1.2293685126658773,1.1361966935712542,1.0266900993809873,1.0569801527329954,1.0814707269246751,1.1314968938761807,1.2071071070083159,1.1596480000770373,1.1618345862568822,1.0295843940065135,1.1793385525410229,1.1233105446269371,1.0389612163250712,1.2192024066333083
17436,0.99619698901693499,0.9851177122929019,0.90535481049045363,0.98546869151154592,0.99402218299719847,1.0918597936253942,1.1435810568314517,1.1038921970399336,1.1077673949537463,0.90891319281492211,1.0337656426816635,0.95434238698209595,0.91994924030892233,1.0678974095988314
17437,0.93860120266769931,0.9654258413682949,0.79479964511003354,0.84450684992760694,0.84291911203094716,0.97616510140905,0.99517966877410624,0.94529447994666327,0.94679156810728171,0.79338030869391951,0.92812476892877227,0.86435374012570287,0.8197174929312685,0.93063301277360599
17438,0.84860718005119806,0.89297642874003624,0.75659976124830031,0.787982552778554,0.78856322597967798,0.94058703190468229,0.94824652228222928,0.88819955324286903,0.88854834739693689,0.74624311706653002,0.84543062362186683,0.80196589634229876,0.7655740834474869,0.84931733702402457
17439,0.88673042889782394,0.91956211639957863,0.73053328521415861,0.72848558496563109,0.7224831842811914,0.86531917311081452,0.86751439777954398,0.80706016439280281,0.80573316312151122,0.71106043333542501,0.81755644315153941,0.81557859409676514,0.74549918602119136,0.82762552812691681
17440,0.92939139986676111,0.94943821529289774,0.7547925004421312,0.83183231241908184,0.82980749838205203,0.97095072297173357,1.0093077543352107,0.94543810157540931,0.9451538823931237,0.81698110971898796,0.86214250281681737,0.84007642996311849,0.817515185961598,0.90614848066142195
17441,0.85671114149598926,0.83842152312485174,0.69071314456276345,0.69453168185238834,0.68973905580124661,0.80327669262650536,0.81419366422092665,0.75766796130393121,0.75699091592838363,0.63716018726858059,0.70264065217071869,0.68784166113237122,0.64654341034324114,0.7164635503735215
17442,0.95241658924054562,0.89424662329905413,0.8258378093526767,0.78643089808290945,0.78353540092729568,0.86344761226305744,0.89533344231528045,0.85605361882943432,0.85694196536592071,0.72216434444156485,0.82094799518994421,0.80253596594113275,0.72922675141593285,0.77076117657276988
17443,0.93712634723678878,0.93944528816008366,0.77507201140601578,0.81170030040796093,0.81012578198351748,0.87394539891554002,0.92446241529860607,0.87420070612780898,0.87530674521514451,0.758145379185028,0.8284923646954695,0.83817606178786108,0.75175297821226328,0.7782563120705478
17444,1.006134025988165,0.9739146723182539,0.77667443572623762,0.76235782769283922,0.75903496526478198,0.84947838034522938,0.87299393442153594,0.80782551892940768,0.80922467057781489,0.70150798858466268,0.83367392577891652,0.81555140428654394,0.70221772809365013,0.73039085618195665
17445,1.0369175737060381,0.96725154728043949,0.88720530757788829,0.85201872262988498,0.85137020396285845,0.92257939828928437,0.96810028844372265,0.91411945081545154,0.91630917836868797,0.79877339038240824,0.9423994990601654,0.9399725141371813,0.80038790757533351,0.81427024345254062
17446,1.1305595674126632,1.0392654321848904,0.98696484440773335,0.94115261213706647,0.94335658184549953,1.0098269499296151,1.0566287858001269,0.99570635411934683,0.99656639717376849,0.89640599350776562,1.0648091410869562,1.0296096555141605,0.91154257631593882,0.9639467996362685
17447,0.93317517140123374,0.91876720634811604,0.80323607635456573,0.78973269391974044,0.78617203924097789,0.87326801983499347,0.94812448199272903,0.86841224679507445,0.86893756644082465,0.74844547707562625,0.89159573170710826,0.84082709749927442,0.78160370430602388,0.84766533933066934
17448,0.92621150515838713,0.88922650967749473,0.78559905788996576,0.76092129728462543,0.7662210440584537,0.84838932547592638,0.93618081617923832,0.86909429247879699,0.86995863976968146,0.74650372963115053,0.86901199714840405,0.80192433654048656,0.77108140983427931,0.8490300003034682
17449,1.0686290232467337,0.97496750822178124,0.8778461773459374,0.85818620559181114,0.85511093720309661,0.95002620428782347,1.0589709149387008,0.98565282895983153,0.98487234917512145,0.84093496653802724,0.96214829354094766,0.92480551727993032,0.8916134802076795,0.98061674989625569
17450,1.1324850474845025,1.0352588586571816,0.94126243126127984,0.89981285112971532,0.89070140094358519,0.99374263038085631,1.1335054999555394,1.0595158365218469,1.0575997648966231,0.94014311796406147,1.0237599356110409,0.98117190053244607,0.96732038558081213,1.1027079523939025
17451,1.2418216358755696,1.1167147119164522,1.0775763226940425,0.99726296620905686,0.99864870520159155,1.1148501232268897,1.2558630735708549,1.1839552928605022,1.1812233111742168,1.0513249870848458,1.1032326493129756,1.0657144382784287,1.0387420271636252,1.1835153716918694
17452,1.2553450143775062,1.1321960623107246,1.1644246006965482,1.0893629855765203,1.0777649786465315,1.2173588661538057,1.3611646751745332,1.2825367908395269,1.2792070826676119,1.098814111038469,1.1293317868493766,1.1159078761303141,1.1409167396866164,1.2613576379549276
17453,1.30654941205426,1.1967598260678365,1.2443433435827582,1.1650778142423968,1.1506767876980544,1.2818015928053657,1.4144089938499684,1.3350550074728307,1.3310946578026168,1.1791449722833729,1.1933023425720786,1.1899797786091637,1.2129174267332423,1.3214936927484797
17454,1.3658022408227897,1.2382973387148462,1.3222604040504671,1.2371053850874894,1.230133729554777,1.3838612480106613,1.4835528553297972,1.4164854548299888,1.4148065382248525,1.2536879085811155,1.2786817318495725,1.258856966017029,1.2671283061612648,1.3804197102319462
17455,1.2573519692068829,1.1909201241739442,1.2317939007418333,1.1612333849349401,1.1562941560789699,1.2747833343111759,1.3539787573939566,1.2985795392491601,1.2965877482915331,1.1598528339048899,1.1983943506126893,1.2121750101535398,1.1780773010553969,1.2684879066046812
17456,1.1374617637459921,1.1073492599936903,1.026671926655577,1.0069797700758849,1.0089819918464997,1.1171813078056798,1.1794701423698135,1.1247002501568846,1.1231269933319785,0.97616512251622933,1.06319417594379,1.0208782285910933,1.0125944626109147,1.12357029166322
17457,0.9987340519459631,0.98424141601059723,0.85294642205451199,0.8627972004632396,0.86187815524634848,0.96322262940456449,1.0061907811757158,0.962510102284033,0.96179159914117529,0.8150460706798015,0.88854396811734182,0.86259303722342295,0.82787112757648418,0.9141795635185207
17458,0.88148842475475175,0.86467466289493644,0.71187139852252146,0.75173199931472778,0.75540159439303478,0.84440758438243368,0.89239069752736488,0.87081721426981629,0.87179160807275669,0.71885025023827409,0.80535748774901006,0.76425431835008817,0.7249966858469824,0.78723154432600084
17459,1.3707267182419556,1.2646753138932425,1.2536336861809132,1.4363588131476646,1.4601431807062828,1.5114284669675817,1.5735406979678221,1.5353081999970708,1.5387456690406791,1.3881316323017407,1.4279001069519852,1.3899975158793687,1.404607139604797,1.4849945133165947
17460,1.1062704508359098,1.0291428375283573,0.99061624175714236,1.0686165600697097,1.0813875464739695,1.1669986504756815,1.2122619255382812,1.1502317206222916,1.1535528532911425,1.042371311658294,1.1105167098476505,1.0724072576983792,1.0607319452434085,1.0684393564505907
17461,0.95178281226165284,0.90519527126752841,0.72780835599390892,0.72055809421955097,0.72283032273203995,0.8207259359749971,0.8581223162296977,0.79578957588033628,0.79672340097527161,0.71928240724410775,0.84717934753142943,0.7965022612022663,0.75210295566934049,0.69978913311523872
17462,0.85457412804548027,0.89390139352227316,0.72035267785339963,0.72272039081479578,0.72547604840245339,0.83190766561977092,0.85848872500046092,0.79724973098090945,0.79838525391351234,0.70224321426204939,0.78765263695345422,0.7321278689263262,0.75296267713652509,0.71098256186841902
17463,1.0168599614791194,0.99538090677212754,0.96682965054558734,0.89476240790273309,0.89154192073827576,0.97414880359857303,0.99595379026984598,0.95533986244356195,0.95600290300401314,0.88912219387874514,0.99583362740874537,0.9579972528324282,0.87063112810380372,0.85479857746153587
17464,1.0117751439226221,1.0669985610354671,0.86547032627162646,0.83536957715985127,0.83681276918732694,0.92483549517559882,0.95671816401117316,0.90885143575426142,0.90905202033923238,0.80842256970186688,0.91603772891506285,0.86875497376248045,0.82711932241424835,0.85107666542389837
17465,1.0963874786226153,1.1558966077947086,0.89661379576859146,0.92172606400770074,0.90771536579686474,1.0406141417467423,1.0580805913039695,1.0040665124748913,1.003154677324875,0.89612877763640719,0.93182273946714556,0.90427571684852526,0.92101909444288221,0.85501061783147947
17466,1.1492720474708629,1.2223597960980688,0.94375125028692441,1.0009336900216901,0.98146593396202131,1.1253380377348303,1.1519676600042168,1.0872139651305999,1.0874772676365334,0.96699817771735186,0.9748480027516041,0.9589707435187933,0.98499653030269119,0.92461179891314393
17467,1.0579631393276721,1.0856003335027338,0.87853492366479691,0.88140935071081628,0.86725970184956014,0.98901916758832509,1.0313200837649938,0.96332328232697051,0.96403148981884612,0.83592712894446497,0.87399364171361971,0.86269705268670815,0.87592144347047207,0.81708614861370588
17468,1.1578105634050682,1.1490907120415714,0.89868254246547474,0.88820457099245398,0.87334988257591983,0.98310556816442241,1.0331115704992306,0.95399868697656787,0.95646844103010409,0.83048557593866823,0.9109342389294901,0.9049637477695992,0.88445542182864501,0.83357168635285028
17469,1.2290322582083744,1.2377592046727031,1.0099807915166656,1.027196332041062,1.0127960907879818,1.1212167814524812,1.1796894313713731,1.121847766195835,1.1240381491786229,1.0048380903972367,1.0707357461665044,1.0576146953299492,1.0669683563301966,1.0225715144055492
17470,1.1682129390220239,1.128839268801715,0.99663603411263002,0.9866003636752283,0.97876199358431415,1.0839851500350786,1.1178167114313842,1.0735709891417418,1.0760384620586103,0.98584570179976161,1.0834145783838325,1.0421808922251601,1.0255548620043955,0.99345181306198815
17471,1.1810063941105509,1.2166231402750047,0.99026640665840282,0.95692005304131633,0.95012227498749613,1.0515898621151241,1.1003196681300897,1.0435654296595163,1.0453657884298739,0.95908519736544551,1.088877417686676,1.0519470985995802,0.99789242449668381,0.98154126438748401
17472,1.3281676856451978,1.4207840956691129,1.0942386239296829,1.0897610057667313,1.0721616290055906,1.1591716245794537,1.2261463003525697,1.1820237188523213,1.1824894480923787,1.0704000532152702,1.158786788672673,1.1120764942685506,1.1313568976208477,1.1067097240952697
17473,1.1886966758819668,1.2317956529320455,0.96640804948284065,0.94651933263897237,0.93504393296233002,1.0022463627851577,1.0761668592547624,1.0233858493336012,1.0224346684060408,0.92667251374662618,1.0241573934777763,0.97987675162881338,0.9306758220911443,0.93584571677213979
17474,1.135165442408635,1.1517413957385707,0.85817532382720763,0.8373992971792914,0.8337383645752332,0.86299531048646205,0.9540943090121673,0.9036607853485138,0.90409591332005523,0.79623334274485702,0.91600311438654203,0.88075148919236956,0.81675219117309394,0.82719620930037396
17475,1.0920212946690906,1.1010753624677476,0.83906467266578133,0.8012928588033903,0.79679055906880147,0.84164226928990193,0.94134374963879675,0.88335039694985573,0.88304372658321972,0.76650181708612242,0.84652334243271699,0.84587290883031985,0.76651701058663035,0.76438578341897245
17476,1.3208709577000159,1.3803223366402886,0.97277191233556659,0.95775925171841725,0.95478049242435181,1.026961174979361,1.0995719638715977,1.034430890655599,1.033631971668598,0.94075262206833143,1.051937204148067,1.0395462942846094,1.015199813965155,0.97877592369225552
17477,1.0606457897829968,1.1818525857507842,0.80446241194748846,0.8543722677483252,0.8516779411876465,0.96426580138854046,0.98136057324719783,0.90864826769178264,0.91000706200391634,0.82621689937022513,0.93655911204844577,0.90595913398831585,0.91111238464857613,0.86106800111594584
17478,0.91405739515663842,1.056258496883473,0.68979695200036706,0.72768839112474837,0.73007666614951394,0.85818041945183787,0.8675928735472751,0.81981007416467833,0.82092050650560378,0.70443682478794478,0.80720239975147035,0.76717426057781546,0.77159091615429298,0.7051070548521976
17479,0.89294003151862877,0.97523249595367867,0.66005179380639467,0.7256993491195769,0.7187049687005217,0.81614353091835834,0.85715939918915818,0.79524045792722331,0.7959303386094263,0.68330961247218502,0.7729187943699346,0.73684752290519728,0.69595662724742657,0.67600284485857598
17480,0.89700260387274278,0.93015773043197447,0.69848215752955045,0.76788322951577181,0.75864167361007362,0.87256459839671052,0.8998810648289538,0.84646850969101539,0.84711891447661847,0.73007795428165823,0.78187840900056094,0.76722153501422485,0.72265078935277061,0.69744782334770872
17481,1.0567473863926209,0.96325139999803877,0.82802508421839061,0.89414173314430823,0.89564012691245143,0.9882355402411771,1.0633485570802599,0.99045858451239177,0.99208249717098196,0.86825976887238132,0.9031584237353002,0.89174140706727323,0.85283682667633076,0.84266026043268238
17482,1.2465677988488864,1.0734604033225559,0.92174179882568485,0.93178283291787711,0.93592288643965016,0.98931301382568004,1.0608652283579432,0.98161391897489259,0.98303510870339328,0.90289993048018513,0.99807243472606577,0.97399453164501504,0.86608925791210234,0.85255257566945308
17483,1.2162438080382529,1.1912222049598262,0.95884658109597254,0.95960339387347959,0.95385602621982879,0.99571036323964524,1.0782805164897464,1.0135282971174155,1.013494542863405,0.93206286918628245,1.0330663872492849,0.99326986660119987,0.93374896521953299,0.91832380832285143
17484,1.0947770532938093,1.1550119667458978,0.83299678105815911,0.86532078831920767,0.85770521424693302,0.90247114403121087,0.94821722732478386,0.89318024529808626,0.89389286563484005,0.83209327753623319,0.93466458526565388,0.8811827665819385,0.83535229149818901,0.82106557121160129
17485,1.1651259828223715,1.2329932110873161,0.90383028538794141,0.88006212119900973,0.88067491963614108,0.90609733669809844,0.9514308933840252,0.92376879311985938,0.92393747659601366,0.84859877029424191,0.97941576337980285,0.92099298675218655,0.83753503580798105,0.84214874857668887
17486,1.2203875302295228,1.2170414190454215,1.0048045845125313,0.95362810332577841,0.95481251117804178,1.006448249399329,1.032455638868309,1.0128835031122922,1.0141285752734466,0.92239845382709496,1.0498574293212828,1.0034344331500753,0.93002378566447252,0.92432085775249895
17487,1.7535402311073978,1.5133228236096192,1.5965694439639107,1.7085883193238671,1.7251004691514937,1.7964826305642037,1.8088855608581187,1.7642476477634501,1.7667395176856071,1.6863860217857352,1.6853713329757267,1.6641877976515245,1.703535419523565,1.706098974513417
17488,1.1034924327786371,1.0747113918405673,1.010587800026066,1.0264831297796839,1.030564244535751,1.1120739417262686,1.1376986059650884,1.0960571922407567,1.0966724880069911,1.0292553054740314,1.1119248910881216,1.0703433632362884,1.0290796576907173,1.0159349189226761
17489,1.2247399994330794,1.1701421733312143,1.0109833280129088,1.0258797275467484,1.0327767551352145,1.1150956252202591,1.1329202329462131,1.0945910092362672,1.092940509149422,1.0370660408680823,1.1548648467007907,1.0411376129586074,1.0470361189301718,1.0046781654139241
17490,1.2732254573624626,1.2794841466615865,0.97826247907508723,1.0110143962127556,1.0095475766595812,1.0186469896138215,1.0652430924133498,1.0349025808517995,1.0336771386840551,1.0100929860723094,1.1173648657763255,0.9957111188030674,1.1188835568972584,1.0991850435508994
17491,1.0714686774523361,1.0872487835151043,0.7846944260621278,0.79010655930993379,0.79575799376756784,0.83696562014821141,0.91448731022637852,0.86854747010526756,0.87124028562988987,0.80901840275127079,0.91729223212807032,0.81413356903456946,0.83199762012035727,0.80303697392346873
17492,1.0583542163624291,1.0344307086484632,0.75321617460176948,0.72307320041321288,0.735067804457332,0.78240602429511186,0.85409223739801232,0.80832962008801523,0.81339075249253368,0.74152152231405655,0.87579434825418623,0.77111106250206951,0.77540879997426526,0.74915456414579029
17493,1.0154400515806823,0.95667692806848703,0.68615243368511891,0.64909925904006593,0.65910210298672534,0.66417579753368794,0.70892516677690176,0.67242693859224811,0.67718771858139426,0.61877491400235174,0.77234352431553754,0.71242964102276285,0.66241410146904733,0.65419272989969257
17494,1.0014726733637875,1.0705527154661179,0.65234201434302852,0.66911860445197535,0.67280126784538363,0.69476301690537956,0.74337648998774608,0.68333116394184512,0.68796226951915773,0.62214216821299317,0.78651579552650563,0.72733443399163311,0.68984523699743527,0.6656033218542815
17495,1.0007458028751155,1.1076564012117414,0.6870826861301107,0.74910298759738581,0.74696057807122629,0.78818574692172561,0.85938706632620143,0.79927834410943255,0.80232443227741468,0.70641969730918119,0.84931064843561066,0.79691348161756237,0.75232469875601282,0.72392767841482564
17496,1.0423231122280578,0.98689175625558545,0.664306569644731,0.70375035845084444,0.70089359814994323,0.73167500076784453,0.79946735825157222,0.74164736267338072,0.74393601193155934,0.64078993145746865,0.75539689686314848,0.69730223255783585,0.67446991134588086,0.64757160100537126
17497,1.1046154720218797,1.1345581131802436,0.75670249304857728,0.81012406666624426,0.79517295687502165,0.84210531314547765,0.90393753191523618,0.84939618347833656,0.84925688926363962,0.74946067405582184,0.86823446594545817,0.80379118991094867,0.79766453715024765,0.78409861646357071
17498,1.1474847647327848,1.1647020274847355,0.81270760061230685,0.87766575145795345,0.86503774452800075,0.89794827739167227,0.98992671683952593,0.94428586478791576,0.94487693515169058,0.80383092109941645,0.88069664507951262,0.83954591799162825,0.83969609351666774,0.8393181437952999
17499,1.3256287129943647,1.3719875268398436,0.96893379924262457,1.0130482773779248,1.0018935062903855,1.0493760640220653,1.1176836898830351,1.0804659979119733,1.0809780251633652,0.96289892990895631,1.0111522832906008,0.96927358690289667,1.0127710484262029,0.97924496848960052
17500,1.4900540604922792,1.5136825296416612,1.0771168466403713,1.1391542080028421,1.1309607125199801,1.1861018854980327,1.2365856295440114,1.1769279660496865,1.1752091929861954,1.1140946282054986,1.1846031161604771,1.1410731342966378,1.179239489822177,1.1409694523554219
17501,1.2376697042071758,1.3345687344163126,0.92616441495342439,0.97535226128266383,0.97036534130739205,1.0589320621191893,1.0817132972461767,1.0574576124171264,1.0547579868752919,0.98601930948958072,1.0310028863317386,0.9807806903185019,1.0448112096868105,0.98824619347550757
17502,1.2926106941055198,1.2229933891329574,0.87115764455177924,0.91115538740643442,0.9100015497634657,0.99450873204884305,0.98447742245533743,0.9638349933426601,0.96200028084588063,0.93421717654756853,0.99521504276274275,0.93633494121530292,0.96410800865533519,0.92874541430091384
17503,1.1770085799846304,1.0494647386246374,0.74033323852706556,0.7635698602596086,0.76096316517366169,0.85689478604115665,0.8066069052320316,0.79209472907319167,0.79099938089286548,0.76497685649830061,0.89542945987143419,0.83055115908771404,0.80456435903613555,0.76702399145153188
17504,1.064774993336177,1.0829225849535056,0.76430741766623089,0.76863348765913142,0.76452170614383697,0.82761803887472596,0.84664141054661213,0.81325221495147693,0.81379364504295026,0.74976261090657637,0.91719523913054268,0.83805845109648447,0.81498515334126065,0.75992729176705776
17505,1.0479670858849834,1.0908454319197409,0.7406674563862008,0.78339115925621239,0.77755634228395254,0.87705378152923141,0.89582126385939076,0.86349138868464514,0.86499457895426779,0.78442244861599764,0.91048049669848352,0.82550213469465683,0.8031160217164206,0.76537434255972148
17506,1.2675276659764598,1.1649872196407025,0.90161285718297435,0.97421130834543068,0.98240190226630764,1.0384897148897441,1.0462998325403161,1.0037704178987017,1.0066411483169533,0.94721085990652509,1.0844077057281014,0.96132221690528397,1.0195433123362529,0.9596772679851715
17507,1.171390878187238,1.1546729283647559,0.77088882580662377,0.83817422496317584,0.84908930117396064,0.8640843674932982,0.92427244136672271,0.87779578514091394,0.88261928310170079,0.80829086224832503,0.9484112174889977,0.84890261568285152,0.86037475709975875,0.83392413373170449
17508,1.1878681307394783,1.3253050710177317,0.96046701248944455,1.1406093766347991,1.1335132807000345,1.1612344298112329,1.2354715047281446,1.2039407142454406,1.205027637201763,1.0666649545205438,1.1466514131035339,1.0502786702879023,1.059554111398004,1.0001360394637051
17509,1.1042918803856197,1.2111429609249369,0.88366711810696297,0.97320403505630393,0.97275284032170273,0.97662572874938447,1.0677395118439712,1.0424349483514785,1.0425491084476675,0.91558404177896102,1.0328054826145634,0.91849243170650707,0.93710060912628423,0.88464035045631595
17510,1.0258278783220467,1.1712946730474905,0.87926670050849565,0.8973301092993814,0.89433260112069868,0.91839592284824312,1.0114345307083612,0.96856969985552122,0.96768606961518111,0.85881785572696767,1.0157341612355675,0.89396874993150233,0.89507351334681395,0.83416977249773605
17511,0.95930795740189334,1.0064793894561563,0.74231638883544715,0.77620775294059485,0.77277409640243844,0.79488364672103928,0.86308148331598722,0.84147671881322106,0.84263925346181467,0.71798734426551147,0.86716610034002706,0.76810813910775644,0.75211325188291478,0.70091896248358954
17512,0.98478716523031895,1.0298098743379782,0.67951417476081066,0.74652903332472142,0.7417471270725795,0.75054436990594908,0.81749669938352743,0.7822784236061795,0.78432372470784961,0.68308386184944203,0.84750215493931524,0.70951837764311976,0.73368144060726359,0.69728333713104762
17513,1.0455728883685773,1.0622958084944853,0.66630173802488102,0.70486322852960348,0.69965536979089116,0.71582924129729109,0.7501910661442599,0.72886254798433425,0.73151002757315486,0.64898676256312104,0.82158007030420444,0.69336045610353259,0.71512494627972856,0.67605132945124347
17514,1.087021088464261,1.1053044540111028,0.73653911340430811,0.74698999053395942,0.74120293458134101,0.76703517498062801,0.787664132030791,0.76570906519070259,0.7677984425082498,0.6814549757028654,0.86292320181352333,0.72967616944996605,0.76545951205780949,0.70622222661709699
17515,1.1717403857685968,1.1468108288479539,0.78472677272581204,0.85147249339581688,0.84316397402517096,0.85407767013271052,0.85935725928234652,0.85617636505222849,0.85663841273487518,0.77083738665078216,0.95123500078361656,0.81123264411635321,0.82963604045172401,0.77663898837029377
17516,1.1469619245949887,1.0346143964481653,0.74356182599199727,0.83761349435774823,0.84025196031903349,0.87036970427027716,0.87939286939871519,0.85654879899000247,0.85791043905875031,0.76005709015197909,0.95288406268019776,0.8178375283114937,0.84835532987704665,0.80626974081143621
17517,1.2737809287412907,1.0587974698404483,0.96660785488538536,1.0677707276490045,1.0724262765935482,1.0649080143428424,1.0940521282870006,1.0489491628439265,1.049070671511136,0.98133818036223375,1.1780945196945316,1.0328691733452349,1.0493834670922837,1.0058052817841641
17518,1.1520246086636838,0.95538092026352894,0.87948530217710741,0.96942138627852958,0.97796582557157052,0.97758745136338299,0.98693725079576144,0.95223153938987104,0.95519096453686436,0.90105495823247872,1.0791392102865578,0.94480087028701776,0.95036579688095091,0.9036116966336557
17519,0.92541608858209434,0.79799661054527282,0.75706587132320535,0.81819383127286527,0.82352689788383904,0.85826210081520415,0.86052606184501612,0.84305806559693441,0.8461875570392926,0.74704360494535516,0.90242110540530118,0.82495708189003714,0.78343200003069302,0.7351811243120786
17520,0.68237558522253094,0.73332414191017214,0.60548286034415866,0.64173861039987212,0.64560655237886233,0.71133420910203138,0.73131754069207033,0.71949588218548488,0.72083156643318336,0.62163234263998834,0.72823946142124318,0.7024262876735422,0.65129046330419882,0.58541125076348366
17521,0.80193250233205837,0.80555282706665843,0.67432971541987197,0.70131178720893861,0.70029542476897011,0.77412411744146425,0.79231944704869639,0.79320855117520372,0.79279477738235993,0.68880742706326326,0.81733378497776832,0.78620507446278765,0.72604130863795591,0.66618558412725293
17522,0.83320855925465942,0.86547864929208462,0.71355763794238281,0.74488769027018309,0.74140156354770059,0.85105310732142225,0.85971037089793179,0.84884242059206849,0.84795895871070259,0.77295998944961042,0.85939800106650843,0.83501236302478532,0.79534186191755663,0.73174194118992575
17523,0.86545227386109302,0.87338805017953658,0.69210063028944024,0.72706754975308607,0.72136777972261257,0.80816368015227569,0.83218150328474882,0.82793064774318792,0.82658727478637695,0.75688673225871062,0.79852738929209,0.77633730259959244,0.76892791186344378,0.69163521804850803
17524,0.99257961093500913,0.92789071819740043,0.7287550014829185,0.75264142568875159,0.75185808183477276,0.81942661445966847,0.84501937779819336,0.85174930783180913,0.85119708523129078,0.77256227506509723,0.82036786488747171,0.8002389875339514,0.80854127788668784,0.73469769449470745
17525,0.91605400809863846,0.87426357400900578,0.69855297656647142,0.69092273863626519,0.69520295440660196,0.7660384616135486,0.80448799493260326,0.78827176976208735,0.78998181292033065,0.69497417342337808,0.79555501631847592,0.74672682073434915,0.72204837856043058,0.6791495646523481
17526,0.97077090622939743,0.91774486362627683,0.68912929067838624,0.65518655166281925,0.66411805430147142,0.71443609843103573,0.73785139738688443,0.71214249538292573,0.71497999048262328,0.64887669660402558,0.79566250418483764,0.71665025084937695,0.69339279176284341,0.63772733102112067
17527,1.0458244053352976,0.99871196537842766,0.75253269305437009,0.72293397020540917,0.73379448809599945,0.78048772668349975,0.78609947456533524,0.78526725373991846,0.78553144646576001,0.71748328710206899,0.88376793588275659,0.79554836150682184,0.76933160007584034,0.72682691581426251
17528,1.0536706946908678,1.022722797700474,0.75378895712249461,0.70115841433950499,0.70736041848447229,0.72701011607341837,0.74284393126779402,0.72752103253091238,0.7259331692903136,0.69733533604808207,0.88709130828498728,0.74813907907909705,0.77046236632285348,0.73437720403995632
17529,1.0818998007467417,1.0231557037779984,0.7842500131844693,0.76120523932102047,0.7681616093482978,0.81086227303256186,0.79221220419260563,0.81296255203572954,0.81073521629991641,0.77076095791053156,0.97841913768078614,0.84823390774423824,0.88363512546914458,0.83851968978187508
17530,1.2262688868011178,0.95944296088084591,0.77008036221104192,0.77283408635892559,0.77682945165062045,0.85269877269919747,0.81992380843609647,0.83309525817838903,0.83528670455184184,0.78439744920127785,0.94839404843519048,0.83927048691782358,0.84826460490311295,0.78637701050250142
17531,1.1726933836115847,0.96805681328058657,0.80269018617349364,0.78372069314482107,0.78812455588247554,0.83693021300667692,0.81533460191255192,0.83556872763345635,0.83649914921221691,0.77217547883680404,0.98357570853318244,0.8397854223931881,0.84177480204191202,0.76694313228579669
17532,1.0369281241495767,0.90050042262972629,0.73636302088714756,0.72994053310870088,0.73674794593839421,0.78368378643743308,0.77591727191340598,0.79680478136479049,0.79907661807489461,0.71677726356082994,0.92313318826015223,0.77057478275242686,0.77955462439077605,0.70550115253882506
17533,1.0459358476909597,0.89912264634657502,0.80520731414934277,0.84747071883172909,0.8587746685857387,0.91522718826710447,0.89824398215155377,0.94040382482391238,0.94111354728295749,0.83366508570161002,0.98488221860934888,0.87188889770320632,0.82450489993222931,0.77122366791681041
17534,0.96371317287983793,1.0093021215705198,0.80218321435652884,0.77936554123142898,0.78221820926231289,0.85330206177732171,0.8636977600105008,0.85612993731607134,0.85483149354336441,0.76278186507856371,0.92790184433391287,0.81573035247858594,0.83390949359580413,0.79655408694880703
17535,1.0793654863428146,0.91110927648775308,0.8389869001081488,0.7879271675956121,0.79968015352208655,0.87734982297839148,0.90137530798442678,0.85465850551624245,0.85769074183747773,0.80130611229258053,0.96291551229888495,0.89150195576237767,0.86589185312786188,0.80518342149326327
17536,0.94461688167139013,0.96047341429597022,0.81191138614755565,0.72813266113373465,0.73287554192495163,0.82106339718022703,0.83046647673153084,0.80104966513617348,0.80520124272810334,0.77401098674318403,0.90362795207265489,0.8484294787538541,0.85181743559258205,0.78971896306723344
17537,1.0124106938263451,1.0033303421904831,0.84898386247788782,0.77795962132648278,0.78890218174261206,0.8801283868327261,0.89384459554895235,0.88006971439827741,0.88377577014972974,0.83011656736403439,0.94900205523351311,0.92225066185203686,0.90348832320721717,0.84184597557759044
17538,0.99948921398205959,0.91664231774698846,0.84284914458564075,0.79654055582975958,0.81412564435703438,0.92126972208407598,0.93180907198545015,0.92135709204933569,0.92569148045865968,0.85814059059544723,0.99410895699741053,0.98835181855884802,0.89965896736555739,0.83068376606558325
17539,1.158705817434126,0.97878454693985451,0.90114649638986721,0.88103770648838664,0.8967635804992844,0.97165159821576108,0.97187939852011396,0.98238597721527932,0.98572053962827055,0.89844194793383492,1.0733280870250577,1.062208729265363,0.9844046419048772,0.90434983589910867
17540,1.1209811901111124,0.89267888949579011,0.83746509746874598,0.81339314674360841,0.82496485170709943,0.9007139840422298,0.93966104721383426,0.91469298777093233,0.92029911006748188,0.81315901215830388,0.97171723546037725,0.95913402638657153,0.88947008013402162,0.801340696826219
17541,1.0464037142546856,0.93963969449728024,0.83134807485049522,0.81475842639677953,0.81964188725736109,0.91026405253504694,0.94542877741415698,0.93987720400937225,0.94291482903173707,0.84196658523473067,1.0205266192944575,0.95458443853133845,0.93578958041715798,0.81077151347365495
17542,1.1651779192972238,0.94612251880043607,0.86409019105397566,0.8751626042298406,0.88906475226674875,0.94738657086799394,0.96638274174160732,0.97155897240951539,0.97602555302137139,0.89288725124325519,1.1120813052210783,1.0001219398631473,0.98972539645688273,0.87963392764184145
17543,1.0536561910278208,0.93281587724791393,0.74318112497733724,0.75635862061899828,0.77545064587533274,0.85569723382594931,0.87431847385527184,0.84957223627077416,0.85310621902366057,0.79596460328621499,0.97992564042623886,0.84011664297082944,0.89713326096027879,0.79361454116988761
17544,1.1389666550070947,0.89092541415485027,0.70932558007307356,0.73200255499775668,0.7515944337465339,0.84552454362754514,0.85655391973597295,0.8281037996600088,0.83087082298191117,0.78415958063655511,0.96203037369026612,0.81291265519761535,0.84754542720996517,0.73853557664720459
17545,1.1317310124280373,1.1230961165604207,0.93426369597765413,0.87357591579398797,0.88232948454672899,0.94179416515115533,0.94944467614357397,0.92895869971047673,0.92968024165876983,0.89316218036256578,1.0973314019842833,0.89616209881355935,0.96783393396303063,0.91202923578249195
17546,1.0179478064451786,0.93755265339408966,0.67817355475355212,0.66042081259254692,0.66252956808215691,0.72113759117746801,0.73062151413564203,0.70964068270902081,0.71056606848839843,0.6570067445394987,0.87250784815113358,0.68812386493825883,0.73230760453399635,0.67278341862868418
17547,1.3446991778582376,1.0454851752129508,0.84656262624003509,0.77930666017358396,0.78745115547318234,0.83571726741066132,0.82286110305882543,0.80357231487693204,0.80487032544989978,0.77801591981185658,1.0223150812543036,0.80031531459382099,0.85046742859241675,0.78069150691979383
17548,1.2112855736999053,1.1086647392832039,0.81204420699903945,0.80373306118221433,0.80642771548761416,0.85383857365651883,0.86382339761499927,0.854906599052905,0.85493896654905499,0.82452107728174062,1.0139703826883093,0.82930361695149224,0.89636572843052109,0.83979351992528972
17549,1.0957143635949917,0.9661081360604129,0.75985453658617264,0.71717371088544613,0.71930706109960529,0.77488228820857685,0.75822730677560135,0.75910890551032406,0.76151620455690894,0.72883714551402989,0.94120601779757906,0.77339563102545916,0.79122821770495921,0.73925287912138482
17550,0.9094657925300873,0.85920538005918889,0.66339299931928442,0.65316205099436675,0.65378220209938442,0.73342870713279273,0.70278562973903669,0.73138071425171169,0.73159954220434686,0.66922542693778853,0.83455776527963199,0.67992305793672481,0.71355122622741485,0.66746194120465618
17551,1.1284333100303601,1.0390149734618694,0.80220699235147486,0.75517835980165859,0.76393023321577491,0.83985858796401713,0.83519440820196311,0.83390933173556081,0.83354403964850965,0.77529975990498345,0.98128250303468167,0.8467841249673802,0.86251884551602398,0.7710648107560375
17552,1.1095475953365546,0.96774086335648124,0.8009597851098057,0.6978534661926552,0.70244379291127268,0.77874068472994873,0.77676269681691634,0.78738549317516493,0.78728086588986912,0.73612507296702823,0.93776197807402539,0.80200605325967222,0.81826857279682086,0.71971383806500833
17553,1.2223341895396247,0.95836976351486458,0.82857137763058819,0.81234788155007076,0.82588403627207418,0.87108582252633682,0.87275750662291951,0.8868707969814813,0.88711076106732678,0.82318279539816586,1.0390792114772549,0.88786526685775347,0.92079837607355697,0.8531147950186948
17554,1.2979305080126926,0.99298370319078721,0.88700568709968142,0.89043013062171872,0.90677402766929061,0.95267863597776437,0.95443055114621111,0.96793277343838391,0.96726574574203894,0.91523781935398396,1.107621495326899,0.98422039411622553,1.0359716035805182,0.9841523898652732
17555,1.2594754587455943,1.0348160508880484,0.88719059915223863,0.84274201682857197,0.85288199155205213,0.89983785823601548,0.87777178844168779,0.91400254041425544,0.91284770764689693,0.89143734336300262,1.0857570566311954,0.95061805314233194,0.98815852640221602,0.93015821091162787
17556,1.0612802984162288,1.0213447324844647,0.7876350778858322,0.8012187701646859,0.80983918212379291,0.86812825459364351,0.84727176750774924,0.89092740015599226,0.8892506163085786,0.84144330328663408,0.99423537874080969,0.88459153954049041,0.92597945591821573,0.85380435690531986
17557,1.1078088849182954,1.0723389118282862,0.90182711474615984,0.91604381891191689,0.91875710964748558,0.99371336594873461,0.99824330703889808,1.01167063146798,1.0117397794896692,0.96020397190777562,1.0830027470618713,0.9978392964735957,1.0273019774438443,0.95877298490695906
17558,1.1573699083631948,1.2237488736329041,0.97458990958669889,0.92504123582926145,0.91985551389256381,0.99427263437308155,0.98465263015592586,0.98520554582658049,0.98289299980026457,0.97650208596209576,1.1195815532020021,1.004565474461939,1.0343005026181749,0.9573301657255997
17559,0.9367937692813656,0.99296254928282446,0.81292255890880438,0.79714479911887903,0.79676585873651784,0.84796800167416919,0.84831217091151723,0.83800161656268379,0.83809760429873614,0.81365910901722927,0.95009620531899586,0.83936161223322869,0.86652063165386917,0.8085864572917566
17560,1.0035416071560712,1.1460531933335127,0.89085395286322677,0.88918044986839806,0.88704163120413848,0.92598858838013987,0.95829959456592773,0.94917929562061032,0.94866981725036736,0.88386161009368414,1.0261724761959385,0.9015722468642503,0.92963440048057266,0.88406001942876566
17561,0.91121950810354491,0.96522791763423366,0.72546775754820947,0.73527138560651095,0.72762889848181211,0.78149132700155011,0.81615534580466298,0.80795751798756732,0.80884134324990042,0.72305550588741474,0.85925715067689024,0.748952165529291,0.75147364674388439,0.71191009433256436
17562,1.0450419339714121,0.90984304972149721,0.68033010859967491,0.69607577599654513,0.69983724018436066,0.76346370996506596,0.78174898859159136,0.77475778754250124,0.77448415015420924,0.67500461166601045,0.79354650186721165,0.70812529406856606,0.70965707407559253,0.64995227194511007
17563,1.2722935360731507,0.90051506949609439,0.77895692361906466,0.80890886452326116,0.81876985700382277,0.90602709325765574,0.91103150398392452,0.89391209301811159,0.89543057398541182,0.78699325231842687,0.87194035384501445,0.81055809531386158,0.82128902335901699,0.74287850598038097
17564,1.4309988044917614,1.0031442438823157,0.87739431580266636,0.95147074612203986,0.9566277461058178,1.0314971912026991,1.0606560594844563,1.0055354885930807,1.0070014486781254,0.92791741789534354,1.0147778702991981,0.92970622580542306,0.96598212994510801,0.89682195210492555
17565,1.5508938862635926,1.1907430314081022,1.0078462169241871,1.0530706614320131,1.053966129057649,1.1353312896363423,1.1555242769442224,1.0902718934624964,1.090863773837125,1.052681848675614,1.1800806091252973,1.0550506670982323,1.1333167130225896,1.0484235076816295
17566,1.1974377128445335,1.0677670670625197,0.86805146702086067,0.84398246202501725,0.84508005097863537,0.97430368077928065,1.0056402991827968,0.97844711341653778,0.97872332401113515,0.89609996548734561,0.99537305557620659,0.95851152041718746,0.94633184898428058,0.85239755337572298
17567,1.3303549300795192,1.2493547206192877,0.97882894279446908,0.94677366914592997,0.94048264554173533,1.0591094513539607,1.0839136220402585,1.0555088638815462,1.0549354252334708,0.98847210476637604,1.0855441459701671,1.0221662560516831,1.0696812574010282,0.98877676459645636
17568,1.2323824686849583,1.1061834508808304,0.87316119804028469,0.82521122419570536,0.82536082906610475,0.94036570608283798,0.96887980823198128,0.95462548885088283,0.95523620316353652,0.8528676450007765,0.97388678965378317,0.9083451641517849,0.89722959446649753,0.82379729885807074
17569,1.0836046604512559,0.99466549323616738,0.74683041513738524,0.71140596542712031,0.70910440596524837,0.80646533255049968,0.82989574901886676,0.82363026236989889,0.8247619062510736,0.71449058959626166,0.86796262742903585,0.77152669611637126,0.7574883155875437,0.68416974195014657
17570,1.119342160919006,0.99843072460660731,0.73926494923700481,0.72036451626441611,0.71792522767386691,0.79349037647814202,0.82562752383382421,0.81547624549237974,0.81754375195767337,0.71916366828536404,0.82877193396700521,0.75856146768771793,0.74442239765952201,0.67632875538373272
17571,1.1089641349970694,1.0399321069569005,0.79076243531644597,0.75497808891815366,0.74947687970847321,0.84308738122903548,0.89400586136134541,0.87984792215454366,0.8805588271112933,0.77832951723587718,0.8513736484343124,0.81063232369045679,0.79786547707527888,0.71787270020101812
17572,1.0263870808442925,1.0592413019209967,0.87947392800852275,0.83012755834409613,0.81421909781408808,0.92521912990682098,0.99147424279315644,0.96710103818494497,0.96716944563331908,0.84953518058704036,0.86002356272178693,0.87113807431597223,0.82247776627821401,0.76694827050856273
17573,1.0617663078060058,1.0328494045129597,0.91065881369877644,0.88938154970786043,0.88280170258015112,0.97198791079875657,1.0441283290847612,1.0253888026525921,1.0257857292231074,0.91095525327139093,0.95958064807633658,0.89748425832194045,0.91794936832765128,0.85223905867048588
17574,1.2847443484963741,1.3493454287671796,1.0975973273124515,1.0423548406057397,1.0241037010945957,1.1003349844973631,1.1848027464706863,1.1245228154727873,1.1230745728441311,1.0789615555852914,1.1767774825422395,1.0523965828828319,1.0818928562691288,1.0493874000086512
17575,1.1940144271916797,1.1420982248760054,1.0035918115732365,1.0259048595948457,1.0093589339480171,1.0839559004777164,1.1748870202828803,1.1407522755591097,1.139422825898545,1.0637113826907421,1.1525717630887886,1.0143843166097735,1.0843189534337314,1.0183116282408597
17576,1.3733624234410255,1.5989980241952204,1.3729898516687538,1.4427323195412425,1.4083797081676015,1.5059540126277122,1.5505438306200841,1.5374390225882273,1.534492408964909,1.4646988940518912,1.5480586327205699,1.426236211895531,1.4910353640995697,1.4145807003787727
17577,1.2059400419252408,1.3731023867015097,1.1079371106017291,1.0875662758306699,1.0440368490348846,1.1538594067817038,1.2012365962646046,1.2095059070260721,1.2065213027705195,1.1006949789068585,1.2031864832895545,1.0911152678846063,1.1666300683251662,1.1253568688934681
17578,1.2552764341469338,1.3306126521120998,1.0314118300558599,0.98077597652902082,0.95804427879597309,1.0565660589140979,1.1170021250239133,1.0975194370810988,1.0955082252414852,0.96719150665431775,1.1038266411187809,1.0151445069362406,1.0310220129670655,0.99565280972921899
17579,1.2477765522101096,1.2025607026725271,0.90360857017443363,0.86098981797470442,0.84356858325374207,0.96915335514954237,1.0179174445369654,1.009972714089892,1.007913154559241,0.86345830848221738,0.99726078021878073,0.87941287536333324,0.92256824185488584,0.87075090445081882
17580,1.222087383207489,1.2296448403508358,0.89845077621847524,0.89813024984063339,0.88820755439750732,0.97393266069545359,1.0331941382504861,1.0224583720072113,1.0210029075921585,0.89592481830444726,1.0378415530908149,0.90638928701397214,0.92026036242208387,0.86115213640596988
17581,1.1448421570089333,1.1780164971520011,0.84088654554282594,0.78990004919043932,0.77052963838370148,0.87917847992346176,0.94873478675398115,0.92781106313151318,0.92594247405539487,0.78377411447333434,0.95600221290708276,0.82051189119007628,0.83354465708408343,0.76135654023818189
17582,0.99864370013445247,1.0503576468812195,0.73192555645781088,0.67130725582348905,0.6584567010608211,0.79312580343653138,0.85913164617090332,0.83468778347388917,0.8335784448674991,0.67076183233519893,0.86159287038038335,0.75021556477748519,0.7045886810849934,0.64634685103143197
17583,0.96298576096496846,1.0796831217150815,0.77218641922112874,0.70870246144448101,0.70002595407077495,0.86144637235768329,0.95158548473090931,0.89138378148106123,0.89059304203655354,0.71225522183086598,0.89672046637795511,0.82145450835574196,0.75475691226829111,0.67347851234770162
17584,0.99959152583658017,1.1254258716837131,0.81272659436989669,0.73362056556290622,0.72613919380748981,0.86284789755537095,0.96564203844308705,0.90970140388359855,0.90986907677501594,0.72189673431569867,0.872414091638963,0.80259498709112675,0.73875249470745563,0.65541235086927707
17585,1.0550051855670384,1.2440060464212324,0.88390873039679896,0.70361763476218164,0.70227989683825809,0.82731360294153511,0.92910372591457269,0.88254802771469421,0.88458329544002523,0.70207417954905116,0.88287201962531636,0.85543232737426789,0.69892307570237355,0.61391848034653862
17586,1.0921775196804846,1.4271075175413526,1.0155003940345182,0.78219069039320732,0.77391816655247592,0.89949615245083503,0.97801402758172973,0.93672034247984037,0.93756840981495337,0.75706175778414908,0.92959571339589508,0.91359508863402517,0.79168710269196962,0.74309867557831744
17587,1.0651378058117775,1.5063183678383825,1.1054222408001042,0.8553790224433454,0.8410893606423343,0.97249761230060561,1.0475248315860697,1.0287725486614878,1.028512143624758,0.84307126457928461,0.97147425960359535,1.0311770683938828,0.89717231988609503,0.85183143249908222
17588,1.1582695689134024,1.7328203346740838,1.411151086386716,1.193056355397671,1.1696284715333358,1.2893917457188098,1.3530218572744208,1.3975806635582846,1.3938738827612027,1.1587015994862098,1.1611417645558968,1.3093803737704117,1.2115588021591175,1.1541145579126784
17589,1.1330299882451631,1.5686561064813382,1.2689899464199883,1.0650622190567001,1.0456276121831156,1.1771456499571642,1.2382768377511255,1.2614120013211312,1.2579556750233967,1.0626827631282618,1.0885513709983581,1.2267970432521016,1.0896618844270121,1.0366360660895599
17590,1.3425923335471257,1.4922774197392517,1.2745051966763015,1.1195843914585011,1.1146623661079202,1.2297772403915765,1.2544797825920857,1.2879223336777168,1.2854806224836894,1.1347181039660121,1.2064663312197927,1.3275654936697923,1.1979970992740221,1.1462889958845797
17591,1.6694923291841695,1.5329086702108972,1.5335596964193019,1.4613779398244899,1.4600732708006809,1.5827209884450408,1.5931774709878028,1.6069843905551984,1.605554937371124,1.4879745199637984,1.5282109970514195,1.6474716758986943,1.5262815947675905,1.4563202516942193
17592,1.4085690188778273,1.3255279266990949,1.1704028764987311,1.1049896253080334,1.0912774047677414,1.1891421799564748,1.2386930724484151,1.2494035062249,1.2455636970319455,1.1370038353540128,1.1764376734509996,1.1620124183679743,1.2059945269110688,1.1504665514668191
17593,1.1744794610210878,1.0348894333332668,0.88881225157284915,0.89897123992504602,0.89156399683162402,0.96719207043426447,0.99655847381495577,1.0336564215103359,1.0308138092134818,0.92482489134227985,1.0143306582260696,0.9227450015422578,0.94759153999716239,0.91505419453815529
17594,1.2581459984742014,1.0880811068288005,0.91989195703265869,0.90034463913277163,0.89862220044259222,0.96193400804547824,1.0112104201163941,1.044959588761837,1.0421231035168952,0.94456907239738597,1.0802869980014751,0.96192200346638845,0.96876698596134592,0.93369636857661742
17595,1.3717783348165393,1.1673927996711528,1.0740907891687739,1.0907704322486587,1.091184102611787,1.1552807089535906,1.1773450954371338,1.2145904199595225,1.2129751476230171,1.1138173335746173,1.1974320438109791,1.1415677385602134,1.1651860859233574,1.074082113279367
17596,1.2852134167898204,1.0941132600937389,1.0215443727322147,1.0757037877776088,1.0763877909789965,1.1378725232631315,1.1480486043558682,1.2054508620003843,1.2031934902142642,1.1002781655987013,1.1714226695834935,1.0764512394017798,1.1616402227538056,1.0725062596810369
17597,1.3493052278634661,1.0986669626185785,0.95853056005024373,1.0301260396375553,1.0336688407453656,1.0838197922829249,1.0858926486488671,1.1368516802730018,1.1347446256017519,1.0758427368054677,1.1729794528286628,1.0449239802726635,1.0876372256975941,1.0004573378203803
17598,1.243753114424283,1.0501328709563764,0.86107938758566516,0.85213442956377172,0.85005237999838168,0.89277818960125854,0.90015587195214419,0.9362493272257183,0.93476459029117287,0.90344833987286399,1.0129731802514015,0.87664472336618948,0.92612578509842525,0.85222394769607734
17599,1.1364432798261501,1.037875689494816,0.85771839137504058,0.8706582909200864,0.86047602529733458,0.94032536900506813,0.90956157089100209,0.9739913095925804,0.97322038496327146,0.90313491399599632,1.0027953798266875,0.90753088651218028,0.9488387289795841,0.8592632498872308
17600,1.2209086795949236,1.0880750899500524,0.95143466691251222,0.96734720479461134,0.94800803616237417,1.0351622576301516,1.0420387890047418,1.075115440301021,1.0736512223050991,1.0110001864300251,1.0991404655043673,0.99466857267067099,1.0627802053071984,0.95918170076807907
17601,1.0031638898639772,0.98027965113157123,0.7995546867763218,0.86513189587230366,0.84667543988802729,0.94812262020521487,0.94926907259742854,0.97179158583118597,0.97031304332890433,0.91176320592260973,0.99330024061526245,0.89699388728186957,0.94965780535336253,0.85986596389824677
17602,0.91437131878234279,0.96076581356913182,0.7299657869608418,0.78754373638771757,0.78101602603200437,0.89002960382519469,0.90712309769292321,0.9206457111789127,0.92004579325260061,0.8141428255513995,0.91418206184754747,0.81532799085013441,0.8404636596614895,0.75690711168410341
17603,0.97563378192928008,0.92700520181002644,0.69672604842297736,0.68150904623024511,0.69219550124387064,0.77847570651455245,0.83141976458936895,0.80730297663108763,0.80948107024483451,0.71105314584435775,0.89181827946432046,0.80975677581780725,0.73543043553941634,0.66578230257189441
17604,1.0529490158763437,0.93766873934077566,0.74426584258346562,0.73640044919591141,0.75325310386725397,0.82912465920355116,0.87797579914848489,0.81987089868920227,0.82121089230872912,0.77634021260427755,0.96920879691793393,0.88507343619656254,0.78207793439731421,0.71978455858097179
17605,1.0541726190613114,0.92797528070467916,0.72179061991322069,0.7449871370708675,0.75822556409827702,0.87219690107169012,0.8769576357065848,0.85274840562248067,0.85222539390467833,0.78353527704700376,0.98938937758815682,0.86622235688974347,0.79401442684268897,0.7190071657949817
17606,1.0308312629932432,0.99711050332475581,0.81621742617524695,0.80120168086986587,0.79886515784898493,0.95807224073203689,0.94862541680371637,0.93292931763115738,0.9320436724050627,0.83370581179412528,0.9908512155268977,0.91484094666599669,0.85681210238070371,0.75695439773303874
17607,1.1425597296277805,0.99645006432936922,0.83764246488218064,0.79784832536124239,0.80369270756132005,0.96662345184395415,0.99611334224287973,0.96254889934911392,0.96114883385499295,0.81416169635384994,0.95318848542064805,0.92276012082150149,0.82643906657652955,0.73076892977973262
17608,1.081946709248943,0.8662290629769801,0.75245419068470509,0.7384039287601406,0.74429552546750821,0.8649164389489008,0.90933313220112788,0.87416351611313459,0.87403006909064862,0.71878138262843716,0.8388198685454864,0.81420616821913339,0.78135502420616876,0.68429336337886915
17609,1.1067299913873445,0.82601149285461406,0.74570417578014569,0.80352227690322831,0.817942335862196,0.92646356710821509,0.97273071944713241,0.95319435591785351,0.9547046619322227,0.79221158031609684,0.86156172898384764,0.85727442449754243,0.8516189006938365,0.7545484553775883
17610,0.99541464259251644,0.92179926477202301,0.81529559990896339,0.83447230205443801,0.82390460288946521,0.93897800450125746,0.97803884421358633,0.96916215599148825,0.96835280333997809,0.83368302256326277,0.91121560286867831,0.89352001802669956,0.86048425208706214,0.75338827361061678
17611,1.2084946058341859,1.0435205836525743,0.91682293755101008,0.9578647243162639,0.95677887800600292,1.0389516671662782,1.0875337172702073,1.0774748752520606,1.0772422569289986,0.96741956230784876,1.0687205439397558,1.0303386609427003,0.98524137584137172,0.89819133489948122
17612,1.3904116710228953,1.1474753327161065,0.99818916343097019,1.0445569792684219,1.0516042395908483,1.1342429127893814,1.1558433332664653,1.1489223408434981,1.1477057098827919,1.0731945364235922,1.1936099275229677,1.1485613301539817,1.1075738077187474,1.0030422923145774
17613,1.4209343427298315,1.119309673050445,1.0996960852042448,1.1477055304767962,1.1562902185913879,1.1918939638474368,1.2263334214508455,1.2314508785478413,1.2296213463074335,1.1661996881253367,1.2802164875341431,1.2520709812666888,1.1861618806862084,1.0841374518261764
17614,1.1472289994024536,1.0576760429395842,0.9733366986110159,0.95248988232902698,0.9532124540835204,0.99430842611065451,1.0216796884007404,1.0422197368959305,1.0410758139906022,0.95686090389934775,1.0823701423446637,1.0309378797607482,0.98960213392754082,0.89772984118166121
17615,1.17156237056418,1.0333986806980286,0.91653157298033294,0.92277819721274346,0.93384619091798104,0.95930795014147141,0.97643818803917404,1.0082783030581333,1.0088779992397059,0.92357575012885196,1.0336777954321936,0.9811574621621969,0.95460024355928341,0.86326118041021715
17616,1.1888766829423265,0.94387783875226172,0.83019486487700778,0.857306110309354,0.8789072969670999,0.91951803559424106,0.91232201183605977,0.93949556754684238,0.9399867557836955,0.86028628567270249,0.95502493020670187,0.9307942859298608,0.89382497821416518,0.79007888071035259
17617,1.2833555589718064,0.91537362405399425,0.85499956672020017,0.92079862436210835,0.96235530220822429,0.9976572293136361,0.98276051709761525,1.0069358817638023,1.0108319684642986,0.90987951732623407,0.99305756678704071,0.97161776867032479,0.9529873395742523,0.83733651849752766
17618,1.3870725485735014,0.98731417035514002,0.92275433831477283,0.96585534133706674,0.9884956295515348,1.0575652562998028,1.0530266124575738,1.0673286046253072,1.0690798826506691,0.95983449172586877,1.0464263919634782,1.0561569178191712,1.012068223377613,0.91844174660314359
17619,1.4278472869714598,1.1038215767033981,1.1658164469347454,1.1508514491907524,1.1660815321535867,1.2109647050488344,1.2088246494018975,1.2191917946458066,1.2208688977460171,1.1289044193343736,1.2343150009988468,1.2453684152278186,1.2072204683089869,1.0998741548886493
17620,1.2845182804991542,1.1046717942129922,0.99555645211310384,1.0093190519746886,1.0211325325342984,1.0675333524142341,1.0424234937713077,1.0621744622632834,1.0610129538214597,1.0208813499291756,1.1352205930259178,1.0729118860297093,1.0714346274164361,0.972396434306118
17621,1.2874177084453948,1.1022487314727878,0.93509285305860212,0.84825874883749397,0.85769261189381951,0.91541054272158529,0.88249747005691492,0.91877045095474619,0.91593837119440924,0.9008518759921178,1.0926563581130206,0.95734662990423636,0.94553670165062054,0.85152329281160788
17622,1.3537841121979528,1.3389103489219198,1.197163351164005,1.1250841623561576,1.1076680681947513,1.1780504804271401,1.1819880167297396,1.2085545462771508,1.2046963799411632,1.1720258042618914,1.3323514024398964,1.2196651300519363,1.1800518854486994,1.0821848129205116
17623,1.187248620337888,1.1598060957342933,0.99904137986806185,1.0182782124327363,0.98669188074436609,1.0456784963178234,1.0898217729219195,1.1181336792737699,1.1126411211978093,1.0635207776302664,1.1717091834727318,1.0727648333330064,1.1086497442453838,1.015755618621119
17624,1.2943166258247822,1.1585856895259417,1.0302574996554736,1.0489825900519603,1.0336424747213322,1.1004755968041231,1.1758325289655365,1.1804500791225661,1.1760586773006605,1.0988118775055915,1.1839723752251965,1.1236237654124492,1.0865058108931058,1.0156120497956869
17625,1.7067945272114085,1.394934789178442,1.2165330018842844,1.1857763776791299,1.1871979164366575,1.2359730932063169,1.3524369922056165,1.3232420218825802,1.319980052757133,1.244733503174388,1.3490176564798584,1.2586965005041049,1.267653268061721,1.1910456319064571
17626,1.7330812617949241,1.3976299053363179,1.2062672435709265,1.1767744537950586,1.1930419494463316,1.2138550765816525,1.3659732329118459,1.3302588832395463,1.3286947987876396,1.257013025022691,1.307822137850019,1.242432460831975,1.2741375203402323,1.1990055303735487
17627,1.8168924474324892,1.5317499165112161,1.3768332992458832,1.3604608670483909,1.3713147785196993,1.4103311403825867,1.546019493557482,1.5282747503017216,1.5270636296614999,1.4430196403303353,1.4541548623180161,1.4081229358980265,1.4363245547028427,1.3716053545809175
17628,1.8637294573966694,1.6124757664675478,1.4176896551646885,1.3728138027296399,1.3688804676259538,1.4258129555081689,1.5167336673974459,1.5247458802458442,1.5204602270706771,1.4614805912101165,1.5034257920762664,1.4563755474726696,1.4333808184452601,1.3615635622603253
17629,1.5925405621214757,1.4305488081654274,1.2552838731000693,1.2730192408122682,1.2591935748029164,1.3550348803085208,1.3905873631011005,1.3994572964174288,1.3963486397910765,1.3424766019023591,1.4087046609808571,1.3541148862199557,1.3282805521510679,1.2775564290891519
17630,1.2884305405066439,1.2119368095330467,1.0800623846253206,1.1095788026481954,1.0749151463524569,1.2029180606106036,1.240441670372052,1.2278662156206497,1.2218675827754142,1.1547611008959424,1.2526590482233788,1.2288502961783827,1.1666232784699704,1.0856042968638537
17631,1.2999229988712093,1.2621059542377615,1.1984008219005573,1.2560413297925588,1.2037938522272436,1.3475469816221537,1.3877480434712224,1.3786349280933934,1.3702372306459305,1.2891681791485592,1.3681246672740734,1.3757388023897987,1.2804750726228449,1.210707906694835
17632,1.4000030838207662,1.2920847610859882,1.1710767124796906,1.2526478589025314,1.2176744696325223,1.3394378975254477,1.399959067965199,1.3939854764767636,1.3879954620182076,1.2916241037088787,1.3439111741210519,1.375015388506573,1.2871153723440039,1.2162183639717754
17633,1.3684972162629732,1.2919095676564174,1.2002359352371974,1.2564393744330267,1.2199503631843855,1.3756535519681228,1.3905843894070862,1.4080012040548906,1.4018306993342851,1.2727759086857391,1.3286399458417604,1.3897954081637807,1.2548958458091168,1.1915292156120059
17634,1.1785008207808712,1.1207359376542163,1.0699807932833525,1.1246063712526664,1.0907686610913032,1.256105027002965,1.3073446478986461,1.2837450595694422,1.2757258984296054,1.1545353203393915,1.1845475396722998,1.2833023893750497,1.1415279374873728,1.100546810141005
17635,1.709773978797138,1.4314015617802547,1.2218932956768067,1.091776468935346,1.1139784663365209,1.2382102364052656,1.3785923572385741,1.3360392403457739,1.3300220663072817,1.2025420043337796,1.3020648547889984,1.3475690638639937,1.2187309713981067,1.1526967885262132
17636,1.864535302193755,1.5550898414438143,1.3003614720542109,1.1219937905442809,1.143746858164604,1.2686312862074427,1.4579444827790311,1.422870763615099,1.4142464362652216,1.2870178519489464,1.3430702740595739,1.3702428132028786,1.258092945173626,1.1818484320297067
17637,2.1186636189600687,1.7426646657929896,1.4522521911598398,1.2655615624561471,1.2891562055406975,1.3733335650454568,1.6043411388250204,1.5622117707057637,1.5520134180792375,1.4331573448214519,1.4504239147117588,1.4687925907140988,1.3897052659244542,1.3138570755082906
17638,2.0872662219606331,1.7318211568309128,1.4704815126440558,1.2848300209789321,1.3168665243761553,1.3905352673778903,1.623481848807407,1.5824986404778603,1.574320799391645,1.4708196705141157,1.4393576073812202,1.4439655838970948,1.4178294167641821,1.3377728402113986
17639,2.0041860927361794,1.7117848636244293,1.444363349280344,1.2731717887110168,1.3191754996386689,1.3545785044497303,1.5459622632009538,1.5152247491648883,1.5101533145741506,1.4402151205510192,1.4194806478177346,1.4343292552368991,1.3912326719363874,1.3102538260469176
17640,1.6445462391614194,1.4776499697636831,1.2780654194816037,1.1767117857680187,1.1684191262608785,1.2562924445257895,1.4104158025223783,1.3757938303007455,1.3692779739360306,1.2643694162014989,1.2847692460664972,1.3167186845806347,1.2600148470514294,1.205944060313316
17641,1.4452332278071625,1.2635380667317051,1.0887832420981318,1.036094984207043,1.0383870087474638,1.0935123968950173,1.2235582588598302,1.1993519943330011,1.1970690905899657,1.1016118523612588,1.1382432905430429,1.1489141124226612,1.0501057457489793,1.0259093222549502
17642,1.3218504277972167,1.1938184622293255,1.0084883992662821,0.95635854166234724,0.95159373095975874,1.0197039024073005,1.0988159887247813,1.0789895014550781,1.075582821898835,0.99866385061978324,1.0897051677308753,1.0995534936985421,0.97043262943069075,0.93670767213325468
17643,1.1936402663987047,1.1383275116336564,0.9726678686378889,0.92125880255906212,0.91331652899902394,1.0202013746865857,1.0756764936239818,1.0622595914033641,1.0602630003556663,0.94674681910852376,1.0404883794803883,1.0687647188210818,0.92405930621678067,0.89526942093793049
17644,1.1621401552556312,1.0607738473226154,0.97110979011956877,0.90246616572825433,0.9182515179299432,1.0326757853905313,1.1276318514335426,1.085458617307592,1.0848059210546055,0.94183436477029936,1.0175831864689282,1.0482545704624429,0.94142079970513326,0.89644898286816621
17645,1.0502129633501391,1.0057514268657821,0.86126342104047238,0.86167042489880141,0.85637503554364602,0.98247382400224748,1.0601018372462245,1.029613737966049,1.0284020030270915,0.90368155829641994,0.97753639867443609,0.96654694630585303,0.9092528323027721,0.85148662920924989
17646,1.250415022723911,1.1816531984198286,1.0166237740771529,1.0305029661031184,1.0383647533756035,1.1517985204610608,1.2276873312057828,1.1770666087180424,1.1766370870121476,1.0622979423739669,1.1622324236957235,1.1419838704624325,1.072213981682506,1.0353538926003067
17647,1.342086281855972,1.3075824890794514,1.0885956032146147,1.0873284238209442,1.094217910240898,1.1825116851785247,1.2832789767781192,1.2365365457767821,1.2362883399333906,1.1329824417326027,1.231534656004581,1.2077634752828166,1.1583740818016335,1.1070218219260335
17648,1.5091892564413352,1.5435547185997598,1.26357996326081,1.3055753192529085,1.278580152435399,1.3880618711913399,1.4687198904187935,1.4404958237747776,1.4385715935439449,1.3464400684037583,1.4447571017565666,1.3938677058892732,1.3840009707650445,1.371792016990399
17649,1.4404540927724627,1.4511559216569927,1.1518808617618816,1.1471560965098373,1.117237057828127,1.1795697239465821,1.2745358933540232,1.2524238246685497,1.2491693269777273,1.2007097998580529,1.2976472163957566,1.2852530496053423,1.2239670999322132,1.2589063511230212
17650,1.2037832406034485,1.239348636279314,0.99201273090695419,0.98466504283348077,0.96758316827942736,1.0306228775113881,1.1039471945301456,1.0754890511829065,1.0728429028148145,0.98438985829047443,1.0863274984719045,1.0773760724899397,0.99915651554694418,1.0374572395117208
17651,1.2941687352552875,1.2507651873906356,1.0192188247940857,1.0305992447782737,1.0247062516811607,1.0539506924147011,1.1410340991079626,1.0845110784000163,1.0831985396279251,1.0301445980342325,1.1570094077220361,1.1614794350670679,1.0681283311396186,1.1135835929544722
17652,1.2055175955278163,1.133482300650988,0.94165929715774555,0.94440820737605191,0.93373789696246334,1.0528109923499587,1.1614212248378275,1.10502622946997,1.1012594892109051,0.97284369282676275,1.057027652956348,1.0804715665777882,0.99628566375973593,1.0401503259503577
17653,1.2237220196847078,1.084586795571568,0.91754691617025563,1.0611275156358939,1.0345892834855912,1.2100647863895919,1.3421228498012572,1.3213027080308275,1.318255070672868,1.1112119106353406,1.0841341333361891,1.1001663485612956,1.1122695132172109,1.1444675215222713
17654,1.2609534903436761,1.1212154414443367,0.95852031433163953,1.0551585973458126,1.0059517282768369,1.2158598680924799,1.3817762555205122,1.34829622728204,1.3426761495179433,1.113151443380286,1.0642136398936815,1.1158370671903997,1.0673976193024495,1.1128497686373444
17655,1.2953191230394274,1.1140877964590539,0.98610031800998987,1.1201479821424367,1.0730630702583879,1.2744955717536739,1.4802285563201112,1.4674981235152695,1.4611308938681471,1.2015683423687786,1.0931628265739119,1.1725108133195625,1.1018373321186947,1.1596372738914456
17656,1.3956097170612511,1.1881518902542587,1.0138861463097424,1.1527017309570931,1.1261653044222637,1.2955218115107063,1.5208192517992791,1.4965087539148119,1.4901771928455185,1.2406434406596447,1.1451695863920763,1.2032949490633715,1.1440009771433572,1.198542224189495
17657,1.4005405579606944,1.2426700718279577,1.0676843288340094,1.1467126928131757,1.1246185567531246,1.2775097348125699,1.4611730020379805,1.4219076849619969,1.4145044118822827,1.1767512399094466,1.1615975546027333,1.2090090547523304,1.1389827529030743,1.2238480040850599
17658,1.2632896265802154,1.1587669302954675,1.0511332330485783,1.100210422783727,1.0974588213474417,1.2053290024233241,1.3803601024140824,1.3278233933912829,1.3221628048864522,1.124435557049412,1.1369463534580562,1.1702979736782033,1.0850605240513751,1.177962675614507
17659,1.4778412087505048,1.3215666217807231,1.2133243568248231,1.293022309963469,1.3190766237064828,1.3791526532305944,1.5322814398270401,1.4733600270212672,1.4696033609066144,1.2849231339042624,1.3609722230448948,1.3790288944556373,1.2776723014936704,1.3728180730597503
17660,1.414059368383056,1.2826614460843642,1.1960502059226112,1.1731714878672743,1.1977360394253245,1.2238244308435116,1.3325552086045656,1.260998174935021,1.258749556904557,1.1699152294832573,1.2917296682778656,1.3407037624463156,1.2208006141665131,1.2814929905493948
17661,1.5716103077983201,1.4203052563640304,1.4198519472794942,1.3807657960390611,1.4059490417931466,1.4415450193867636,1.5289277418919929,1.469435553410825,1.4675645395116341,1.3983403259842953,1.489635999322561,1.5343824323772486,1.4382505408358428,1.4442118870417893
17662,1.0866793698358836,1.0806673524468879,0.93917367086043535,1.0154962239716425,1.0324967139259269,1.1053164503125668,1.2091794765496564,1.1751598579089786,1.1758670104822291,1.0168756285960838,1.0638991115809187,1.0534917949089961,1.0414550811737926,1.1114361535280521
17663,1.1757151121673979,1.1134409456367604,0.91835315989076971,0.96318891977747356,0.95431266987922569,1.0576849996385405,1.1201319910694723,1.0797742294092534,1.080549573468492,0.95741901900834092,0.99158612894754772,0.99573833180421223,0.94364904540318573,0.97859835446775156
17664,0.95578995848552262,0.90843446137033668,0.78027814589830458,0.82738615293473594,0.82884838027088259,0.95955506019469716,1.0147919675241088,0.96611850530303589,0.96850810445225055,0.81356583620746548,0.82099663081752661,0.85775128153072122,0.83664684455919192,0.81522688267201349
17665,0.97087085134603102,0.94493443035293223,0.84730414108520635,0.87848273355364925,0.87889500132992504,1.0559395026429883,1.0962254614556821,1.0514405136018581,1.052378062663228,0.89018094476660137,0.88098799293918861,0.89793514730747326,0.92808597517677371,0.90608310806534431
17666,1.2587253921573518,1.2457620670720495,1.1440431919942262,1.1845882042145333,1.1551171311008264,1.3504261563417388,1.3860594062824687,1.3443326141033753,1.3433210895853125,1.1558335928706038,1.1662685807567079,1.1604359777579012,1.1765209938737384,1.2337883854310314
17667,1.0213280895863717,1.0136870744132604,0.95574227336526629,0.9630029003408197,0.92033590860698344,1.1337929053289595,1.2262193513753448,1.1732932561625971,1.1663686635380257,0.97456592675875275,0.99913327579817157,1.023192275630405,0.98968837554049238,1.0516213426076493
17668,1.2756976926635413,1.2224266023207582,1.0916847323374781,1.1034894575667578,1.0427676720065511,1.2389443028899449,1.330675322445666,1.2852736745776203,1.2759562140057354,1.0820624695840722,1.120284891224999,1.1301956076660833,1.1328824225176273,1.1994902448605855
17669,1.1912261862945419,1.1084573147420713,0.95840854198442693,1.0485175218757621,1.0003455650801545,1.1732507104538155,1.3134038662761931,1.247451059815448,1.2393692688470024,1.0442453918727546,1.068042957685603,1.0890831178363645,1.088004670287311,1.1587911718195101
17670,1.1449695352424261,1.0760165485836608,0.90078681701327212,0.9548022302395337,0.92498199944503134,1.0784370877954708,1.2335483237114453,1.1637007598427302,1.1601875662424983,0.98686626179292347,1.0277106101750539,1.0435402220950694,1.0317705599465437,1.1107769093280928
17671,1.090707178787816,1.0180433764214387,0.876814016024969,0.95917374486041795,0.95833981652110967,1.0924982883643706,1.235869059537045,1.1580249319899152,1.1568915833470816,1.0049503853234607,1.051909369788967,1.031398559466153,1.0154458209662456,1.1204904857729676
17672,0.95764342239958022,0.93824911819366708,0.81596497841247195,0.90296677111127321,0.90674138402028204,1.0198569073448989,1.1592685469596591,1.0907799638942708,1.0884911062950411,0.91821209859142816,0.98565527075550485,0.98777558736910476,0.91077372118375755,1.0063309973586674
17673,1.0598983274934297,1.017534028318771,0.85738315768953344,0.90781054626630941,0.90330931594229769,1.0130867262595193,1.1370257922830251,1.0817291275332375,1.0804685614471816,0.94729341231659125,0.99093011472376702,0.99736664479450843,0.91349711646028298,1.0083514194883689
17674,1.1987932637289305,1.1357010108465302,0.92820047791528315,0.96617365688294365,0.96878764081025504,1.0431587982552137,1.1945694503172075,1.127033421770874,1.1257338192154844,1.0240585596808993,1.0661480332646827,1.0564047081859826,0.97120012306666026,1.0787101240083712
17675,1.2991946447862843,1.2353823272983266,1.004118558508333,1.0760172247828581,1.1079859571860449,1.1300646511934411,1.2983486686147969,1.2212053988602123,1.2207821018049427,1.1232434847412327,1.1735188343922593,1.1124504861336313,1.0624701736222637,1.1784143190154026
17676,1.2453856338958298,1.1940931777024666,1.0133690629499379,1.1188517191408074,1.148693287196372,1.1926236074272214,1.3344354279123607,1.2696836383861108,1.2703566093746654,1.1295191590670051,1.1833842685042149,1.1349956532465093,1.0607975412006774,1.1776120201512374
17677,1.2397976373476931,1.1887054810028503,1.0120520040544936,1.1430104065080511,1.1695088389935759,1.2269462735313557,1.333927387321209,1.2888591918279089,1.2896805210984674,1.1478594605170667,1.2118435411776722,1.1565200554621748,1.0785982641350913,1.1871310967184461
17678,1.1976453409221277,1.1261540923651399,0.98299451438472774,1.0558774751808808,1.0721962034992929,1.1472109605663146,1.2329846949574834,1.1872530353782882,1.187551680582855,1.0442607916124234,1.1619362285746599,1.1395619253705844,1.0241161624610531,1.1261486278042299
17679,1.0783708666528116,1.0145702367084186,0.84179289668796708,0.92167649791052053,0.92972891520471013,1.0334346985287157,1.1236303096837625,1.070782215851307,1.0709654730279665,0.90899206377718444,1.0128625981474018,0.97229465255903558,0.90179979606999805,0.98695593880363497
17680,1.0115569635669626,0.93858643748056247,0.79117163534414359,0.8402986386383815,0.83650019725358615,0.97636266033654207,1.0570298240427962,1.0080467742208241,1.0069660155708984,0.82841319219721898,0.93216473929908861,0.90900575208818224,0.81193998585454796,0.90092330573178858
17681,1.0582985909447342,0.98915682152235773,0.82394119688626111,0.8587939597444828,0.85641835467027305,0.96938200840353794,1.0605953257336369,0.99401516523409961,0.99127642083987677,0.854486715628895,0.95320212436738117,0.94889041483563319,0.85477267276876545,0.94995975409190947
17682,1.0900922009095535,0.99549668061924723,0.83765255655016424,0.87785092329780134,0.88446663829539129,1.0188989009807781,1.0712016431634555,1.0014126952018636,0.99974525787756652,0.86235697898151786,0.99051182571038909,0.9588798972158985,0.87834191071814482,0.99537279311765248
17683,1.0502512583075581,0.98622250193764238,0.79599727390575747,0.86328391114288738,0.87063546872297126,1.007247421823201,1.0660903320677038,0.99740748428064285,0.99464371561372711,0.835946933051953,0.962168453620034,0.90942586503038469,0.86434031858147509,0.96569621951970763
17684,1.1106697982667222,1.0467991680805346,0.89153759804561894,0.95953030002270578,0.96993309616375012,1.1118440244938008,1.1873537846326196,1.1255695974200637,1.1247827828734871,0.96916657371311732,1.073170035439005,1.0413752537438652,0.99470799925447762,1.0823010909036084
17685,1.0112843137241474,0.96602666431466011,0.82769611252947084,0.92117180213655714,0.93108447218915424,1.0749503882941445,1.1489176916968431,1.090195462453047,1.0894285896118376,0.9320807460308701,1.0168056585379448,0.98965656603831642,0.94287059077973934,1.0190267313615302
17686,0.90405157628304278,0.89512257145430263,0.76148589951936019,0.84652230322512334,0.86210904576872582,1.0125486494322806,1.116454054440732,1.0403331469538282,1.0422755292400359,0.86898327695532374,0.95372223390358313,0.91127028953136335,0.88772727026696452,0.97723300547523639
17687,0.86468997259364999,0.86788821318458087,0.75296229396737369,0.77182842687296482,0.7789242443646488,0.91645972932699327,1.0320280400792547,0.97279981589003128,0.97767836066873992,0.8153394062983742,0.88087537950168204,0.86946779200064084,0.78718179025678947,0.8911983623562626
17688,0.97897111168540218,0.94815519276737525,0.80460538186940322,0.8433574291867858,0.84006397090137164,0.95091385664780514,1.0569126229242753,1.0049274992759223,1.0070684135647334,0.84113077210460918,0.94190885157748783,0.94244844209432954,0.82354392395462228,0.93486090932163157
17689,0.95075451395321797,0.92380635527686039,0.76562423817912695,0.81097384378063209,0.81741776714922287,0.95426817375958484,1.0221635089365435,0.96878668942356017,0.96942438829699051,0.79220222203772306,0.93511823011874717,0.92372977179352511,0.80610300943259727,0.89321047708004597
17690,0.92523668708711559,0.86634544346966302,0.74195380219343721,0.72918889005849485,0.7359203824591557,0.93875881561805419,0.98417328077624133,0.90659458306089014,0.90671272889133292,0.71930317254060949,0.86933918452774195,0.84737756932508823,0.75581324944488193,0.837125102597571
17691,0.91333789459950887,0.87858237332539524,0.79763227727821029,0.78123488162861943,0.79223625344376447,1.0097027819459501,1.0209777119987036,0.95839172232732983,0.95825974787577572,0.78522879284102864,0.88009805670981378,0.84389668985400856,0.78635356209880536,0.86676781918269719
17692,1.0025627870180993,0.93132370035112289,0.81741691525895088,0.82003610403670435,0.83778768382873681,1.0262604096561749,1.0747908835166193,0.99041483704165023,0.99110245327553792,0.7898947418590696,0.92848996777190529,0.85611034681234333,0.82681000636954427,0.90654558288907816
17693,0.85272085378441487,0.85112672290840019,0.76706083633709177,0.79791661327908259,0.81883353086478894,0.97916436005233343,1.0540648854848433,0.97740467701434819,0.97705129546994796,0.76342686880363519,0.86801060576099887,0.80638775411166963,0.78598305763732124,0.88578237393533976
17694,0.93618404245050146,0.90888576919452368,0.83213244399054243,0.8939770488825497,0.91067716321537595,1.1073143412522455,1.1828717264963122,1.0979231088833286,1.0955344248793868,0.88811207616632692,0.95972671410982502,0.89204902850235734,0.89390699800986018,1.0046799099858887
17695,1.1129409194366866,1.0280507592435493,0.88327649720316392,1.0004571500530757,1.0248074021880207,1.1824584705444892,1.2630779974158706,1.1884330984274654,1.1851815020378913,1.0109703955560543,1.133795617628552,1.0744456179956599,1.0357392879476057,1.1418758709832946
17696,0.94634022545678753,0.90441648449107293,0.75064584948687751,0.88322434803528271,0.91850784549853137,1.0269432314687001,1.1154739156084317,1.05111575903165,1.0516951847643168,0.86880557837023853,1.0171625197222833,0.93853222613505138,0.89026911063271308,1.0013115434659203
17697,0.99246708729183597,0.93950095153932278,0.75094310849577883,0.86484820609658664,0.89659917964469982,0.98448668914844328,1.0912378856281033,1.0313986432659092,1.0312638971970205,0.87424415932466681,1.0045386695843086,0.94034380666180661,0.86520610936606746,0.97332645863303491
17698,0.99001044988469877,0.96443342160702095,0.78651169454786762,0.89022902555117156,0.92889508139511123,1.0249378678148453,1.1521688265699013,1.0796345027035459,1.0790722441512932,0.9034889913817431,1.007095410141349,0.95650788711849899,0.86838388187767579,0.96970058740128839
17699,1.1528453130386764,1.1253892174804816,1.0501422592193814,1.1400667459707439,1.1538708475945401,1.2563956347154044,1.3870260864118706,1.331481604574847,1.3316517426967673,1.1485181511869091,1.1776341452950607,1.1709191964643808,1.089870800918086,1.1772462531470287
17700,0.92612580969385805,0.95144411224048153,0.82800990465887581,0.87141416758283119,0.86842175495385532,0.99670470621373342,1.1146649619223989,1.0341679028770805,1.0313443881970801,0.83992304532318895,0.88869463329205001,0.89239353268478405,0.82269627207953633,0.89659089004179171
17701,1.0373479393362,0.97143862894394029,0.82980937328844129,0.8864310397198284,0.8943633036741766,1.0422780482910878,1.1908975801366513,1.1049958682061252,1.1018184162614308,0.8997395470506494,0.97589803159207289,0.97737021911870336,0.92281580273890451,1.0059589115419398
17702,1.0424847614958945,0.95860326667407203,0.77712892734824834,0.78136273077790264,0.79346436907948437,0.91419930856269449,1.0214642001466221,0.95014283507512998,0.94727503563943738,0.78235050449167176,0.91041235200734794,0.90831308242823994,0.84889422332256603,0.91783604302986099
17703,0.95421835899587848,0.90811630295794787,0.73691744985120244,0.78521838590217308,0.78972392375734046,0.91355001566793825,1.0045658450286317,0.94290365245213814,0.94008070417640732,0.77137542445948259,0.91171441171889078,0.91641046406857773,0.84668821839343456,0.9156888017150373
17704,1.0287262211510826,0.9725067183755024,0.85162719540746945,0.88559157313159764,0.86337190021817289,0.99024784603231508,1.097566991305843,1.03263711756499,1.029571728012441,0.86167403160589184,0.99208467780105802,0.98684721311569246,0.92282696514510065,0.99729146776253086
17705,0.98612767234905341,0.94686058003704421,0.83554245611779043,0.87846879413588819,0.86364452732494112,0.96835719669350961,1.1233736758375312,1.0599568766412026,1.057380113130592,0.87925579620503314,1.0107273599718734,1.0077543017177621,0.9323571177820017,1.017907124952478
17706,0.97685001256496329,0.94248739146750726,0.84590751923674989,0.87786932946991847,0.86243497262171853,0.99838753068281338,1.1631278001012746,1.0778669823261675,1.0730468919104907,0.89337847417445226,0.97189253215517035,0.98868714260346691,0.89645475855873524,0.99375298812304025
17707,0.99673259016846583,0.98198947284648008,0.89395622479461323,0.88828161101049208,0.8813386662466256,1.0044971031657559,1.1999762751572562,1.1125762084155897,1.1101648740647885,0.91694345214780182,0.98594706093972018,0.99670873043793629,0.89827514939803843,0.99958881862808557
17708,1.0172798112601993,0.99715090415332264,0.93664581733936603,0.97290461705700038,0.9612050831574781,1.0833182571481128,1.3057044641787363,1.2149371700689886,1.2116949067517269,1.0161140149943064,1.0402370082402979,1.0704877689627961,0.95198761112413999,1.0711579226348769
17709,1.0404558361492326,1.0253297116249074,0.94928074559818842,0.99006087638730256,1.0020476999642161,1.1189345971914579,1.3688545328748465,1.2788415559547601,1.2785769383586698,1.0777185694284457,1.0784214656861504,1.0395232291908705,0.97972207446113246,1.1037456396080725
17710,1.0618116647156917,1.0634506831447683,0.95018102449955855,0.93081472553655409,0.92665189704502182,1.0405932737255952,1.2837814632738715,1.1873453588479437,1.1853989332873882,1.0363420674116584,1.0863712594957107,1.036867846634937,0.94630905104766205,1.0806856746964399
17711,1.3176063455728606,1.2709558829989684,1.1210718989328512,1.1369274625072359,1.1209963506885292,1.1897460763291496,1.4719030575421332,1.3623110907678408,1.3604147384313909,1.2194401136616331,1.2576483289916216,1.2141977216432189,1.1379789717745288,1.2717453426560927
17712,1.1571955183364433,1.1248780614690561,1.0038416439309839,1.0329218727928549,1.0344849898121675,1.1488200866182461,1.4037681703772553,1.3012904534357259,1.3019454518299913,1.1147286901555358,1.1414833706880914,1.0889102658210841,1.0356664395598496,1.1651533093482707
17713,1.1966994332933858,1.1264689846678111,1.0360838052863373,1.0440802238280205,1.0611932941366504,1.2424073518660521,1.4417177454776902,1.3284832646337337,1.3285836683442047,1.1318515136088954,1.1870076881832259,1.1331397257589864,1.1031148060004898,1.2427872080467877
17714,1.1451554763413367,1.0604751551531482,1.021014305975235,0.97979235597189229,0.97542535850211665,1.1729150670404844,1.3449223057612032,1.2180998316475169,1.216729888053695,1.0289145644425175,1.1300380179278078,1.0903165165771931,1.0355771556304085,1.1689748139828822
17715,1.0595941704067076,0.99781729341780334,0.97434309519803974,0.98080751863516857,0.9589347386019772,1.177644453841552,1.3436231556988525,1.219165361200532,1.2175111154994331,0.99627432016553763,1.0619844159198539,1.0968242753032365,1.0480348173802281,1.123144541560005
17716,1.1291747505166612,1.0131436285312938,1.0477952958626873,1.0067916136269524,0.96056141226236225,1.191815562673779,1.3425890857752136,1.2275417677313023,1.2212706431525568,0.99993838261901324,1.0781792375305959,1.1441090564971401,1.1030855383660911,1.157808830075179
17717,0.97489926579406683,0.9365722866496059,0.86215964460473327,0.85608596920708024,0.85199954071501482,1.0134128481046478,1.1775673812686316,1.0728735135509264,1.0682672426181761,0.85839433953886435,0.96666113113594077,0.99439580757173995,0.90749997551602579,1.0234047741884809
17718,1.063958964269502,1.005613238182804,0.92933626154528337,0.94116750586479192,0.92518473778298838,1.0767457710994275,1.234963615774672,1.134458768787763,1.1288015284116923,0.91773968271765094,1.024241901224044,1.0571681581163404,0.94435397438860313,1.0839734399001897
17719,1.0266564618085963,0.96911358761664557,0.90282556122109581,0.94779191675220931,0.94834833847953259,1.1249392848931292,1.2808539936702101,1.1733817456848219,1.1706267834867041,0.9359216806580215,1.0210485535617049,1.0573842981679729,0.95534182591178174,1.0972225759977874
17720,1.0461494635210022,0.95602021446639207,0.91984179548497569,0.95940507389720153,0.94620604961337706,1.1397554196974677,1.2999779090401824,1.1813028302970867,1.1788611466588601,0.93650084686083845,1.0247821011124802,1.04081511908763,0.95603831508906267,1.0747184013475841
17721,1.0356633987746724,0.95383342466231047,0.88330270766763552,0.89736417348941011,0.889749960307054,1.0455581791274284,1.1907852966544195,1.0952241256455355,1.0939104857217579,0.88510862168261606,1.0011334581618694,0.99113902921613772,0.88796447043731286,1.0071293756166348
17722,1.2075756555035735,1.0968571030912639,0.97427083621960264,0.95542579404769112,0.92749847387722051,1.0417771029024281,1.1963172456904962,1.0992210964045261,1.0930827930227467,0.9246563830899891,1.0768327906783206,1.1024582582975524,0.99090123840025557,1.0995369401421864
17723,1.2417089322058241,1.107220796453197,1.0524006392437222,0.97058169240006786,0.94685803451512351,1.0528147679253128,1.2154643408352224,1.1319138793822798,1.1308217342888027,0.96652570445801156,1.0933333112235943,1.1187762499002118,1.0227245199399964,1.1066248809117045
17724,1.3365355074208447,1.1876796993219536,1.1660211544598467,1.0574751444479877,1.0262809959154096,1.1397548511108426,1.2976651628828699,1.2329619602634527,1.2309022762337596,1.0657408167554778,1.2081883328183067,1.2260812646078632,1.1485445174577245,1.2261794137429023
17725,1.5372030400949632,1.3653476453643971,1.2774176382420157,1.170518378968967,1.152466063688812,1.2304544526696199,1.3774612037689069,1.3008827680550059,1.2998287455825666,1.1697087229870351,1.3312814093150898,1.3243496920185096,1.2625105790759465,1.3460549143028651
17726,1.3719384459341559,1.2361223854637287,1.1410786927003476,1.0602126464330073,1.0641007661432274,1.1502815702055662,1.2900394031887028,1.223510114515669,1.2225887897679617,1.0866488164718096,1.1928323720077156,1.1890600894368115,1.1086486324432063,1.2047634947216825
17727,1.4608068637233498,1.2933704774636072,1.2537189179787207,1.1442319052375822,1.1259520781367083,1.2645771358584004,1.4459080184890958,1.3712799347211508,1.3706352445758669,1.2009696854373182,1.2769289520153304,1.2545278662305821,1.2158381977934363,1.2820053582227717
17728,1.3610569155487089,1.2285556534888205,1.1653699380723856,1.0764704115141559,1.0804924914327017,1.2126069920583658,1.4020068263554069,1.335789324219248,1.3349864715590924,1.1524177242301135,1.2074919241504001,1.1860199205533957,1.1555243546242517,1.2425228118354794
17729,1.2888221191206382,1.1602943709058924,1.0813672582082701,1.0393808989991646,1.0279821949697647,1.1850301869710596,1.32852106725873,1.2672814099645764,1.2645953216636303,1.0650806762078182,1.1186707464094685,1.1130381412594006,1.0721636163321642,1.1493774305851199
17730,1.2737589859568441,1.1794035130216458,1.0809120618553478,1.0720454246742777,1.0806665767778052,1.2314813776614932,1.3883036160780464,1.3159074667571833,1.3113740363967052,1.1243992154640312,1.2127516742154782,1.1955256671322056,1.1285762816909886,1.226309233267711
17731,1.3312246139462125,1.1727358890144099,1.1302176760698768,1.1189014761920273,1.0970132725503146,1.3011915461540533,1.406247645175031,1.3470931825472408,1.3411860382856395,1.137831142974179,1.1809101097502039,1.1995657999916201,1.1469728459357471,1.2420720030565113
17732,1.2522690472550944,1.1585010996232858,1.0415507978471839,1.1262439211708051,1.1404911877284742,1.3364759215521784,1.4501288420684246,1.3970508158791803,1.3937421847059461,1.1805365551807054,1.2207209175301719,1.2243812820150382,1.2030589660954154,1.3063296880438922
17733,1.2185545355620497,1.1280330359330024,1.0302837777364868,1.0784422772967626,1.0883039887060377,1.2611193059487678,1.4133030382660372,1.3345778173594323,1.3329762329640751,1.1270444982837671,1.1924063692444373,1.197366902568239,1.167891430670116,1.2537973830145817
17734,1.2494999775696294,1.2407753162702377,1.1563026099387128,1.2551764042978588,1.2997450723550519,1.425600287690767,1.599213014786466,1.5311326232451397,1.5303557629759561,1.3069243049311141,1.3427445928155999,1.3442050784968733,1.3418242579311863,1.4346270069437455
17735,1.2037692460631162,1.2073176072590643,1.1303125426880329,1.2036593481360829,1.2592774936702453,1.3593259131213522,1.5619272636891879,1.4995896622859619,1.5013990714032606,1.2853502923887863,1.2805166080828039,1.2406299416565496,1.2730441716932603,1.3782734512905446
17736,1.3876957015317262,1.2652603529945361,1.2003838338108754,1.1639793775455856,1.184596701991707,1.3051718300379536,1.5039124983841421,1.4156716969549292,1.4157189339805123,1.2381413871794638,1.275539845420476,1.2491991021029627,1.2265150016791759,1.3262583959115133
17737,1.5889009987934881,1.419263784812151,1.3841869661982045,1.3316683683129384,1.3366580185530925,1.4377431524174249,1.6098883918070153,1.54436709001355,1.5426243247021225,1.3787582332841226,1.4466168829484549,1.4015695023353565,1.3583731564453159,1.4479273595908453
17738,1.4598663796304008,1.3531728183745417,1.2775817959813749,1.2669416944399114,1.2897222473502044,1.3900508019822209,1.5925256936437968,1.5134206254663651,1.5114088733937363,1.3284476149838347,1.3813228643647812,1.3064362797857785,1.2929178367343057,1.3930973037860219
17739,1.3618844858569215,1.3076426288248677,1.1924580058095511,1.2357159283798349,1.2539899858626589,1.3795600415845262,1.5585216669990662,1.4891261936772706,1.4849519908840718,1.2830152526792242,1.3696090193649799,1.2613516167976246,1.2879467892244059,1.4044960668639324
17740,1.3272452029753254,1.2339683564284942,1.15098609555501,1.1746736986594979,1.170268442041283,1.363880711024984,1.5252348834467007,1.4643169826977682,1.4597196307801745,1.2247146397653474,1.3065102190440405,1.2408925121793697,1.2559805393415346,1.3399991123744381
17741,1.3030264821619744,1.2480039178564235,1.1393200806867527,1.1454482001178665,1.132748557666251,1.3222195373920316,1.5084751865607713,1.441073603495139,1.4392786625672838,1.1730006017230488,1.2800338755591334,1.207598117964839,1.2259925066668251,1.3314586879910961
17742,1.3383177223610212,1.2639754315033573,1.1395419621421512,1.1389387754123272,1.1356170205148015,1.297313611837368,1.4953688744964377,1.4231063224151319,1.4251205107980547,1.1653014405900743,1.2841337990131423,1.2026958369083518,1.21250538341211,1.3400068142546135
17743,1.2526480232188317,1.1387673127363269,1.0639110934456202,1.0359450457239154,1.0275935721241314,1.1883390203637842,1.3549978348883462,1.291199201120538,1.2918072532322944,1.0633534192166503,1.1278307796992753,1.1164912481340208,1.0570330191228055,1.1737800680301826
17744,1.2496286704101849,1.106688076854929,1.075004934359381,1.0537580617114761,1.0475839304073771,1.2289957473971822,1.3971668729577142,1.3380464270135366,1.338003496501573,1.116815999668324,1.1575303058780928,1.1898917328261946,1.1091035815641721,1.2235209435522976
17745,1.2445422454800936,1.2197911467019067,1.114247053418,1.0647962732721405,1.1020000042219826,1.2233100706292879,1.4154328716585214,1.3201026443558475,1.31910110066606,1.1250956462803676,1.2759062226718922,1.2436093931988148,1.1222395555544487,1.2610185971953214
17746,1.2710849673999112,1.2114632449962974,1.1574896974741562,1.1078322249671237,1.1376090160372656,1.2704652864096537,1.4586237470432375,1.3843520853336693,1.3825260873767464,1.1986589774219929,1.2663650146396728,1.2639380258768569,1.1726584364756205,1.3006066860886516
17747,1.5246696761117733,1.3063224995318403,1.2820538331413738,1.2130411109337114,1.1860820029930965,1.3463037973440204,1.5353024065642251,1.465373075518513,1.4605039443778409,1.2744993020314759,1.3046212013390279,1.3389119042006659,1.2474246189705762,1.326491384106242
17748,1.7912574077535985,1.4675853883056564,1.4072062323559265,1.2623672030575337,1.2088319639184115,1.3671546836264159,1.524800102094555,1.4499428469498146,1.4461599555435221,1.2667105995703938,1.3274141912863027,1.3665421679076455,1.2486107507333732,1.3329782322390158
17749,1.6269040262699195,1.3732448025641391,1.2731276101567686,1.1702238765885273,1.1296443417731559,1.3141803719166252,1.43576910701536,1.3595500261351037,1.35435631086597,1.1561575627827441,1.2270763546752645,1.251133263668972,1.1606288261936661,1.2684728569846826
17750,1.6263505289459235,1.4140376879731249,1.3458031911021022,1.3599407453990962,1.309220876010011,1.4794911654891447,1.603900897278751,1.5311986562114905,1.5265397699982655,1.3195173899581201,1.3358095372554646,1.367228036103286,1.3699813252756325,1.4213798440955165
17751,1.3463665703963552,1.2368870297253485,1.0265936992730915,1.0902745352714964,1.0710151166016848,1.2029830679844253,1.3672665997309341,1.311288421243483,1.3086416506187386,1.0959687329152441,1.1585845644878208,1.1323499326183264,1.1315418663231664,1.2312976806886433
17752,1.2833303647831089,1.1753105640613537,1.0426458552389948,1.080722134930248,1.0702674793272682,1.2106581202764208,1.3336884526079045,1.2821458600574611,1.2810151304371118,1.0692539492340261,1.1312021794918692,1.1088851830553503,1.0769152915626674,1.1742406716575273
17753,1.0296898344516103,0.99428563820248195,0.90013794686987014,0.87449135105729026,0.86589483066253692,0.98378717149481021,1.0943418460899421,1.0362829020406217,1.0357573092957804,0.84548842696674742,0.96431672307061811,0.9494026407802455,0.84854305835019161,0.96095416531508682
17754,1.0246587421072635,0.9664533178474326,0.91034484098899726,0.92384921275239751,0.90804497882590662,1.0608912753233757,1.1803953561080756,1.1220609963764492,1.120666090616508,0.91103719546108985,0.99681556311944297,0.97586506523630634,0.89941363503707106,1.0067612870327405
17755,0.98846774094062007,0.93048498459570117,0.88497281256236138,1.0086152211151533,0.98799620729444271,1.158720788317819,1.2774501255689463,1.2207872149886767,1.2212865972115285,1.0010775314991773,1.0335218247610896,1.0032291861911373,0.98398640808024807,1.0742483949067074
17756,1.0804773729021275,1.0064790216269783,0.93514179108353823,1.0106552750349402,0.979727743858547,1.1343578081787009,1.2214870528578485,1.1727542224979737,1.1703896985795563,0.99381789106026464,1.0616826608333512,1.0380332354534034,0.996273382361896,1.0756132237400129
17757,1.0657012664802286,1.0161028682374413,0.92904208863021664,0.97445118528248542,0.94130905973404011,1.0679320867295103,1.1675115400737179,1.1268110659362143,1.1254231529326288,0.96822868453453426,1.0278305764569848,1.026597314080951,0.97291247753438459,1.0539232983741611
17758,1.1661077773790693,1.1100399711634024,1.0019167071283497,0.98419073190270778,0.9707929158674985,1.0680143326519402,1.1954467780667493,1.1421624040104716,1.1400312519281728,0.99827472610441548,1.0942043814203042,1.0680486960458406,0.99953279784645743,1.1162832192662742
17759,1.1395850786724755,1.0954976277477122,0.9243626013665327,0.92774428617379212,0.92572221579964087,1.0129386381398644,1.1318389888254679,1.0660286016914959,1.0646783226396872,0.91641109738921822,1.0505032910830101,1.0128475033576871,0.91610981152294502,1.0455056273714285
17760,1.1813710566243276,1.1040263444627911,0.92206574799304897,0.94458906815048782,0.93846956465142639,1.062718347620504,1.1665059173476322,1.107909524088095,1.1049066865359616,0.93933998989432166,1.0629551780660449,1.0381557070498497,0.93684485503023252,1.0629927814252818
17761,1.1873248981636517,1.121909419781596,0.97126967731404823,1.0079536904029931,1.0148997127670207,1.1236278135860185,1.2575745121506698,1.1904810354048492,1.1860208558495362,1.0127329403643324,1.1522497592534138,1.1105608230544493,0.9879805074885124,1.1240174748413874
17762,1.1491952252337629,1.0917107562073978,0.95185643823980715,1.0591515695964884,1.0705461054935939,1.1720873959439178,1.325527245070919,1.2753388618812243,1.2731059776572999,1.0787813837411369,1.1882655003676887,1.1047876505064071,1.0446896721505339,1.1961850455999854
17763,1.1194227308342921,1.0492520013871469,0.92278870107861954,1.0652914173031092,1.0594469109943803,1.1956825928460861,1.3534569892939199,1.3048557324737879,1.3019824363849786,1.0699621185294681,1.1488777028319501,1.0970882291959592,1.0170335608422569,1.1629359912255817
17764,1.2635291180160684,1.1783668881143203,1.0277820120611669,1.1170579702761065,1.0908607914259787,1.259080223874925,1.3892371942167001,1.3203059127468462,1.3184845822712949,1.1135153938380651,1.1454607927630382,1.1024188118150309,1.0719077622618614,1.1749104163835375
17765,1.2615714721393056,1.151229591631008,0.98664659962153356,1.104214859858148,1.1034968712451336,1.2369123511904172,1.3570314265432779,1.2830800799938225,1.2826609736784818,1.0892687292474124,1.1566428563846298,1.1272339965850022,1.0435306757240734,1.1621746758069158
17766,1.1813509939279403,1.1054584583075098,0.87565274428632633,0.97401533584342215,0.97727842147871291,1.0803815515693946,1.1985448318278291,1.1300295664851523,1.1311553328682487,0.93675654978852996,1.0324548042734549,1.0141377186049667,0.9417882256389466,1.046313337043989
17767,1.3676545227969759,1.2618735760960678,1.0938060800926808,1.2799387000535951,1.2708286959677662,1.3948593828371558,1.5390471328817394,1.4751978109987651,1.475675713471079,1.2521433646030991,1.2738325624071198,1.2576379494226544,1.2315727535800751,1.3156590349311763
17768,1.1932554423528487,1.0869375349212795,0.97117590198497061,1.0188693256059203,1.0150020536251032,1.144619257415906,1.2764704349360394,1.205775926726927,1.2044183047783277,1.0026151614684535,1.0679305635468752,1.0474808306931211,0.99840221359072123,1.0954552186107427
17769,1.1756567761364181,1.0990959443092072,1.0033164125004543,1.0694771094351661,1.0511654052539277,1.2107794645011949,1.3219471819544462,1.2504824512757131,1.2478580027050497,1.0355620177441507,1.0854321012119277,1.0533654399355565,1.0216427027576169,1.1140265837981937
17770,1.2566430671899298,1.1903406780262993,1.0699714830711642,1.0857504098764592,1.042649546577844,1.2237362114480019,1.3271361853239461,1.2574255948847344,1.2519502190802165,1.034508611917677,1.0824691459679094,1.0577241161688773,1.0256200931436574,1.1230180957939107
17771,1.414681278321287,1.3341218152074887,1.1889895043569436,1.2255628463004031,1.1685756490451187,1.3298237977815481,1.45052990217694,1.3896168795523107,1.3844883666954286,1.1404421461887857,1.1843941621853211,1.158049649990438,1.1690439151790701,1.2731732190448568
17772,1.3117845491319002,1.2387703175993681,1.0657511040502456,1.09299555666116,1.0760905533694178,1.2103087920372064,1.337324209702532,1.2746623994597481,1.273089880996823,1.0530852433072218,1.1711454629270901,1.1402034893242068,1.0512825438040818,1.2055991457707198
17773,1.3617602861959353,1.2596487097082911,1.1150923922348852,1.1633415295156431,1.1299738493776517,1.3085123580909457,1.4058467139565693,1.3403119398342265,1.3355253570557972,1.1022408100323247,1.1827115398046093,1.1957140581267953,1.173661746010767,1.2612103420058158
17774,1.2147583646603384,1.1463063114381824,1.0575623568730643,1.12194363183476,1.0831022802155632,1.2907708777459199,1.3801676848918225,1.3181829952990984,1.3120182559104117,1.0650492423006008,1.1189345297701503,1.1395752585760428,1.1394699147556913,1.2238356372763275
17775,1.0489370815248713,0.99558560938619356,0.9994651000780006,1.0764598649118622,1.0645780991788329,1.2438931768315851,1.3278064724719143,1.2697690322891477,1.2675805668537572,1.0233882266152428,1.1079670245943007,1.1000689330993956,1.0869243434235591,1.1906076345456635
17776,1.1955101313625558,1.0839638678286838,1.1483015058738142,1.1946771806568717,1.1987132760377561,1.3413386995044074,1.4163421325224361,1.3677976832402334,1.3680621048198174,1.1565808684661716,1.2921134756158743,1.2518523014318372,1.2137362843116917,1.3324080509423155
17777,0.92407844898504687,0.91044568412145777,0.91890199329322597,0.94265225118994722,0.94586992629334132,1.081059646892802,1.1718900742334593,1.1287031284342397,1.1307505052205207,0.92274397846428291,1.0199545422568916,0.97845733981935779,0.92834475129354577,1.0267849181006004
17778,0.94182040138985901,0.89942694705660753,0.88380550299038929,0.88215334669873913,0.89550113888910798,1.0172951776773973,1.1315991276917889,1.0730559548423826,1.0752692438486915,0.87346234754239216,0.99140904903222005,0.91819173999779502,0.85711484186210574,0.98021003933240747
17779,1.1002133655924518,1.0336059169393856,1.0129616255427012,1.085733862385899,1.0938424648281082,1.2781149000443022,1.3690197428469755,1.3069959930947082,1.30766854082078,1.0990043155778018,1.1859199138245491,1.147680247655869,1.0700118254259052,1.1702545616674476
17780,1.0465057108327755,0.99630809545768029,0.8809982815928552,0.94435674278889692,0.96409279541084869,1.0867666308368151,1.1920394594694974,1.1270733821444725,1.1250554973474332,0.94387277984873885,1.0535623939329528,1.006764179453089,0.92276989438883539,1.0483163739028827
17781,1.1815389357452821,1.1246548188693002,1.0792710175498041,1.0845089242998234,1.0966898978978097,1.2110168718483156,1.3455106656150573,1.262421578240124,1.2598322176861003,1.0922099309615234,1.1924235470683551,1.1632454885686445,1.0329161587724993,1.1777869707079129
17782,1.4568496975629663,1.3196165285580888,1.1979643022010382,1.1614281748883077,1.1697109493199107,1.289420919685212,1.4428552971479969,1.3637161313560515,1.3598647340374588,1.2062539980315354,1.2972698617487777,1.2719285623852485,1.1797706704239419,1.2731463951151447
17783,1.5102481434082167,1.3896399901910361,1.1670013028547146,1.1595187237202855,1.1381431043316561,1.2787609643079414,1.396857646519835,1.3291351707249044,1.3249116484229955,1.1459773480035638,1.2482131372840561,1.2171413626060672,1.1479574455401045,1.2312671734880314
17784,1.3739307185128211,1.2883684250500229,1.0707796010784609,1.0862216401910254,1.066018511495687,1.2173894629081854,1.3056894903141407,1.2425694178000219,1.238876531245253,1.0610160817485292,1.1613161182333849,1.1258209977994291,1.0639812569716127,1.1722641460094692
17785,1.3100490370896487,1.2576492448822771,1.1007129202268888,1.1323107158888244,1.1192184543789496,1.2214206919028785,1.3387866140788298,1.2714956676057623,1.2695812725503015,1.0773808907791551,1.1836853296999774,1.1451306636277225,1.1084572507515642,1.2345355093232209
17786,1.4602950165236879,1.3841009429053004,1.2190466615333062,1.1900672069025844,1.1503840120766997,1.2573941754212177,1.3602445192423696,1.2921909812797376,1.2880151070052164,1.1351262614570368,1.2776003121378123,1.2269040786563321,1.1876928501954021,1.2958778218201341
17787,1.6296556594171925,1.4930584274872241,1.324395238878679,1.2071541676789372,1.1782027796499195,1.2846222425580573,1.4142676868386741,1.3296921777785027,1.3229399761437355,1.1740783971025077,1.3807639047190337,1.3306727859877172,1.206329547471745,1.3297688384774902
17788,1.480886673233605,1.3298412677664908,1.2520585711034207,1.1270711957769446,1.1032139476700171,1.2031737555781137,1.3547385004785586,1.2716928662752225,1.2671295669587477,1.1265043283685754,1.2662104383356456,1.2287463866250632,1.1367667720581707,1.243012935747942
17789,1.4150329920765634,1.2910279092478345,1.2777859934095368,1.1860770359484629,1.1578942195167516,1.2688494742497334,1.4125016408048896,1.3437759872077455,1.3356131578749602,1.1853442575118223,1.274178104653553,1.2396661356600176,1.1682820471645756,1.2911770318468991
17790,1.4726544847145084,1.370382512082112,1.3424370755729733,1.2973039266416748,1.3089581838334878,1.4449050300852107,1.5758912433662924,1.5139515924756866,1.5082361262657209,1.3331555367985457,1.4306299715027897,1.3756901576075828,1.2953752759572066,1.4392967031790327
17791,1.2179312440679879,1.1809163256152415,1.1434741098042778,1.1368690829512427,1.1482234146683439,1.2901708541988615,1.4340625707379497,1.3724812555846753,1.3685508011231693,1.1796313216833898,1.227040098458136,1.1899779238760038,1.1270501851902037,1.2470300962506755
17792,1.0433838132519693,1.0347606801534184,0.93384202532813698,0.94940575487282652,0.95939375800188809,1.0600964154213728,1.1790548187069698,1.1238874352144996,1.1218719906524426,0.95664804318219532,1.0288415945754499,0.99617363790809565,0.92576879618290553,1.0331443024457423
17793,1.4700800365587541,1.4749596049026674,1.3025168161875378,1.4376314331271707,1.4467884053840383,1.5747925856830125,1.6665089751758095,1.5683269394109209,1.5671619290730243,1.4275585548696306,1.3299884765024348,1.3174002058876157,1.3830346906694817,1.4353278160913678
17794,1.6331618361010829,1.6402515076247506,1.3952582788501333,1.3488657936574777,1.3502894365816152,1.5141930181703331,1.6155628500437946,1.5345802340647643,1.5346548560149229,1.3313660192538037,1.3293782745676941,1.3258348344956914,1.2832515010868741,1.3152815705692804
17795,1.3488093676143957,1.3955585700002215,1.0456954887643817,1.0420961620721569,1.0188550318615111,1.1841338299499475,1.2905323703019664,1.2169567041358007,1.2145094481034115,1.006414595888284,1.0467636452893943,1.0581352818874097,0.99292135128501702,1.0355178548545809
17796,1.1955280496559788,1.2003893871704512,0.97049024008244422,0.95584695753874693,0.9280056215674074,1.1168582530894415,1.2196705527754281,1.1480479843272648,1.1444911135798725,0.91587030989613982,0.97116966795552184,0.91524312241955141,0.97100490372255865,1.0167974015947776
17797,1.3137309740149328,1.2720402415179262,1.1372332248830044,1.1356398311757154,1.1030300840065885,1.2603780660750279,1.3853271479309204,1.318788256735415,1.3128318019589009,1.077524129733116,1.1267985438387287,1.0588944586494518,1.1221355318313122,1.1774617438997281
17798,1.6461576038492318,1.5959026111863945,1.360628245940543,1.2615305553888361,1.2104249150849429,1.3535877557053693,1.5190712534601096,1.4463911219801031,1.4371102029951026,1.2392597481219942,1.3709143318398207,1.2729813233246974,1.2846298468862634,1.3524692856083764
17799,1.6583205183380585,1.594670747631376,1.468746388324413,1.3154580250677534,1.2541742460320493,1.3823091373376768,1.5502481764755693,1.4603290643359614,1.4528245522967647,1.2649145072393697,1.3919358338475309,1.3046780561582083,1.2608076886566222,1.3550902098350424
17800,1.7758640106956198,1.668040292603205,1.5082838329756616,1.4013482824792363,1.3650005541715806,1.4472033565131395,1.5849671154496963,1.5065964185969341,1.4985834698360616,1.3702702641308637,1.5398008856428373,1.4538313260090567,1.4161618450389308,1.5087679408472021
17801,1.4550080503566181,1.4356634535267738,1.2437640325914783,1.1794660709811249,1.1460487001646398,1.226515146913369,1.3501783570470149,1.282209595541246,1.2755115427456942,1.1342162034075653,1.2854620868615596,1.2512124235633475,1.1613508167102284,1.2702753679181766
17802,1.2942810519583552,1.2874602447464436,1.0484170979326499,1.0037626218909066,0.97883070701096442,1.0593968284183406,1.1835865720149223,1.1113558898940374,1.1084296116302215,0.96245008040421798,1.1126439851074941,1.0826633539139821,0.98801042881749235,1.0962980475082977
17803,1.1524583406580537,1.1584664122829222,1.0093168817974809,0.99560708437353596,0.98467754480469682,1.0947429798743018,1.2079482991073232,1.1374679672405772,1.1366302291333261,0.98655065597439406,1.0906424241882442,1.0692279357236028,1.0011546893886976,1.069790678477315
17804,1.0711951964610875,1.0588363736423922,0.93068892581411167,0.94886213888501836,0.96208264018615275,1.0392553828243598,1.1225893104668101,1.0575350657666573,1.0564249965729049,0.9540336245250659,1.077525817650212,1.0567498786288783,0.94803508749335375,1.0275031934387173
17805,1.3627572242966981,1.271656987348234,1.0752919543953512,1.0705910823662699,1.0680228199909509,1.1452878344823125,1.2486332488482794,1.163299821084935,1.1594958740287051,1.0724508832281439,1.1905089737023291,1.1426003353496972,1.1223921079166181,1.2074992507251787
17806,1.3290593484106745,1.1935196074628009,1.1752967386041411,1.1779500432976944,1.1893996264384916,1.2778707854202374,1.4136261542977138,1.3373462981357613,1.3339504471684724,1.1788342002647978,1.2971177068246698,1.2085792602381842,1.256740561660086,1.3790410100339359
17807,1.6079656990387199,1.5233541562861688,1.42655026356752,1.3601019020371168,1.3274623139796347,1.4674229105482368,1.5585734361390915,1.5116796091088252,1.5060146398091494,1.314089482328652,1.370218135084027,1.3049325859816105,1.4119759429525951,1.4552778641366377
17808,1.4332081170237019,1.3709517601967052,1.3046128035093287,1.2046557597241745,1.1746470313524713,1.3309072756434188,1.4572172937013901,1.3861739394884658,1.3796005106956135,1.1685169547152603,1.2431259779688011,1.1973522318698457,1.2257040582583656,1.2820631786004324
17809,1.4319637954295865,1.376427306276921,1.3031151453183747,1.1533873698420596,1.1079670241304234,1.2767565355924195,1.4024686788393357,1.3294126395885606,1.3227345767946515,1.1325762074112091,1.2428806938985228,1.2012058697461736,1.2135606793240983,1.2863331973411347
17810,1.4242759796008955,1.3348161704322352,1.2687658746071737,1.1940993280787775,1.1874885376881223,1.3617331574215483,1.4924558963810659,1.4172647678938135,1.4127640352322179,1.2427820242034371,1.2897062448535497,1.2607233475955895,1.2535116840549367,1.3303535651126688
17811,1.3204618248660578,1.214198138082587,1.2041836388592464,1.1273662138358946,1.1444284104264755,1.2831436883213057,1.4224184103616289,1.3565115823527063,1.3537030913312322,1.1930798947119048,1.2159323752084061,1.1564229793479521,1.2234143969028652,1.3413974993033606
17812,1.4993310059764067,1.363708086188451,1.4090333718799597,1.3312429706351701,1.3610327108380706,1.4572518805592933,1.6346108070313898,1.552561949716619,1.5517868413962148,1.3959622173111808,1.4635627905346928,1.3395604452112893,1.3998373270835249,1.5292653594791736
17813,1.4362475642266277,1.3068004074174189,1.3510586355824681,1.3162566757711454,1.3546874908186124,1.4872263561590613,1.6511069840468053,1.5726268878583776,1.5731270504191557,1.4221169488982655,1.4211566360949519,1.3159191788557845,1.4326600074455584,1.5624519770941532
17814,1.2666787713336185,1.1864664911538283,1.2934157151402896,1.3280823159906769,1.3797521645057216,1.512812481049338,1.6551019513393943,1.5601723451617566,1.5620238855610988,1.4706841273662203,1.4476108499923013,1.3229036457910632,1.4193061544681076,1.5336576609067025
17815,1.4001936535894144,1.2899909854283405,1.4649949465458363,1.4969245619585092,1.5370014093558051,1.6638025239601966,1.7599250475945154,1.6866788875479624,1.6880125213725348,1.5661407956476883,1.5817874773076424,1.4887727607614543,1.5032202676667736,1.6039605185469961
17816,1.5568235488409388,1.3877016143378322,1.633226034406059,1.630179176565228,1.6516477323583443,1.760471813316679,1.8808552934919831,1.8089929549497912,1.8102209968052034,1.640947478587413,1.7120636218227947,1.654375696353662,1.6156314850246789,1.7353938796114363
17817,1.3212830614574511,1.2502409537915844,1.3782599801415558,1.3752281218005458,1.365856385261093,1.4761636580753785,1.5891552362282892,1.5097902899186815,1.510054117667329,1.3374432140560275,1.3720710404922005,1.3587528903238208,1.3445106081480807,1.447338497096206
17818,1.5242921313566693,1.4111454373572452,1.4659427601521398,1.3595743734933092,1.3351939624357902,1.445078863880594,1.5523627730955325,1.4863176712828461,1.4844736873381104,1.2931146212810707,1.3493150478621296,1.3734264928515958,1.3166748156216601,1.3989653400344284
17819,1.4614450949137787,1.4052890224913706,1.4398786543959026,1.390830468839692,1.3892867028485172,1.5194284953922732,1.6422705367543884,1.5670852015786016,1.5639711285756348,1.3480791210287968,1.3143523745975552,1.3522807058333557,1.3910300448593136,1.4104154836368483
17820,1.4569677086917885,1.429455735486197,1.4246433607186857,1.3564259570220418,1.3380015599664239,1.5048111511374,1.6000589680314794,1.5449016620956673,1.5432952588096922,1.2855956004714284,1.3050104070037205,1.3220816890594842,1.3400116369335968,1.3791598805051157
17821,1.3074434544725857,1.2780210208092253,1.2731187123568168,1.2594958516053505,1.2572451073853756,1.427095981507488,1.5289910440838599,1.4552589612448115,1.4525502255378755,1.2323550900601166,1.2631320049507457,1.3021704848354108,1.2605838115708672,1.3220098484130605
17822,1.2724986598786809,1.3244641641775527,1.296461275001723,1.291928137887397,1.2863308868381964,1.4392009970959454,1.5974825024444093,1.5001182389423577,1.4983079557541972,1.2762857261948337,1.2579379043375667,1.2757409033614617,1.3077915047636006,1.3540984261008799
17823,1.4211498843398573,1.4203679749429066,1.3700887313653247,1.2610154392172044,1.2318186460658058,1.347827378667362,1.4481245453493257,1.3946895195140221,1.3898941044492816,1.2058134334188304,1.2694513596219832,1.2515140906061697,1.2419416205918419,1.2636291606803423
17824,1.1298735335958305,1.1319716012674936,1.1388282933560456,1.0696704299679891,1.0640937479619785,1.1435235986480508,1.1993148322320606,1.1521043880935631,1.1481236656828671,0.99869580807285874,1.0986187185734084,1.0885746945704684,1.0223325905750091,1.0211240377003128
17825,1.087870444011499,1.0555870535780101,0.98265886045689677,0.93199244511296297,0.93431827955483882,1.0047238177007045,1.0477383401767864,0.99829234267918054,0.99420045983053051,0.88169701807415901,1.0140460649762491,1.0288489513297636,0.87693207120963379,0.89153775124867352
17826,1.1034554886781436,1.1131290636530486,0.90113500508760247,0.86480077346788287,0.86145891772263994,0.95241636806103158,0.98758075268929657,0.93338435425777411,0.93034421667578626,0.82141490267057771,1.016727593753959,1.0071821119722053,0.81298326102455831,0.90344809244990842
17827,0.95222115501631543,0.98201143788266143,0.74770099890144603,0.74210922803816104,0.75079210415544706,0.81034882728334001,0.84779574759769116,0.80285518003470668,0.80257109081458577,0.69004908340407933,0.84337428266531855,0.86714099391469035,0.69997488803820096,0.78482505565893446
17828,0.88348866633404111,0.94678695149802627,0.68357204504460578,0.71489358553908466,0.73250309176198847,0.80367616958005406,0.85424879548569277,0.81488454407571409,0.8160494255165488,0.69027694391214967,0.79417339273856435,0.80969980212365111,0.72096004737606489,0.75608275851223472
17829,1.0065004763100311,1.1618665289636665,0.77960488172482767,0.78676513076174581,0.79229830688594516,0.86579544859233404,0.92348429656095155,0.89329557233055279,0.89402582685436083,0.75191643326741797,0.79441659307566415,0.82889986543023553,0.7721252449682029,0.80854164177375065
17830,0.98643074610807013,1.1420669769738017,0.79922526257426374,0.8054340765777106,0.81053783633345899,0.89627237164433859,0.95334517267192398,0.92348483315016383,0.92473095507703684,0.77785199663845372,0.80345638749224424,0.82380986211734741,0.79727708416519327,0.8008997016038869
17831,1.0442632057459218,1.1798120450644347,0.86875207764990192,0.89186956460548494,0.8835116334848796,0.98291764106688095,1.0410462522084947,1.0030767987498053,1.0030294994369731,0.88265668501822048,0.90235223286467658,0.90373243083834309,0.88632042076693807,0.86588534399987593
17832,1.0037504698872488,1.0731000483512949,0.81209823816706295,0.80389538371746239,0.8024627477769698,0.90270783312900993,0.97926952600259076,0.92729135331353474,0.92799992276470522,0.79782940351479281,0.88415834568891372,0.865710267094977,0.7875352816579283,0.78116189988930274
17833,1.4334311350503346,1.5251682342719626,1.3015491973184745,1.4014254559053514,1.3983980904802571,1.4471894641655954,1.5343132435639519,1.5089059139786014,1.5076756756397458,1.391816533026156,1.4248187116854869,1.3894375669390335,1.4126142523010221,1.4022509072243883
17834,1.4943428124831724,1.593659833382564,1.3701397083566467,1.3967002840079625,1.3700770788970984,1.4718661972083824,1.503743603904762,1.4573592843823655,1.4549306838298663,1.3653684069471119,1.4168207796385486,1.3947783651148766,1.452650991765823,1.4323124881594489
17835,1.343745363902122,1.3245744224000033,1.1317420367701263,1.0909632166418934,1.0774854106189591,1.1705911134683558,1.2488930892245536,1.1798126813190346,1.1806985956408407,1.0752270617491793,1.2156662635572466,1.123449106770841,1.1794792227900703,1.1921683351117121
17836,1.3477049377882828,1.2797861936074293,1.0907928529423387,1.0443178381132459,1.0404412274645229,1.1212385100898596,1.2043071925313946,1.1263956474973698,1.1266527538386832,1.0419222106749175,1.2167481978135277,1.1211413974727362,1.1350108244826702,1.1568276001703262
17837,1.4410604807610834,1.3417915424328593,1.1643099286759409,1.1049197679880951,1.1084301595134296,1.1858640097451012,1.2889172696404492,1.2250420198214356,1.224993444049266,1.1415332886689096,1.276557760359603,1.1878064856129609,1.2192426677249817,1.2689825798050092
17838,1.3420075689210604,1.2300983365661546,1.1205035596413828,1.055472185110252,1.0652219475274625,1.1545835678306668,1.2496795962598817,1.1857991656199018,1.1866506583501251,1.1125271336507785,1.2390661236235039,1.1455724102913036,1.2096466270312007,1.2366195860108997
17839,1.3358162468933812,1.2070840678980153,1.1296267217340905,1.0772554152064624,1.0891800512931427,1.1609401774842423,1.2516966404639864,1.1774668797418388,1.1813095170528856,1.106274810220339,1.2110715408416717,1.1256166834942645,1.1811066458419515,1.222516893836157
17840,1.2282682318537492,1.1156208785390023,1.0507190269167077,1.0059590546327013,1.0104032756024692,1.1033550987909202,1.1759348116270998,1.0912098509373067,1.0946997876635949,1.0207678288013313,1.1309608398061164,1.0759729971519469,1.0544536827941564,1.129122714317621
17841,1.1025711509740304,0.98058700558024559,0.9457047553781035,0.93476525707361613,0.94693873054300914,1.0544381389063522,1.1176321092114532,1.0474817491150041,1.052519780829912,0.95695168324089208,1.0542791082400464,1.021347796118719,0.95529086170136024,1.0487876467503896
17842,1.026838722297823,0.97278597807130074,0.87862645344004042,0.89164233462474862,0.89206963344686763,1.0124955106818987,1.0955812013331836,1.0181959604216066,1.0219617987380956,0.89101945557050033,0.98253152879250827,0.9439319285016059,0.92197106043631505,1.0177874480565106
17843,1.1102471878235589,1.0732900503684855,0.86542305960566157,0.8876690585635606,0.89177510474347066,0.97010953695412849,1.0495068156864686,0.99818746766496758,0.99847237109000198,0.90243092467846808,0.99182365803397954,0.96202486173401613,0.93823455999861149,1.0173416517463598
17844,0.9844549684415892,0.99650084855632215,0.83730235994395086,0.88378548704639448,0.87374421285316006,1.0184256703963905,1.1017479158711163,1.0411825187683774,1.0400341839492251,0.93528237544727366,0.94465984917741586,0.90990734872867651,0.9775561384332635,1.0491440534805301
17845,1.1109828932372443,1.1493644742395535,0.99865860249976468,1.022585432517904,0.99160626124150608,1.145456406349159,1.2250778500894675,1.1685536145279412,1.1659358310217034,1.0285130733990955,1.0846423422770854,1.056628254705563,1.076438269747366,1.1384611835499792
17846,1.1647601077574725,1.2071727927817433,1.1259493363280451,1.1119629943646514,1.0770156709950038,1.2468622003576053,1.3180738105205603,1.2726038156794874,1.2692844586896479,1.1348389415061895,1.1618371988444576,1.1107693656661748,1.1713137282671127,1.1942808242288148
17847,1.0325667447466123,1.0664751625012769,1.0064117547425151,0.97962881074037567,0.96808192431340934,1.1148126786364005,1.2255392097753959,1.1767997608807179,1.175125545806315,1.019235966441884,1.0345993300428573,1.0006284331283044,1.0157466597398137,1.0656519638761461
17848,1.0868443148604787,1.1517664424826339,1.1066641118418348,1.0012132148844979,0.9796133020811213,1.1043738249447845,1.259127082411984,1.183127649008163,1.1798781420205959,0.99869460147873779,1.0372751833001927,1.0178350070770543,0.98455195410834506,1.055261802316378
17849,1.1739691816690807,1.2853107543881679,1.1359989179411252,1.0172216318199043,0.99543859402619783,1.1222451976394372,1.263461367927228,1.2110303446068944,1.2072608065899129,1.0132663101026103,1.0916628993322246,1.084366832425701,1.0011941532923931,1.0922150539970561
17850,1.058391747331463,1.1169107486859602,0.97042168795012018,0.92706025943002512,0.91572698904516558,1.0598043469287923,1.1922600948864921,1.1287145033381376,1.1271059873579643,0.91862544702092996,0.95745203676670687,0.94830820253457271,0.90997704780702737,0.97109805189738474
17851,1.0294129285159512,0.99741067764937075,0.92741435412688233,0.9341111850382573,0.93423137511109966,1.083767904547535,1.1884433954635465,1.1027524356759471,1.1031319090385043,0.89703194118845053,0.9611520234934563,0.95018777673520438,0.90860742735592015,0.96052642246869702
17852,0.94985458029451086,0.88695330219991197,0.81893969258490162,0.8212402484314465,0.82401059899037488,0.98325311647675451,1.0522685335360189,0.97760526167120732,0.97965218913323782,0.79539378820282625,0.87989210991611067,0.90676928427764325,0.78039561462668661,0.83393797041757378
17853,0.96512464221860239,0.97996016529168828,0.87822972098862684,0.89349314500117805,0.8946393639941419,1.0471925049307245,1.1008867480898465,1.0450202531633319,1.0455686960807453,0.88488955077929077,0.94404859232652683,0.96668783601211983,0.87977025423398825,0.90868265149461369
17854,0.96187351139923527,1.0563797369420491,0.96465805719035369,0.94583549498319408,0.9361797642191505,1.1003459506342306,1.1208006351704685,1.0752222419612367,1.0748939099336914,0.9507503460674126,1.0470074308586494,1.0196896360660621,0.92088171797416585,0.98426179680015058
17855,1.0080299549321292,1.0533157612987256,0.92448433107318451,0.91541112177480821,0.8993202282937468,1.0477270414537359,1.0775669857472898,1.0043572865465908,1.0036596483647116,0.90444164217006962,0.99743881309704441,0.96106118135227003,0.93385476930817268,0.99066747742022465
17856,0.98062648939287222,0.94517081928923918,0.88602440695251183,0.86314046127744137,0.85904955256040327,0.9671598201914885,1.0340678536490002,0.97083996882786761,0.97211036955843355,0.84271669474729416,0.94126473106662001,0.89496439901300273,0.9121839922149142,0.93878373729009335
17857,1.0999054635204479,0.95148982887991829,0.93884754027223438,0.92998937911394108,0.94516140614058908,1.008580127748455,1.0963386431064444,1.0192410189085739,1.022460612516938,0.89642489814700055,0.97379253297005319,0.95497756103029818,0.96015327163767883,0.9845139654605306
17858,1.1907541555520629,0.93335513598201258,0.95020888178504836,0.96730600264455602,0.98185869406214954,1.0479519502337247,1.1271202988182922,1.0476106002569014,1.0524306424011483,0.91296642562692154,0.97762365449778321,0.99301118211834172,0.95596641251769998,0.99777217944333541
17859,1.2658950724148292,1.0880721510797808,1.1071929255390345,1.1631257851173253,1.1719030240965806,1.2303733507355028,1.2869913011783798,1.2126625675264961,1.2189950220353014,1.1033495326192242,1.164835772399065,1.2244061475290935,1.0483079180385648,1.0318457789096052
17860,0.91568105534909472,0.98626363728078326,0.76853501147004044,0.77404271410899728,0.77201337692367,0.90758767901593895,0.93439086940854932,0.88886501590663469,0.89215809032807458,0.75796011739393709,0.82361834621444918,0.80080015730634913,0.76371242848092102,0.77896641362019325
17861,0.87462898168364778,0.88455167774844523,0.67223665858468074,0.68395712057880431,0.6860168052681993,0.7837979870805446,0.81612637192517745,0.76392095202421884,0.76824572513685019,0.66194194912474336,0.76919212278544147,0.74497621762432598,0.70083257613344441,0.74036458705537245
17862,0.93474153987459785,0.9066401329505579,0.73589668643499229,0.74352107391887645,0.74463532819590206,0.83324577639588526,0.86756210743589046,0.8373223266963622,0.84226986776792467,0.73153840252746305,0.83761556061680809,0.80926014610862973,0.73374190516001847,0.80142960921303497
17863,0.90162516312340579,0.89876135540984969,0.74414173179676502,0.74026725275921523,0.73591852756834619,0.86510038768687836,0.87925536331059628,0.84560869781569881,0.85018590126992821,0.7223734427799593,0.81068148204348289,0.7777218372211484,0.69883549360672126,0.74794851461529055
17864,0.94296222008652419,0.90853831463735324,0.75671613191087062,0.75694816893377115,0.75605296625107954,0.87062108676163752,0.92240928488999785,0.87154745491871388,0.87511613209900307,0.73880523445240942,0.83708706467671334,0.80163677838265823,0.73738870769238574,0.75192414654469453
17865,1.0259211260298065,1.0920807433345212,0.80155307948418075,0.81936697050598273,0.809336754922793,0.89403791963437584,0.96201061283214517,0.90949769834356842,0.91140853139414235,0.79629506609988854,0.91832633263055186,0.91206006484450497,0.86828415607942344,0.84581676831847108
17866,1.0994087281149449,1.168189106962694,0.88346536665400932,0.89021091674217845,0.87854009156038471,0.97894009974787299,0.99385632440083127,0.95629207365673152,0.95628147825123022,0.8801443646710968,1.0004320088445164,0.97967168873176591,0.923302334158278,0.93809717895961908
17867,1.1962945858298522,1.1534972251739859,1.0371157457501101,1.1256936764871519,1.124102588049019,1.232014027427794,1.2566988428109744,1.2189889745709188,1.2193493340344312,1.0886155521775032,1.1870115490720192,1.1556280753543013,1.1283009485520679,1.1154598183097741
17868,0.8572855392186256,0.84897696432600434,0.69215413647117163,0.6993796487056303,0.70252638059683092,0.78180288132108777,0.82357084303669437,0.79089929090487343,0.7912775800350309,0.68210350502396089,0.78088674468049846,0.73921840229163949,0.71651768764875101,0.67007368605096085
17869,1.0140291124734646,0.90417054172079225,0.74017466210485017,0.74047382669968886,0.73653940223022629,0.8232587608986307,0.86603090918764258,0.80884416803917902,0.80881868114052136,0.71669550595989784,0.81434673375974298,0.78686694510645594,0.75722438794652458,0.72043941767567621
17870,0.80776610410786909,0.84183252227762795,0.5631280169010674,0.5352548571438196,0.54165810233300338,0.62350431446341414,0.65485221550727912,0.60311010501950202,0.60304613349498215,0.50910703140911961,0.65220587832949894,0.63435821040010132,0.58538919856207272,0.52280038184339295
17871,0.88127430726222522,0.92994563773694283,0.55035681973042472,0.5748369998358972,0.58273272912971741,0.63713767351328432,0.66410133319829601,0.63191759737483677,0.63267930288252938,0.52778470465706884,0.67712049508692718,0.65013028305480258,0.61572011271330829,0.55013506007650381
17872,0.96277616697766877,1.0446971200473809,0.67503435097963449,0.68213359270633345,0.67682640508645386,0.76534483008657428,0.80374342224881867,0.76026983276291171,0.7610826067276093,0.63888731642954943,0.73717212952509914,0.72983838658640909,0.66901175163805504,0.63695989990248281
17873,1.0276058963624746,1.031423486690072,0.74375980743776093,0.73526785431268682,0.7348947808212124,0.79957937687147296,0.84714380460270677,0.80041261377772721,0.80159271229927898,0.69982406010119547,0.77042843475064471,0.79399322235869829,0.70900319197052897,0.68766434963828493
17874,1.0643795633765685,1.0910826631924058,0.76038488060353793,0.75480791220284926,0.75812298789185295,0.81330933765498203,0.89656823904515104,0.83388918092992437,0.83493188437988253,0.70956167846709639,0.77376401776803638,0.78868294585776588,0.71664866500688873,0.70383597499597772
17875,1.2116262523644861,1.0745610017492595,0.87045659545713083,0.94366556563798221,0.94943893797825329,0.99050591577916802,1.1115063541011405,1.0302806413598784,1.0330694583321991,0.9059416833614744,0.8871297916403178,0.95472876556217501,0.85689063384757214,0.85070785353877509
17876,1.4195234068417206,1.222007379843485,1.0568394572630067,1.0779217647957573,1.08607148014132,1.1383086005588832,1.2623801194630702,1.1879532147611702,1.1896354177869819,1.0860624219808666,1.0854598283004362,1.0929889486519282,1.0832627341423962,1.0878367024315481
17877,1.2735430048321088,1.2176571728619654,0.97547274935401584,1.0059737604509666,1.0148641820193665,1.0859565090920045,1.1834583606875171,1.1156222459798983,1.1172100843192718,1.0279628195263066,1.0750329670779377,1.0809043813817116,1.0497905738236619,1.0398983409945501
17878,1.3022487824838076,1.14426150457804,1.0062775122026262,1.0386851690042145,1.0500620103845075,1.1015123312069866,1.1764123607072623,1.1230591189179344,1.1257978590145608,1.061013687816126,1.0855992650841693,1.0837418229258997,1.0385135161217476,1.0343504269478883
17879,1.0559084124064853,1.0179264777674419,0.83099566598758434,0.83804863971732646,0.83813452436704439,0.92105115894543177,0.96405154162534767,0.94948759122570225,0.95022859586216157,0.85807853465063166,0.91877282528874316,0.88620394352943654,0.86939642381023452,0.86263886100679821
17880,1.0164370897428301,1.0545745010972538,0.78539182007993869,0.76424245531221491,0.74854112864648714,0.83958858437480588,0.88722126099963761,0.86183919303838341,0.86090329793576958,0.76813779048627584,0.86841878827132934,0.82201968652554969,0.82222882621852,0.83647407573284538
17881,1.3113684259446972,1.0033138983161785,0.91304916687432081,0.89409805501573392,0.90216623694055154,0.97184526338388322,1.0112536255243387,0.99439248921923618,0.99748934674735645,0.89569979875466577,0.95871440740666314,0.91825515817575232,0.91897298012367201,0.92780463105730593
17882,1.2848423162354108,0.98413666266252386,1.0048361778713528,0.99386609461278896,0.99871347325089244,1.0291007861044497,1.0623485075396171,1.0351933250672707,1.0399149127375114,0.96463295949087946,1.000996278404467,0.96526985114368857,0.93324571162462244,0.9421552750919947
17883,0.99879511999908954,0.89267411593094892,0.68861505674963841,0.6755943826681331,0.68009094643138224,0.73247315974793836,0.76844978211819848,0.74010608121821786,0.74309544037210151,0.65975431912950877,0.75024922984279596,0.71198974830607265,0.68477502472590701,0.6885466948938348
17884,1.2502453271991238,1.1961539710594822,0.89916746586053531,0.87449844410049637,0.88222269594057301,0.92464907749044334,0.97929852935968786,0.92473551617289462,0.92780874849519335,0.86227819229058211,1.0048105761492634,0.93881284938082632,0.98510755374143144,0.95471093240399496
17885,1.2413554080953975,1.2692223129247004,0.95919642555092577,0.93276734481208512,0.93094279279679293,0.99725090807686723,1.0171889312581017,1.0030601068372633,1.0060469926385596,0.92681383146969731,1.0139212540079601,0.98411912286075576,1.0088494748367218,0.96219783057666852
17886,1.1081135460868559,1.15868628039913,0.95249798806580876,1.0125601149705445,1.011881417328838,1.0859655740104039,1.1062543101464675,1.0777804556559232,1.079830649566859,0.98585442237734988,1.0112891787418268,1.020083982128732,1.0137356318511981,0.96140253909175988
17887,1.2014018333541046,1.2806484835128118,1.2008281669327592,1.1620554168184938,1.161795867982335,1.2568061693931978,1.2955455506988556,1.259942052999468,1.2610398094815716,1.172611887262212,1.1757554393999521,1.1904487922491627,1.1360395305397868,1.0706648903764793
17888,1.1415473458597098,1.2211356460041096,1.1565394015948145,1.0736805252462414,1.0682030964350946,1.2090005566529547,1.2232598056915069,1.1832212463724034,1.1841115789230732,1.1120353029698682,1.1548622592553182,1.1594791030529534,1.1316672723357573,1.0657498283554232
17889,1.1627385370504297,1.1253413782785693,1.1398088998647369,1.0795247140807531,1.0758353740691993,1.1988498609823841,1.2211860929738907,1.1881003948070041,1.1879037190782162,1.0987694938087633,1.1197186933435757,1.1391312393061814,1.0879916026451937,1.0544619147601011
17890,1.176771982272933,1.1288838523423135,1.0945660504279009,0.96573202979702033,0.95662736722711972,1.0633818387210983,1.0641566199464831,1.0396221564409005,1.0384552815691395,0.9967609609593584,1.067362314677579,1.0593725580153708,1.0097192607945322,0.96853479978355883
17891,1.2001910974477303,1.077153841359916,1.074025303681303,1.0093061313526606,1.0088301297735371,1.1105957519558236,1.099894207229996,1.082575255966141,1.0841267350571133,1.0147046535312645,1.1112422103745836,1.1041258166470667,1.0964326057844436,1.0370394616208738
17892,1.0711884840066908,1.0265463747261518,0.88356563276927336,0.83469554720017969,0.84243918658043904,0.9483962334657472,0.94127917772624725,0.91573905056782179,0.91610302658672171,0.85052105197920325,0.98067592080200494,0.95064580041110369,0.89967062204227466,0.82028730086373514
17893,1.2448683526375974,1.1573550171269651,0.91953052149261849,0.96531494660522976,0.98340501151566095,1.0506207670141123,1.0274649522594026,1.0009851841613064,1.0008068352824306,0.98721059568587144,1.1302839879606625,1.0390680789001594,1.0284444168184927,0.97515102262734321
17894,0.95994243885607289,0.89803687400650578,0.69394523475836256,0.69500429430090671,0.71148880650700663,0.77133070057362407,0.753292445223951,0.74433384070821662,0.7445757315410485,0.67280922712868729,0.83862331650739586,0.75921487127138598,0.78823856829330552,0.71176167050314865
17895,0.9309093829713837,0.8472825296862132,0.63975447056403489,0.64530423234702183,0.65572445549135727,0.74398037371541559,0.73731185161978929,0.70912913827867619,0.71126654320675442,0.61284905101905585,0.76420230642701337,0.69653545779764592,0.72704893600837228,0.61897853113682211
17896,0.98562461654852451,0.92040964373963374,0.68017682919171585,0.63874492883349832,0.6490649591521328,0.73239441906037828,0.72251262485597356,0.69530808824082335,0.69666456560386447,0.62399637772474692,0.78760849436757985,0.71542946304173138,0.73200330770882249,0.63639426199680482
