day,raw_ensemble_gauss,emos_gl,emos_bst_gl,nn_unk,nn_knn,nn_noemb,nn_attr,nn_hybrid,nn_hybrid_knn,nn_hybrid_res,drn_lak,gnn_geo,samos_mlp,samos_attn
2016-01-01,1.0351121247017232,1.0447688100338515,1.0177463220858174,0.92122862540820927,0.96516049663755266,0.90470178558159653,0.8944905763880584,0.89996984580039852,0.89114042984306219,0.89803572117590214,0.91461977272017037,0.90629353198192164,0.89207887599543667,0.88653032917742747
2016-01-02,1.341294740591978,1.2001651078800621,1.1338996530836207,1.0950321144485968,1.1069642585855459,1.105519092780519,1.0783795636484428,1.084875891090235,1.0832742405989764,1.0786805918258853,1.0933239051976411,1.0855679399031826,1.0668190950515803,1.0585787040812822
2016-01-03,1.0068895442906103,1.2261741473221437,0.92499996076536439,0.94205358830716479,0.88423999524946661,0.90482181523411342,0.90191325433174729,0.94347645409580361,0.94512404059149402,0.90516206352072104,0.72825923385109059,0.64482275828312197,0.82072304284585995,0.82776997804936692
2016-01-04,2.2237738267324163,2.4573914119614941,2.0861167954952622,1.9628925499623833,1.8011479526420107,1.9709440415627708,1.9360393985988908,1.9678030727838645,1.9669897427532184,1.9270921486377479,1.7916504878032591,1.6354238800821177,1.8571141487519172,1.873396887420306
2016-01-05,2.4991205541001387,2.5280673971896368,2.3400585137184589,2.1456454849412996,2.0526323672722109,2.1773783212940305,2.1742587517450014,2.2044877335008741,2.2020395670579549,2.1546244738630862,2.0372876507420337,1.9352243248672092,2.1019956335086909,2.0564103647327019
2016-01-06,1.6945369775270043,1.6561736033896695,1.4558925100520324,1.3315751923819579,1.3086940700006242,1.3151035544237528,1.313542815954458,1.3404101630193408,1.3372909485359703,1.3080238248109284,1.2382229655319452,1.2417697031524217,1.3185542237108276,1.287012185866887
2016-01-07,1.5203286432897072,1.4847155467078126,1.3498034245181481,1.3152597309117566,1.2975231131750755,1.2959210680288133,1.3049835071595197,1.3100472191892416,1.3102755008428584,1.2881794515282778,1.2764746435528287,1.2993066127845283,1.2884554805220036,1.2721915921247484
2016-01-08,1.1545030877318514,1.0580746385830035,0.87851388833503841,0.89297210365092694,0.89303581386157327,0.87940636354952395,0.88490033929116041,0.86582476423714871,0.86101297595258663,0.89302549814361487,0.87206750097705432,0.94143752441327466,0.87442982289939852,0.86950678473500276
2016-01-09,1.2983065661762525,1.232535992386266,1.4277382218633738,1.3558861432301639,1.3453146363210546,1.4483485213887637,1.3775450386556141,1.413178477365183,1.408979089367296,1.4821360509310482,1.376780591465407,1.4211277845154582,1.3811088485514091,1.3895086567068415
2016-01-10,0.97857216044362028,0.95873636250232674,1.0340020849207903,1.0200018770807449,0.95405094183686079,1.0317742520179882,1.0380035332057791,1.0505575272702643,1.0566442532194531,1.0524399240257289,1.0412710115936217,1.0013551350692365,0.98973371897816331,1.0010665839937261
2016-01-11,1.0359434488074275,0.8276165289190478,0.61198600060740249,0.56455571756692369,0.57733436773374724,0.55892249395447613,0.55959418804567196,0.55457483663668949,0.55683927038753045,0.55494205667367014,0.56529346324346141,0.58767464970564176,0.58771748564098192,0.54802766207604703
2016-01-12,1.3052189255306017,0.88231853881905964,0.60551824562088408,0.63157534338814614,0.68964048672945044,0.60023050370542441,0.59045106639342393,0.57724378081306105,0.58495779861741681,0.59522470980266695,0.59307091644075538,0.77182644352354901,0.67222340848708639,0.59890277452212082
2016-01-13,1.3366892415462861,0.83455192133518075,0.60496935116341088,0.55667383622625854,0.58890273669924409,0.53440635111246693,0.53620369104480259,0.5394260590117792,0.52787659689831801,0.53344584359978708,0.53378825294030019,0.57617927515773559,0.55978570140666672,0.49901072248829409
2016-01-14,1.462986753498714,0.91855765131795142,0.77328916464568054,0.68580186024830914,0.76170463830347379,0.6753173918673705,0.66913766876853809,0.66831541382870197,0.67184104906044806,0.67677696371345475,0.6415928222438575,0.69015697484450311,0.69519049094419672,0.6903326096355934
2016-01-15,1.0782071366133192,0.76246063845550094,0.52464001418006223,0.50621122738499447,0.50921503499729281,0.48301599484472951,0.466515562369826,0.47776801343803754,0.47389751832363181,0.47765632410670156,0.49837031773051305,0.51544962611043521,0.52129296636395328,0.50106795424502493
2016-01-16,1.2108812163453995,0.71735882408483409,0.53556680030319626,0.43413100114569664,0.45750729575034477,0.44674831647154567,0.45096714449938791,0.43297041628154564,0.43545161898313889,0.44160255869675935,0.44589486432514014,0.51071950032388846,0.5109666932865139,0.48650091203394769
2016-01-17,1.260067790390655,0.76664155662557221,0.6473563647102436,0.54977062721033465,0.59215417993084529,0.53696320991342661,0.57594174220474414,0.53391423406298311,0.53833311332644729,0.54470968416127341,0.50278456623110379,0.60196015485142174,0.58878145274214866,0.54734925543277713
2016-01-18,1.7451206417740761,1.8177103017471612,1.6282384672997388,1.4175423194121817,1.3106820538083339,1.4519173235428275,1.4249671148746119,1.4734480135838413,1.4798658814166905,1.3900711194648336,1.5861788982452405,1.5377198918578119,1.4437336099292621,1.5077421054219706
2016-01-19,2.2852200747836409,2.5590032949313706,2.2562803925295185,1.9186454073324248,1.6483919203933302,1.8865630941393827,1.9321299748801453,1.9714066665973489,1.9893532437404013,1.8758066722424749,2.0622084803696485,2.0984700156191356,1.8679752904448133,1.9520175108743349
2016-01-20,1.2815223531220787,1.3101560352513852,1.3251584146801023,1.2192806396124927,1.1425339465708004,1.2939755629700229,1.2457743080527357,1.2650891383541423,1.2824330363537311,1.2564867812058549,1.3154658636326244,1.325667316434004,1.2469358613342723,1.2448912308955173
2016-01-21,1.6469451298366062,1.2401991073271488,1.1862039285761599,1.2822786936618222,1.2503116359280704,1.2787111788232124,1.2391185075766527,1.2582576096719731,1.2545413863837358,1.2453344797547432,1.2196335673739302,1.2280222595658776,1.24745835836984,1.2671032177984469
2016-01-22,1.9406269958904714,2.240370315032052,2.1793165362576681,2.2148840617011136,1.9103814708908535,2.2350670558293086,2.1390075692457273,2.2235437562001259,2.2472847172260968,2.1546013859300706,2.4262533451698212,2.2464337809361354,2.1217817638782992,2.1996976570630049
2016-01-23,1.5789897800731358,1.9338934693679168,2.1265555803263934,1.9026188918277205,1.7048269192129895,1.9590076046399281,1.8693014187334673,1.9413127009268465,1.952409302156263,1.8810093303953559,1.863308442598731,1.8748754594275523,1.9198216733780322,1.9986774305323478
2016-01-24,0.88970653537238487,0.69767786412777144,0.63942573625724974,0.59931342552836586,0.60483092771330549,0.60093779368359102,0.59115381555660607,0.59139775954948137,0.59868064869438486,0.59001485392938158,0.59241363652269663,0.59838071871947496,0.58510227954753857,0.61129889482106781
2016-01-25,1.8492564891627368,1.3268516956992731,1.0429622036564254,0.82657785519577609,0.87897826806166068,0.83348168104338771,0.8269678677440474,0.82462596554962808,0.82119248930492972,0.82998595942209807,0.90889140779201771,0.88623005716872982,0.8908149517201619,0.88049348383765813
2016-01-26,2.1226061916807346,1.5861574812164878,1.5058263895453072,1.3103954206091608,1.300879016332805,1.3042955160727241,1.3287792397272962,1.313191429664704,1.3119708791532405,1.2889269614746666,1.3269637711949376,1.3434903588718949,1.2675779100077065,1.2905357181569681
2016-01-27,1.8518986179260466,1.3984463480111571,1.1455500343349376,0.96958423057939735,0.96611485874527681,0.96215624312212,0.9467812471602336,0.95619272302734704,0.95277222102589609,0.96476332256131381,0.98805675449740893,1.0098327453881553,0.96294145915970708,0.93992749385215191
2016-01-28,2.1164733667326541,1.6964310597335672,1.241408025954295,0.93603278552796465,0.99322872597319556,0.94000828352187182,0.96794046717798465,0.94168673841498152,0.94517771005420759,0.93811552302054546,0.96446480893110964,1.0309837267038235,1.0601494906723272,1.0736342852122172
2016-01-29,0.89408271814243634,0.77405138954837782,0.73644556021589802,0.74403991690682902,0.72051927816754457,0.73281276282373398,0.7210097527928897,0.73616215307489818,0.74396653771379373,0.73932503577201436,0.75851884033239236,0.8608227170871654,0.73601371601788923,0.73781488619748403
2016-01-30,1.2118671390339277,0.93259591815073772,0.71680802890155271,0.75651152512452968,0.71029762815750042,0.7509879001576415,0.71022496566330284,0.75714868391437251,0.76536484024385065,0.72107446367564065,0.81774134969419343,0.8661634721511231,0.78458732953198485,0.73246356166194049
2016-01-31,0.81111340052826875,0.73945815079690413,0.5639582260026067,0.53131207983235507,0.5164971650971053,0.52770994781113456,0.51756257520301563,0.53102332674405694,0.52233594689014617,0.52366096547432028,0.56140518543403506,0.59140304959070744,0.59165017845378032,0.59441902004616898
2016-02-01,1.1649179852941516,0.97456361375280176,0.58663839466938728,0.64134825734124024,0.6480854733960616,0.61222491648122368,0.62102553893995371,0.59304713710624579,0.58781843903007669,0.60855627819452807,0.56972457435055501,0.57745402067555129,0.59996966519403783,0.61656022521612786
2016-02-02,1.3868440567471028,1.0012640873124672,0.61633777823680791,0.51698706091487867,0.51580934932459177,0.53239220190346126,0.51140896423395787,0.51508404477617487,0.5114292440128454,0.50157474702249549,0.52738603351836078,0.60138914896377194,0.52439001294232801,0.59110013847676157
2016-02-03,1.1105176611965359,0.87399747866866428,0.63973950409879188,0.5391228319744642,0.55375604261601896,0.55740737907538562,0.54521549169883265,0.54213198205538127,0.54589352659061496,0.55558237370498009,0.53749648483248202,0.6140398868014727,0.52985093803460659,0.51902923362156761
2016-02-04,1.0544349909478394,0.68959398757566603,0.45337847817286248,0.35049182868933876,0.35419069615688764,0.35854629479428635,0.34146995380438921,0.36042383455135674,0.35789500674873742,0.3504836581211998,0.37635625153824331,0.37392979836712636,0.3649311309987478,0.36880545217711636
2016-02-05,0.78594277198947149,0.75149614272186738,0.72876602287849812,0.64878772935399887,0.6200876147710972,0.65703290874482523,0.65514927446166493,0.66392597126945607,0.65634790275713861,0.64493116947880436,0.66324113694377829,0.63954473513365317,0.63963693184705428,0.64398997498805954
2016-02-06,1.1752212928304469,0.94567205870583393,0.86792872473009075,0.8657545672243474,0.8415986791469402,0.86488539245124085,0.85208674769410764,0.84876812463892848,0.8437755520248249,0.85624540314141184,0.81481621055922671,0.8512563552192608,0.80272893310886162,0.79982340395570417
2016-02-07,1.4789966910592391,1.3235754504394746,1.3237522900556429,1.3155869906175734,1.2619649895573375,1.2751227524789637,1.271617474683828,1.2877132954230812,1.2988586233108512,1.2547798417318121,1.3658946370487752,1.3909020026716508,1.3913108368086582,1.5190444001139336
2016-02-08,1.1903501537921928,0.84025976473176289,0.56535372497696368,0.48604731449766458,0.5267874533472362,0.49181016835544783,0.50086509438574023,0.47303071088510429,0.4787524197467935,0.48385132137452713,0.54329186215294745,0.56818645241926402,0.47304880586362713,0.45530103566200125
2016-02-09,1.1303820762018544,0.86414314980366613,0.54817448584673167,0.47837270498305062,0.46905048908068681,0.49320042320703017,0.48061043447591051,0.46906249860534222,0.46668148009004967,0.459123512238644,0.49681499809989615,0.5364832249650453,0.4520502477707441,0.42331208178355378
2016-02-10,1.0038790845226826,0.87116389662055704,0.69351327862521794,0.69824293286520389,0.70148577120154987,0.63895353655874343,0.65761747571589324,0.65821217295725687,0.65606629745391132,0.66335223001648469,0.59422037986829079,0.61689297779614194,0.62718893757820038,0.63275432872750514
2016-02-11,1.2360921396501561,0.79142290664535597,0.52872524352739003,0.43025310550851081,0.4554423438665452,0.43669009155573391,0.43989348530381983,0.43177515594167815,0.42682676491482452,0.43877736166920461,0.45884434257224405,0.49258945348290056,0.4272606938560034,0.41092507779603243
2016-02-12,1.187866732879107,0.80525554095832164,0.69741633417895088,0.6380960906451959,0.68948619365524033,0.63757211130884062,0.64319244783950558,0.63269345931956122,0.63395035298318181,0.62460573334755287,0.62906222390679634,0.65186214765296557,0.67233921160492793,0.6482626103558784
2016-02-13,0.90105561468032558,0.9713349246097952,0.8528197563573654,0.89373702476310513,0.80675375090393131,0.87471832204813771,0.89162761519777844,0.88282714401528994,0.8921523169629163,0.84452080365464621,0.84787755597153336,0.78917863094622787,0.83816030279407361,0.78642427729440223
2016-02-14,1.554725038198878,1.1024380034534704,0.96895248143954338,0.99516885052091042,1.0504620892494334,0.96033039857797886,0.95062576431769152,0.97209041217622671,0.98218265453196507,0.92376392681636021,0.96585069879785013,1.1721186458697617,1.0175967853050132,0.95900068810611383
2016-02-15,1.2746922718163034,0.90204583546917272,0.76199075473148048,0.58296142497926451,0.64677178684899328,0.6172275716481288,0.61424133330156383,0.59800681231239983,0.60703471110852525,0.59919902568296279,0.68155362317844315,0.75253647814100189,0.64578034252854921,0.61420844495788973
2016-02-16,1.0779994665980788,0.79125856878055179,0.63136016168504694,0.56955965121495822,0.61106466362395906,0.58559732535197395,0.62417642754432467,0.57650204954046613,0.58127397836668848,0.57582521463052405,0.6142029888919478,0.66003738607786611,0.67397493734687985,0.65089641405559584
2016-02-17,0.90173067064292189,1.0238878851395845,0.76322500788884118,0.69943518606240107,0.6878716629879178,0.70069089924717476,0.72913234310132113,0.71018352587376476,0.7136226538009417,0.72425824258476068,0.76819598296715641,0.77495857932059187,0.7708922516158615,0.75789656465131194
2016-02-18,1.001178114402018,0.7614945544606152,0.63378905961261434,0.58577178339923064,0.70503232243118608,0.58909121348021209,0.592660118329569,0.59076782496566316,0.57990561620235814,0.60592468234723973,0.58260448069315696,0.58596716594849219,0.60958458772372759,0.59170945282025345
2016-02-19,0.83366159085909752,0.89077586942601605,0.84214018331092877,0.80212982428946278,0.77587350830171842,0.77962036749504915,0.80488129885447079,0.79373051811389284,0.79831352677360867,0.78996883362183279,0.77619720885583976,0.76344255639856851,0.77437514988912037,0.78173954382109079
2016-02-20,0.94133995356440203,0.79549470494147412,0.71658343546150061,0.68227782209441645,0.7248772334324054,0.70192799416238771,0.68565103013943396,0.67979974925446396,0.68520099192636064,0.67740532882920801,0.66394830118050219,0.67868432105759269,0.68230980905379257,0.71723260031572456
2016-02-21,0.86538473934934468,0.82994559694525827,0.79095290897190773,0.76518608595186366,0.73706745176770228,0.81092603435531574,0.7938239561718704,0.79884889451932772,0.78424517819584449,0.79519385247789021,0.83655999221702237,1.096364826764624,0.92459412836677957,0.84734804836269695
2016-02-22,1.7716635939198373,1.4044223822435911,0.95778014029068959,0.90128540961190984,0.9249054683355612,0.87855160651556763,0.92003409687398241,0.91179557559500646,0.90519100854911094,0.89580277186808044,0.88681783118979196,0.86287564642305792,0.90342013972907798,0.93887255149902282
2016-02-23,1.5594410168117381,1.329528719809419,1.2545796214379847,1.0410505625658737,1.0582485615727344,1.0672545140718863,1.1118088007504807,1.0962473028576385,1.1069975939913228,1.05406177985817,1.0851447083686769,1.1502688569052015,1.0496354591597632,1.007247238577893
2016-02-24,1.0814572860739475,0.69639456015849566,0.56100607482326403,0.49228576862706747,0.47698348857347977,0.50555931961864431,0.50005685575724612,0.4974276305298268,0.49895735412994657,0.51151864798383995,0.50422642186736089,0.52018864002169485,0.49838571585490449,0.50968726579293766
2016-02-25,0.88020658437724708,0.70484083469173353,0.61194784449808859,0.63736442994869846,0.72307268603121333,0.6343165346893006,0.62242577930567111,0.62208381723964845,0.63162971620884145,0.63472185538416181,0.60020628286662236,0.59179008468657812,0.60683683684354461,0.63242933091266318
2016-02-26,1.2852545456340954,0.85492583879566342,0.79379562825918304,0.73956054113053682,0.95500826644797954,0.73497463658089146,0.71799853494125909,0.70496344012171352,0.70255223706456282,0.73847435126121674,0.6921808610207949,0.76991511162230153,0.69033933805778369,0.68990360612050305
2016-02-27,1.1463056697709315,0.94032204860276136,0.85560971361159821,0.78974460695340587,0.81183126801310357,0.79158348662430911,0.78069538015964746,0.77527560986304134,0.77744107814490981,0.78446064744580712,0.79127274398726766,0.7757915751725285,0.81509543230896631,0.81376479930043222
2016-02-28,0.87276271016972318,0.87368572603277739,0.81845984914178938,0.79092942966335578,0.73478910337905612,0.75564133051811333,0.77322884492553701,0.78951535533838013,0.79644030742900651,0.76478057382432796,0.80148131999790662,0.81031060573111569,0.78657261303074677,0.83828281916251235
2016-02-29,0.88551171874026502,0.75419252137205472,0.63842255521892799,0.54755400299025081,0.57603884984295839,0.53699102204286131,0.5536251974191343,0.54743356267319654,0.54927601554279271,0.5518167070858826,0.6008007204030662,0.59515093845041611,0.53676255970400999,0.5466744232307118
2016-03-01,0.8266592310840335,1.0420901123176172,0.898506601644945,0.86024772291275431,0.7376526257827648,0.83711285025326965,0.81731917652797192,0.82495868823157237,0.82422454198581785,0.82984211877964154,0.9070457696173021,0.83816453272921709,0.78138477417785812,0.7955144480483779
2016-03-02,0.87800834932278538,0.684859332963205,0.56751925115410107,0.47963474304572784,0.48437399579962792,0.47982066709817794,0.49177200466279347,0.48892958216654098,0.48733542997577495,0.48957307660317034,0.53542363711392804,0.5499534007696355,0.48753921144988821,0.46052403439017531
2016-03-03,1.0705472465986463,0.81147430183288338,0.6039056448250002,0.50469543600766487,0.51204048348627995,0.5278506261705822,0.5154515663995618,0.52450046257900684,0.51568148633224131,0.52732587717052304,0.53947959059589523,0.60241930333628968,0.57161158203411588,0.55947165752085815
2016-03-04,1.3577566868904973,0.99102833587514716,0.86538964947464825,0.82741768526448833,0.81916216778382001,0.84828482020676521,0.8565981441421876,0.8473721716212419,0.85008534806111913,0.83785532283304809,0.82228188410898073,0.86434133406021618,0.86274769200133972,0.85215969066209807
2016-03-05,1.3300770954361079,0.89728310940956613,0.86905488733084579,0.81349559127327786,0.89831794902894502,0.86230282211173581,0.87396784943204042,0.81423281973095718,0.81157813831979386,0.8338899223970484,0.84631532573446488,0.88506353578129082,0.75483460245130818,0.73679262312468796
2016-03-06,0.99676310307957372,0.783642057397131,0.65176910296948076,0.61401082276291019,0.62695774031310059,0.61749054366808698,0.6154499640514921,0.61522148105730656,0.61683229607848034,0.60615472047930608,0.63111403915245856,0.65879790039805786,0.60754834570763816,0.59240278785116895
2016-03-07,1.4049106403233538,0.88389763656760822,0.75001090261790626,0.56509216488955272,0.62947317365100097,0.55679933341418697,0.56046327667645779,0.54340710333255327,0.55717898292301105,0.55145674278207457,0.56032477733399477,0.59035757846329573,0.55594783372940992,0.56024823327203077
2016-03-08,1.0215262783427768,0.91921076834690207,0.77684169006165549,0.76029361952345731,0.74143654908365375,0.76906318554305086,0.7465619532791431,0.75522479994682534,0.76862976289574814,0.74804585915478028,0.80500332099813476,0.78042522309074203,0.75165924846387966,0.77323196990443122
2016-03-09,0.99529540677234307,0.88350496114872679,0.78307561816310778,0.6819787438956102,0.74913866994609712,0.69481990866463561,0.68135930904473196,0.67920073370990142,0.69727914290875403,0.66806196229092607,0.72539691468395473,0.71339484082065097,0.68667962430677187,0.72796094863302929
2016-03-10,1.1473039608652922,1.0510486086104096,0.98700222934901516,1.0177299431020024,0.96122914227310363,0.96830422986473763,1.0200443851845225,1.014405255180745,1.040978480305091,0.99358044828595593,0.98531917525979829,0.95876118468856353,0.95622327317734823,1.0394582167969026
2016-03-11,1.2902499311134021,1.0294415910423222,1.0141859652559007,0.99732990264444121,1.0106796775965732,0.99918511900220186,0.98300039969574626,0.98782075586171392,0.99907719395611494,1.0073976075847118,0.96760732803135718,0.9725772700495886,0.94512018581376012,0.98336749079040464
2016-03-12,1.3661623617879313,0.95388979722243639,0.91734277739813508,0.81120789358054646,0.89814815397555581,0.81611102116956491,0.80644701829394061,0.81041755382013014,0.80445213064894761,0.80159224366952486,0.82498768001838152,0.87102968169606532,0.79751438444868894,0.78641637159354127
2016-03-13,1.1026467241621121,0.86085888463087057,0.73983508059143599,0.6823175509415037,0.72414829488732535,0.67320287861712347,0.68159958950382382,0.64109429432839471,0.64711937931501839,0.6625107103413016,0.68190641339571922,0.7281528576101044,0.67371054534038299,0.62589708898127894
2016-03-14,0.99878856877112188,1.0216659680199196,0.78311412216598708,0.88592136283068768,0.75340631378688372,0.87549420135836376,0.86211292784429105,0.88163163645483278,0.89431321208872205,0.87257395163596541,0.88372858537224741,0.90473171352132387,0.86150072121316568,0.8529943840238069
2016-03-15,1.0303922808302921,0.81806089615202038,0.83917429630739815,0.86474622564726034,0.87876074056290077,0.834049320587682,0.84094635900485948,0.82345821293070609,0.84093554426078188,0.86592033136497726,0.82177893416162906,0.81377084280045142,0.84173885634912615,0.87356822606386753
2016-03-16,1.0625468970162728,0.72091859983036355,0.73435936521264811,0.54862851143870472,0.57649435923513959,0.57050566956339055,0.58664449506752914,0.56762791655628431,0.5730664759723646,0.57142407574095022,0.67958600856202456,0.63838175395658636,0.54109527529153023,0.53255656919988748
2016-03-17,1.0397336843397238,0.9129575833520267,0.87083788409238039,0.85732504253192243,0.82239194740377641,0.83705565732166476,0.84482729065148132,0.84394407500674706,0.8751024432907526,0.83994137851264816,0.85002037979647327,0.92403353869840554,0.83348050707382548,0.92831674115852747
2016-03-18,1.2045021564551195,1.0496354950650773,1.0908524939262068,1.0527494528759962,0.95833162819271278,0.99613797038182039,1.0009467234651879,0.99746836115093696,1.0331936144405971,0.9998434681617564,1.0075558813107324,1.0358564183216177,0.95713240457254256,1.0704603679788751
2016-03-19,1.0362555910897566,0.8598759710442031,0.8121739083011138,0.86895447262911529,0.82689824309490156,0.84805473872183124,0.83693211242867571,0.85319815018978185,0.88343925459750516,0.8725901656777032,0.81388425647202678,0.83567215365435066,0.81278001875526418,0.90196444437287504
2016-03-20,1.2129056529151758,0.77141067362908888,0.73482144740115829,0.73523398486038249,0.81914668181429295,0.72848602519662964,0.7321207457098674,0.72666612354917193,0.72512719864980146,0.76070027766771653,0.72945110333189467,0.66124481882304542,0.6993379532692342,0.7564481027726313
2016-03-21,1.072666579288166,0.76318931255212519,0.67731040879159465,0.68547020973673289,0.70942032463269389,0.68136807330697546,0.69844226813313082,0.68222081251022204,0.69207762593259747,0.69560459172958,0.67607496620270602,0.65321580685033465,0.70164427996720358,0.71371505080277731
2016-03-22,1.7342102203443222,1.0607652305361355,0.99247315967019578,0.9508620264951857,1.0869331612008413,0.98540250536985929,0.92551206569870004,0.89952502673290713,0.90927298580910521,0.89555918299506077,0.95324593236049404,0.99372281984548838,0.88483779662343209,0.87017094218815749
2016-03-23,1.6015893600139655,1.0776292145349191,0.94629255616545771,0.76154014673204862,0.84599536690198862,0.76953229931362066,0.76300598112369922,0.73766718806061782,0.73788635019543314,0.71114525801478423,0.91318874194588195,0.87574668824554214,0.81735362700470005,0.7475896807419774
2016-03-24,1.4529980095416828,1.0237665953438031,0.97830834239211828,0.8446411561120849,0.88397526427456674,0.86128472877292495,0.84630892330473872,0.83466916173039285,0.83819251047180243,0.84266296013571984,0.93441318128134199,0.91317104333532051,0.87852122601535221,0.84093891932242371
2016-03-25,1.031934425718793,0.77044160820208352,0.58857466151572446,0.57542870312551431,0.65108909130379766,0.57639130239393155,0.57351079453043874,0.55115710436855891,0.57053405009155844,0.56762788101780826,0.54169445479788025,0.53422934970451097,0.55711877433590018,0.59284121145558022
2016-03-26,1.0135477194103111,0.82660473083680419,0.66990669950421389,0.59838987824461354,0.66034658421634518,0.57803030195271687,0.59963972587615233,0.58454597288832966,0.57977002845788428,0.58889504957634564,0.65561824581358707,0.63027810292848341,0.62286853167708045,0.59328338385767587
2016-03-27,1.6694407980693817,1.2574698365824153,1.263559316112574,1.0182989432854068,1.2154899516289246,1.0185570438585976,0.99607838711418872,0.99662314613319358,0.99980785481211187,1.0296506538473011,0.93647527294208677,0.99220119585247035,0.98077608540512895,0.95396278413941404
2016-03-28,0.95748563459827662,0.83813520374714656,0.7770198757524035,0.77676937147736635,0.81907981510799988,0.76553573776890349,0.76041903807411315,0.75628120810103716,0.77188223005182688,0.75390278830389024,0.77483078666812855,0.82366265070153244,0.7544798544174065,0.76580453560496231
2016-03-29,0.9078049018048262,0.89685196211951446,0.75067039256883461,0.68488804309789109,0.66364580936979645,0.72214779095083137,0.69794896605055345,0.72449314722656566,0.72403518451646109,0.68708390577882283,0.77822021519376228,0.79705595461706102,0.70484698133350998,0.73923114287402214
2016-03-30,1.1931153689760239,1.0753442411122232,0.93196863175883837,0.86425315226303956,0.83982789251315249,0.86554254981822654,0.86906810144042967,0.86737031961714317,0.86515183940964435,0.85710622555956473,0.92087722343472,0.92012466176223939,0.90658749722259035,0.92015580015160714
2016-03-31,0.99204774917619631,0.83784562299823473,0.65767489475548679,0.65392970665478567,0.71547741034333523,0.63492006076771723,0.63510299783735391,0.63250151440335456,0.64143521695458217,0.64284689782614746,0.65136239829964426,0.70639630316641688,0.68493848745057795,0.71902585291231991
2016-04-01,1.0601335219988546,1.0282509145213115,0.99239283701306724,0.97064149762839846,0.98318880466478042,0.95804002311134207,0.96121971906109727,0.97526139571398396,0.95846149601697583,0.97371030267128222,0.91779030231924041,0.89423375483053058,0.82522169855791061,0.79885331887919686
2016-04-02,1.1777039609516344,1.0278011368908764,1.0204683271846655,0.98272655941288856,1.0392243971079171,0.99875456596848822,0.98414236434476166,0.97644066474895697,0.98376910528087791,0.98396837639239221,0.96489558852324542,0.96334416677080592,0.92483870129040857,0.95747594077607179
2016-04-03,1.3855924890041955,1.1490467266043491,1.2197264972898474,1.0899379546387065,1.1282878775106291,1.0259811653248647,1.0422752222588596,1.0236961460464242,1.052663649030011,1.0338298472869858,1.0748389083401448,1.1047983467091995,1.1136365114581923,1.2648097583865356
2016-04-04,1.5958772355669195,1.3681053276802657,1.2736309913243582,1.0925455171985263,1.2662533764707031,1.0794060094003635,1.0617132523841779,1.0512385775453099,1.0574032453242335,1.051830717937146,1.0661200513119955,1.0874891034704608,1.0429495738802326,1.044872196713827
2016-04-05,1.0805248308523931,0.98618180492448737,0.97689978875299099,1.0549791871411116,1.0149556415926038,1.0156042952924929,1.0195328816985565,1.0127739219226004,1.0306653772714043,1.0158609944461314,1.0367759043973146,1.0805593279673718,1.0935198293477317,1.1849930048504551
2016-04-06,0.82790174543877981,0.7892243683881025,0.69111914017980136,0.592889684119147,0.56147566020195272,0.60397753077443517,0.62253139319679773,0.59958953063052467,0.60718210318535881,0.59013281062515655,0.66326570600875345,0.75319434951028896,0.6926596785032183,0.67890786605282583
2016-04-07,1.0472253224710555,0.93938777871209456,0.83379546659818882,0.7651050645252655,0.87300571563408569,0.75564290309642368,0.76355719508485353,0.75528540768336561,0.76702028689457991,0.76239411624302811,0.769724640883797,0.76033434934968624,0.75434496645504201,0.79309486310839117
2016-04-08,0.96925488266548532,0.91833044536858988,0.81109545351386003,0.80415806429106684,0.7809622726862564,0.79614979751995474,0.79336975351959937,0.79110472225056205,0.81300471505863292,0.79138682656300352,0.79458803342227902,0.80405666832584166,0.78323579989945025,0.79184068871105762
2016-04-09,1.0932943268808577,1.140268842647624,0.99993600420288564,0.99796836029220848,0.90659603863307703,0.96358920867720776,0.96236582258127223,0.9769183825751655,0.99640759194240502,0.96034378567626344,1.0247909775708468,1.0035305075066088,0.9977244239791272,1.0392342188842048
2016-04-10,1.1199713140664183,0.99159802455015666,0.87548090144085244,0.81223824400071243,0.93660158984817932,0.82219655420655313,0.80725606343542622,0.81726568975024494,0.80814849649275666,0.82853517631348073,0.83365081349116077,0.84836333250750218,0.82224348152687965,0.82404920398043824
2016-04-11,1.0176447397980211,1.0088945835067769,0.90905246188348676,0.91372617153308866,0.85224038041485628,0.91777832386323721,0.89270849885320336,0.90570850176907836,0.92185107175002556,0.92519221457096867,0.90233345415391564,0.94249218079949471,0.91563579791921701,0.99332470387845473
2016-04-12,1.2512284405317962,1.1122699093137933,1.0353673727572743,1.0858161446554726,1.0097183458891015,1.0438964794697825,1.032525749582357,1.0609579741688271,1.0722095420457354,1.0105151599315441,1.0237163556006639,1.0316152236964462,1.0725034525273249,1.1091564133893281
2016-04-13,0.93631798401832045,0.91573404012170589,0.93126077946178698,1.0322305511916343,0.91805681157527874,1.0471731939045652,1.0611357370634364,1.065637757191598,1.1139173851363566,1.0443216082273643,0.97202688582093177,1.014372495678836,1.0209549189321638,1.1413469366696583
2016-04-14,0.89546716715774821,0.80113157057101547,0.67270033032615462,0.6620232680961794,0.79041110063348186,0.66143399082492038,0.67441569831826287,0.6806499227018894,0.6841326235515951,0.69432987950914105,0.6857288154714124,0.6751151012314317,0.67270027326567228,0.65592502733413716
2016-04-15,1.3109596522035245,1.1848418368977349,1.1349524103186663,1.1738823110228966,1.1277523788606103,1.1487035186584194,1.1381886789568256,1.1324986109443109,1.1401205919208863,1.130167357842198,1.1407464100185565,1.1608538419192034,1.1457295565472443,1.1576290657064683
2016-04-16,1.2617907160965416,1.0122852381101992,0.78498312644134838,0.77769735946003726,0.91220606908926105,0.7402569478492298,0.77418802347764959,0.74515391276638732,0.74826008814643918,0.75307753559984014,0.74075630176022789,0.71427604656793042,0.74702854126595231,0.74366366112073878
2016-04-17,0.82626829049555606,0.78108835437521962,0.60678581298388623,0.58044496499229448,0.5989621201618297,0.5925343027619524,0.59789589988526537,0.58054446198924803,0.58922348815287717,0.57192386536016127,0.60537304661391811,0.65959766257067265,0.59625293869386298,0.59263014584997076
2016-04-18,0.79397922798581455,0.7822761473735298,0.65522519864118989,0.69592150656698737,0.73366851352692475,0.6714673435766445,0.6531084865750324,0.66272492758117008,0.66753624399448086,0.69645239322210373,0.62761823126639849,0.64012740695552195,0.65055790840901651,0.66584948184700421
2016-04-19,1.1107480077158707,0.94781482257456262,0.94785456310479688,0.93419229267663528,1.171777453252149,0.9092624161090912,0.90421474947835356,0.88550595165822077,0.89520655413728012,0.92155729839872713,0.89121080917211881,0.89142934780038841,0.84614586974040928,0.88454871885123243
2016-04-20,0.96369630823560304,0.87630126778082551,0.81684724848184753,0.83248373119483265,0.98333036528833495,0.80578835700841445,0.79308065647190662,0.8012407347418411,0.81485636978374831,0.79906767901198916,0.79179476929217674,0.79405857922941747,0.7761748469507046,0.84900108494300386
2016-04-21,1.257623877110009,1.1354423393353059,1.1150080318542555,1.0659022069084636,0.99307463628023906,1.0178964948663185,1.0101645455452635,1.0118106763648456,1.0390807324505544,1.024624844310472,1.0309489999903105,1.0312695574855377,1.0339973126642548,1.1412967902200821
2016-04-22,1.3026052802421531,1.159031912545196,1.1470279353878583,1.0234364387954906,1.0988910811848969,0.99475068938861588,0.97243921932853994,0.97982084179243878,0.98522992130263065,0.97570931828795848,1.0432039697313571,1.0870924988324513,0.97730635860191528,1.0473093900089312
2016-04-23,1.2700797982629888,1.0313170961905065,0.90714880670691589,0.74299308787597496,0.87866338052885984,0.76133594422532802,0.76730403101077804,0.74638422358349754,0.74457634186328847,0.75209712749203561,0.76718071367854368,0.76325592360372063,0.78228114676430471,0.7262417509670589
2016-04-24,0.77143076960662649,0.9171302902241355,0.68186910317933025,0.64634532540067891,0.57339392005110434,0.6527452754452171,0.68065302774384395,0.69306033641899789,0.70861906566654131,0.66078665757757138,0.65627770696502252,0.68373855376792581,0.62275097268196844,0.65407145219879359
2016-04-25,0.83986992525851978,0.91083463453775726,0.65610022368029164,0.62746518523311223,0.60201144251344318,0.62052242848537587,0.61569727209747271,0.61823815249031866,0.62213828059897847,0.61570015863742267,0.5851372185274295,0.62730148305921352,0.59895553287616976,0.57982919314849002
2016-04-26,0.91317041666834531,0.78192438230722783,0.58626833688163293,0.54399030127616399,0.57597826723672796,0.51085180529274687,0.53092423614269413,0.49773379591522493,0.51277486507947445,0.49673261509426231,0.51784725163903111,0.54630031827339964,0.5143734597857188,0.47809955946993699
2016-04-27,0.81004684930570203,0.7789034199520467,0.58979122125695838,0.54614725262779584,0.56395609712516259,0.57035485870556291,0.58655541017004376,0.57159933236301985,0.5836120676035853,0.55544966024252485,0.60663882972203642,0.61161493262055089,0.60590926733096884,0.56592385868477679
2016-04-28,0.84902437988015489,0.89669265612622318,0.74591056542144885,0.70105274982272026,0.63179126094697013,0.77570909617176576,0.6993570507113086,0.71724310188902662,0.73634714329439499,0.74900652032214998,0.69241772998148332,0.69964877179395868,0.66023615472727859,0.69781644633235895
2016-04-29,1.0054181614115998,1.1021581249862655,1.0072611884761082,0.9413130579563237,0.78779605871327985,0.91709038550670252,0.89482248167831324,0.91496789669108791,0.96218723951340479,0.91163785758312177,0.9222529713452271,0.89150957123866459,0.92124898729919635,0.93502808904379053
2016-04-30,1.1299122986473202,1.0794026634632485,1.0889349042657215,1.1872403208256237,1.0120751334945879,1.1643215608471258,1.1638805344720917,1.152651461935061,1.207770984132164,1.150757066674488,1.1431712836561059,1.1554439583556175,1.1212275156653031,1.1949427040069553
2016-05-01,1.1109728978465483,1.0048705464012542,0.90490040755016232,0.79949075452863361,0.8124067395203507,0.7755411442280622,0.78141489065210834,0.75756921272328981,0.7736628124126963,0.78831293965577398,0.82208895775737489,0.83942285503343717,0.76560767975531474,0.7471442957936818
2016-05-02,1.0004039262414104,0.97480990225462427,0.93733100187135898,0.97661767509846864,0.87927521121548802,0.91194674037808032,0.91521537683365106,0.93273562258243126,0.95441606969385429,0.91679498284049576,0.91387452612828157,0.90707630084384983,0.92911024709953161,0.95324271092990376
2016-05-03,1.2738973006481182,1.1994259712296844,1.1866961834667962,1.1373896366009795,1.0539475369927682,1.1110467393432424,1.0949126756970873,1.106288083236723,1.1258370470343011,1.0772501009130484,1.120296598415,1.1033962799184733,1.1031902810275054,1.1144798604458874
2016-05-04,0.93920015049725636,0.86362702705583982,0.76999862127634577,0.69207121436708241,0.73345185966197068,0.6546642149850721,0.65438114960491733,0.66316454871790098,0.66878194256567658,0.66020087372527725,0.68152234824984337,0.68483204216539662,0.65685792667413856,0.6465123693197955
2016-05-05,1.2805853272367775,1.1580845363931651,1.1548563988844551,1.1301050047189067,1.2535904719112299,1.0912733763235016,1.0858653494350274,1.0782790116582885,1.0830521657112349,1.0838905044468188,1.0879900156397972,1.1103302147310812,1.1247356152681778,1.1778956365009796
2016-05-06,1.3354758356835879,1.093136401744373,1.1621159768470726,1.1042445868027038,1.2194300060151635,1.0495307215571479,1.0616772093166973,1.0562653465325709,1.1101240444100804,1.055383514685647,1.0695980728197758,1.059126553853879,1.0652285996239301,1.1476946103765036
2016-05-07,1.6724431442486321,1.376066316430379,1.4493556700178654,1.4212142724812231,1.6183988062606343,1.3278919906193427,1.3232979424853513,1.3194337057331129,1.3679635851435146,1.341603284108412,1.3623944291292323,1.3624948027513073,1.2932435808034213,1.3539484340915675
2016-05-08,1.6009420291337644,1.3183006353087072,1.394201700962673,1.2581591517830173,1.5939612396483545,1.2134972014607572,1.2249382931551096,1.2307110609058227,1.2696297408501678,1.2491732722268927,1.2168522392268177,1.2501952737125777,1.188054773931623,1.2561903812775546
2016-05-09,1.3342098655405619,1.1125884929678809,1.1048656559202092,1.0182623404452831,1.2063381805905788,1.001590300886553,1.0147256045850814,1.0223604307882987,1.041433113385988,1.0244770572955746,1.0044229963398612,1.0398554806381626,0.98107838202457176,1.0129264272074618
2016-05-10,1.4156468106040885,1.191128832671698,1.1052680653604827,1.0330245966713187,1.1634004898645385,1.0112569461530205,1.0149431495715218,1.0064309974645154,1.0323429503911632,1.0078838801938639,1.0276422312092777,1.0313257245904057,0.99530402481673486,1.0469932004134663
2016-05-11,0.97786319839328339,0.8822251136267415,0.8422045106367555,0.87088644419358485,0.85879758770621839,0.86621655418865806,0.87784686976062087,0.87578643064041306,0.91981472172132295,0.87254350898159372,0.87003757522579395,0.87675971970094579,0.85342993294560143,0.95165379333360556
2016-05-12,1.1508711615180911,0.96648403398829252,0.85574638108557077,0.88921545276557123,0.82654264637380281,0.87241244055062794,0.86710254407479515,0.87847070907501945,0.88887540379932239,0.88436915636217517,0.88351498998668199,0.87965661308889997,0.83039601963008403,0.84935709986039598
2016-05-13,0.94350024385624665,0.84184735394651822,0.75931903050119365,0.77068592532020253,0.75176133591451366,0.76912502435377128,0.76201056971495262,0.77363090877831797,0.7705829794887159,0.76441220689470424,0.74089340527898406,0.7845541635042701,0.73565686215666948,0.75833095976833464
2016-05-14,1.2134648601115741,1.052326220590414,0.86827597405540891,0.85802330081162315,0.90270563136222037,0.85115626763285834,0.83999542996124554,0.84014883555576181,0.85654210523915653,0.83254353799414182,0.86626872064374949,0.87768072678313136,0.8735907717205329,0.90465837646277547
2016-05-15,0.97684957784816273,0.91897334688059007,0.62457676033804588,0.67337905005395127,0.78212327511888635,0.68832767998061128,0.67094000367117124,0.63356465994363009,0.63011452375872667,0.66958402980108056,0.63135063338001718,0.66809876987836725,0.67528638986606415,0.60334732406374225
2016-05-16,1.0974878511448936,0.96505625039669429,0.62569894767930778,0.62501582352604834,0.73409201346921737,0.56519765731658256,0.58290262109583257,0.59395206890093233,0.58988557052420132,0.59182477101703979,0.59908055271471639,0.63838228339350567,0.65613534505076587,0.65095124594460219
2016-05-17,1.0197435540399127,0.85094668355743797,0.69693948112533188,0.76101829349912165,0.99730329196725787,0.7281907716354945,0.73669764460121345,0.75203476458906504,0.74662269016278782,0.73401556226123066,0.73475476153696762,0.72819469564413519,0.77933937587079016,0.80441999206320713
2016-05-18,1.2145577599250397,1.1072555829476673,1.0170461592240256,1.0317552398342265,1.1623688550186726,0.98330651839798655,0.96837194004796023,0.97497609124969631,0.96493572343975742,0.97889514496624386,1.0240999863440741,1.044366980616827,0.99417209569073384,1.0218870730652403
2016-05-19,1.0777203685577312,0.9623406241770629,0.90412038165789266,0.88602065162045585,1.032082097652044,0.88634365403434867,0.88177956091906706,0.89446431319367736,0.89171129835669227,0.9029130645672967,0.92797753769780678,1.0317190987477853,0.88996016522629717,0.8942628194540132
2016-05-20,1.145663100987631,1.0289021009522776,0.98712969499562819,0.99373609693922693,1.0668597453614346,0.99557506305748977,0.988661157339081,0.98036471576588868,0.9925850875922303,0.97741324624268322,1.0096343302391155,1.018984835239666,0.96392872210509906,0.9731731524555215
2016-05-21,0.93019808720321728,0.89405349427311198,0.82732728972340164,0.82018895988664298,0.83229636039856936,0.8026315878223218,0.7908936792543374,0.79458675075898899,0.7998796524949402,0.7913700950752196,0.82957657005943974,0.85173651468368183,0.7948051207036394,0.82534799852945706
2016-05-22,1.449644822074355,1.2544607403794141,1.3297680957937481,1.2168114212977845,1.2542041571398497,1.1667620421470313,1.164277538158907,1.1677434144085679,1.1919984821338223,1.1487163108676817,1.2102213046918542,1.2506076784614317,1.112239252606291,1.1839294070406596
2016-05-23,0.98562345937433538,0.98227974181638467,0.89831188355733493,0.87521886524375181,0.97385091864467699,0.85269926749503067,0.87389659065916814,0.86459674296690181,0.86868787014959925,0.8591940262205422,0.8775739508357131,0.94960546240174271,0.83318617117669413,0.81925808228168706
2016-05-24,0.77692158170999837,0.72545685678547012,0.55303427974035391,0.53707762470632192,0.52217334921364622,0.55034400705825715,0.54344105106349117,0.52424469685703512,0.53158725799424011,0.52117439478580363,0.56014049526587562,0.58756857493685666,0.53668088461577568,0.48894502252649585
2016-05-25,0.79694511071255125,0.73286825865409444,0.56085678294564112,0.64674064929722352,0.62985852525441277,0.60568124966428205,0.63950864246870609,0.60792449516586766,0.61298067736443729,0.63437826787865059,0.55420662924799102,0.55973134303580974,0.58594434469841528,0.66026405792829346
2016-05-26,1.0759259525689078,0.97266485929713986,0.79630144552354931,0.76599750493435681,0.77628093296732326,0.74265538494552008,0.75721237577243905,0.75542626927338219,0.76876155849451644,0.76432013532782839,0.79522532728217565,0.81240866450451443,0.76410594928544895,0.79690777879828878
2016-05-27,1.1891925942092842,1.079473657029407,1.0108077169359282,0.92986424129353717,1.0502691805386337,0.90011213971456061,0.89875347634900749,0.89823230943159216,0.90361890925664479,0.89543537849374921,0.9397544888402255,0.9501719373770392,0.90469148893966189,0.90782807673354049
2016-05-28,1.1160498877143208,0.99869931794968403,0.88260235181448776,0.85371402350783832,0.90196355207988888,0.83439976160993268,0.84452460268519547,0.84623620185353987,0.85193540395800949,0.84788432267692926,0.84572580371050421,0.85946166338049301,0.82750714369612444,0.8688613354200444
2016-05-29,0.76156908939354506,0.77375847097128081,0.66096540134916471,0.67409521427676788,0.66025280336450232,0.66024826878135534,0.64326029248968686,0.64972840861374825,0.66162016236736154,0.65681295704166365,0.67112741205580084,0.69572692411490811,0.64293313626081661,0.64660638624971811
2016-05-30,0.7506226314064719,0.71077684311693967,0.54785978503058175,0.58908335223505348,0.59240505250071984,0.55977974379821427,0.57692791095570317,0.57051582626198782,0.58027301037075407,0.55462941537880028,0.60536933004985105,0.66292947424671822,0.56575662869577004,0.51828555604626092
2016-05-31,0.99636761830959153,0.82512604567141412,0.68674944299977769,0.69009301836119896,0.63708541052913825,0.6725315901897172,0.65265164687615207,0.66215264395669593,0.67222196601259576,0.66467005552597203,0.67160346507309754,0.72002531551798254,0.6229893611560392,0.6439259249336271
2016-06-01,0.87035070735409525,0.79447966039660145,0.67618522868104503,0.65928738538434051,0.68644090113934708,0.66411761437031935,0.66846390553067681,0.67666970385527714,0.67608402287125902,0.65367935040788527,0.66944643290042438,0.70918533692302277,0.64796015507618776,0.65726452400914714
2016-06-02,0.79114966766941508,0.73970485979339262,0.60073927559239337,0.52976448030109369,0.52054056944283322,0.55788025901764693,0.56944150691699635,0.53543546822950583,0.54138212552564668,0.54374720785558595,0.55747967662422193,0.60239157615793926,0.52287185244263912,0.55032162893322423
2016-06-03,0.87614879989416294,0.80598034716945677,0.64801141109265781,0.64487671282002956,0.70046515647152696,0.62684244183578153,0.63504784281077864,0.6441444025258305,0.63666443714513221,0.6348050999342576,0.67228162423504023,0.71913288956123667,0.67166750975182909,0.65814897995259314
2016-06-04,0.89744851815780069,0.79320973085849067,0.63772581815517637,0.61253137834104654,0.63656844079997743,0.61279000954750085,0.61741142174308561,0.61278946806725132,0.61430379551940495,0.60211844600429631,0.63502164996379362,0.67244789287937512,0.61505946135416367,0.61134281476157759
2016-06-05,0.97440521163321536,0.88185861779336161,0.7542390317685933,0.79036368422979808,0.9529562943744091,0.75572108067302324,0.76974227637983317,0.76644578696447863,0.76360435308154118,0.75860454202074168,0.79331081850563634,0.84755190719842211,0.80010481920471432,0.77996647069040237
2016-06-06,1.0887132242567481,0.88596378499835904,0.93358531557590607,0.95669800443809805,0.98688402612072224,0.91477253864891828,0.90933425744560448,0.92034789615891444,0.93289909007077243,0.91562585212395387,0.86616367859337684,0.84098063056695271,0.91256213859376778,0.9394978829325219
2016-06-07,1.077224646195893,0.92823788320423151,0.95609377410652929,0.93631880822674785,0.93832595004427688,0.89861149558593556,0.89386935997494743,0.89239297981751797,0.92463263821138275,0.89000128711100412,0.90089149860294238,0.91882522626709162,0.90472800076129833,0.99121322520275634
2016-06-08,1.15687664732447,0.98384416497546601,0.96668748321854525,0.96377606863898668,1.0040876730869359,0.91600845522192764,0.92457688153761641,0.91370272504310257,0.93144546803528216,0.93286270609846889,0.88978152568463287,0.90060626543961297,0.92455457400511643,0.97903564300219903
2016-06-09,0.93426239461600136,0.79359031043973627,0.73197304698041543,0.68973155566015887,0.62963958464126657,0.70055192325091886,0.68880677816499425,0.68746080483467042,0.69321220846896348,0.66574868686309707,0.68808291549318634,0.74394475713882557,0.72273774312715322,0.77267753594152722
2016-06-10,1.0892828549049993,0.94649199114890092,0.86056238387292694,0.81089548850584181,0.81583655808710098,0.7973138842096742,0.79092902936621212,0.80181713065428029,0.82657476751734293,0.77617470203574246,0.80101794042272056,0.81683600980210913,0.78981502733723619,0.8258585843960039
2016-06-11,1.007472429191564,0.93958199815976939,0.87549678900587824,1.0581667184427164,1.2726744866225401,1.0505756985321382,1.0380425974265957,1.034015954479065,1.0374483824909964,1.0502297418879378,0.97060573044615983,1.0330798138446897,1.0029314434472989,1.0385327235331041
2016-06-12,0.9205270303528138,0.88117851411685499,0.6907345229051135,0.70621882424254279,0.87212258232611217,0.69876950227564061,0.71439775948888462,0.71091080927349615,0.71141677853648622,0.68823010655513295,0.71732958222802146,0.74647294903094363,0.69776614273292625,0.70357004015058366
2016-06-13,0.98989072176511461,0.85204073461850238,0.50073469149387395,0.4669774257736049,0.47926563285139367,0.45318821557884587,0.47467893997107441,0.46373951116711593,0.46644723830761209,0.4888727606248397,0.51794026709420748,0.56123018147468762,0.52123909353913456,0.53403840413859349
2016-06-14,0.73751200735367584,0.70603544024271225,0.51281851373678078,0.47938656004543206,0.53252261731306871,0.49575027666708071,0.49956535360099102,0.48089471732605032,0.49028888089220701,0.48861690083814879,0.49601887275280104,0.58060380412490209,0.53578705649181879,0.49280333032791601
2016-06-15,0.72966289373424453,0.68188227608157903,0.47920303868736269,0.55397106483982628,0.61282385573546383,0.51082970975970543,0.54304117019838283,0.49991154450764252,0.50741523173496772,0.51241859266881185,0.50131047983601407,0.57417280849939711,0.54422490983055827,0.50625672237265729
2016-06-16,1.0146748698027879,0.87617543165784195,0.79328448621419501,0.77283350162315989,0.80682948162211654,0.72800779299091889,0.73924185963393085,0.74066399753936696,0.76690758499084744,0.75421835797147685,0.73761837953723697,0.69888096267531097,0.72768178848828968,0.75957712251032028
2016-06-17,0.85736252992898343,0.77952060647056498,0.71799783112606708,0.68953526954536826,0.66934390965334267,0.71578737159157257,0.685336948835648,0.6816451783433608,0.68425756333572696,0.68791942365630476,0.69720398260261907,0.8195676313558482,0.6020160358551937,0.62516435229335865
2016-06-18,1.083609739508715,0.88683463162791809,0.85573898591747855,0.79778356191827793,0.65818409073141082,0.79916810985661402,0.81295797680897275,0.82020927468148652,0.84583996180909859,0.79097235390433762,0.80974035728523452,0.74054781848553575,0.77601122141677159,0.81125264727766999
2016-06-19,0.85972925117675369,0.77373980114216734,0.62487125755762851,0.58996243525483261,0.65948497332384681,0.60560759479109227,0.60594715151008227,0.59238251089865723,0.60951812970100538,0.58711910273786938,0.63878134128555952,0.72258351573566637,0.60624840122494372,0.59907383525722613
2016-06-20,1.0607823534773357,0.95645138435830268,0.83219065554306726,0.75534422758370756,0.85626868007008516,0.74092798733715892,0.74140631606864105,0.7526006409487318,0.77059266182619657,0.73497574372556462,0.73712335577216803,0.73765111057524901,0.75172294346777491,0.80524524234744432
2016-06-21,0.84137842079284442,0.83027091263708608,0.70702703257421395,0.67753239077670879,0.72056774090268205,0.6591598249247107,0.66644127761347116,0.67342298222787322,0.68018722363625472,0.68335395378875796,0.71377439161894807,0.77919498327404446,0.66045017655570848,0.72771088519603488
2016-06-22,1.6329839570813249,1.4822635380585472,1.1188608130390705,1.0369556303857026,1.272966870323893,0.98235272665416007,1.000080599092251,1.034737525951575,1.0239119780449162,1.0264741220467022,1.0015033073485278,1.0073930076412347,1.0079230397060484,1.0646729015302381
2016-06-23,1.096314614261094,1.029186748116572,1.0065921604061245,0.93668787931572828,1.0176694847858363,0.91874740475840744,0.91197496996428229,0.91708505720438216,0.91784278281744125,0.91079448265144092,0.90844254694878168,0.95395037035783103,0.91409829555535194,0.97112436021345316
2016-06-24,1.2854533010190878,1.1943268732334043,1.2705690589219798,1.1668147012180516,1.2191965327466037,1.1564675559096829,1.1234885747161723,1.0975166897718187,1.1393745157403297,1.1027860177547102,1.1221298984205905,1.19220193654069,1.0926285816130974,1.2237898860996508
2016-06-25,0.9590614955499247,0.86182142104039383,0.77064820884133567,0.75741082582205843,0.7970054797901307,0.76131280594884565,0.75315600685335538,0.75408165111691794,0.77119647775831879,0.74994653677845813,0.78868055974183493,0.8131000813125,0.75785590814817561,0.79036053834255993
2016-06-26,1.3663406282905928,1.0705720783040029,1.1671403277823846,0.96515696607628587,0.87209913958742047,0.97335884120035965,0.97596084297670749,0.99075284269941277,0.98802529975600417,0.99696129837073677,1.0273638406276182,1.1339547423592413,0.9736027567263098,0.99476818400085842
2016-06-27,1.2001284970480393,0.97389278719860572,0.785172149878681,0.73802582895798974,0.74484320624108391,0.72981515139453923,0.72189497630871291,0.73679521384305147,0.7561364138086214,0.72985758498255637,0.7126689444590294,0.7797205358217868,0.69887981378211173,0.72774552037778439
2016-06-28,0.9665590423273035,0.9255567506989778,0.76432079606435943,0.83639121436859565,1.0388656084867898,0.79832131498806402,0.80484481018031784,0.82529629228171975,0.82523182344693247,0.81059294909781421,0.77921689388822346,0.77038886691600528,0.83169036800735219,0.81499483238279657
2016-06-29,1.0854623772200964,1.0308753655309815,0.82645584722645205,0.85915404989629141,1.0302460869098831,0.83957784859864026,0.84687404975325031,0.84263143328786683,0.86080772981439913,0.83599167543264874,0.84512001692169092,0.87316793619357114,0.8515415916980601,0.91930777356288074
2016-06-30,0.96196345848783693,0.90476585290695366,0.78425397243677575,0.77296810247603975,0.8455965746509736,0.74736366913108432,0.76059639185167904,0.75669224177684336,0.7813860136284132,0.74931222255921492,0.75220414984505857,0.76496519810621533,0.75564174247607208,0.78760160806684476
2016-07-01,0.91260583577431265,0.83737967243765077,0.66687491557100809,0.70105110512417701,0.76361868783863585,0.68615809076415524,0.68901303843587902,0.68820078038148869,0.71353603409899036,0.68681218201009675,0.69553881984147192,0.73848606847073139,0.68913073765849386,0.73118317989800918
2016-07-02,1.0538601311622557,0.98994508900284406,0.83497160559831274,0.8362868764106608,0.93035353787656749,0.8050292119089224,0.79897642010162506,0.80006907279051198,0.79937452227881045,0.81028918781520065,0.79847009179350226,0.8437101976816539,0.80053855294171983,0.81847366139204203
2016-07-03,1.4337073898538033,1.1386721317715565,0.94993834639035868,0.71641297745219967,0.66039216868377604,0.70222618225386868,0.69212105669657431,0.68623859701679735,0.69317400013532982,0.68471201690962447,0.74580239915236901,0.70151448091434543,0.70583452070526864,0.74155398454272459
2016-07-04,1.4094634065923941,1.2067246318643152,1.0362005052086591,0.89575602881360705,0.92280823621953623,0.90912522394110573,0.9054967329732645,0.91127807954163442,0.92895026393925284,0.90603342379999219,0.95332416280467425,0.89128424593082611,0.92471476033912703,0.95813369883664667
2016-07-05,1.1901495416012626,1.096614811309677,1.0128989387199534,0.96453410454118416,1.1886193368677254,0.93763389963503196,0.94392178540648031,0.95149079996390429,0.93521500056174911,0.94884174692897494,0.96253714097544507,1.0196727817950897,0.91736610899727755,0.95714310846544315
2016-07-06,0.86911493455973021,0.81205150433405793,0.64987654859150346,0.63716581670029571,0.66032034075071244,0.61791805464006655,0.61835111677893229,0.61091255587335203,0.61477637711535515,0.62930094835193062,0.64297843881168892,0.67650530644803775,0.60531058976086372,0.61291834301991222
2016-07-07,1.0237338784017138,0.88927632938234158,0.91324248087219084,0.8837918962404171,0.86661142477678965,0.85013812304629499,0.84410314015006893,0.84563216301573718,0.86151086076073435,0.85194222763446503,0.83611059670564125,0.80476828826307223,0.836065917235712,0.87392746822939571
2016-07-08,1.0806389697234975,0.9817577057632042,1.0133370499968917,1.0014353837907617,1.1268416085224755,0.96474637057755097,0.946641446072499,0.92664493745327425,0.95014477432657818,0.93858216521258298,0.95550731131637401,1.0154573464976593,0.94954703314681677,1.032404712486727
2016-07-09,1.1873993593689351,1.2136500241319028,0.97170845703336195,0.95319443405081239,1.1963424918713808,0.92559556706995705,0.93135821879922509,0.93885307921551253,0.92572443115788539,0.98766637324531459,0.97270418020793947,0.92994914580702193,0.97285595866361385,0.95724637168254068
2016-07-10,0.91583728872903081,0.87714656492580656,0.89851713962923241,0.87422059731688906,0.97060138514406091,0.84256697189930874,0.82039782968764385,0.82480786746607415,0.85226727974829408,0.82246720384594141,0.8411414078329158,0.88858229747506812,0.83184468439413195,0.90009275829929647
2016-07-11,1.2127235633598201,1.2227393984845671,1.1743575406575626,1.1548379151430708,1.3065898066508206,1.0890956933618776,1.091002326078697,1.1008645613856791,1.1095853204487554,1.1057582047394763,1.0624055686686606,1.0831528451337809,1.0964892309153715,1.0759383603184489
2016-07-12,0.91378670411009,0.85152333061076191,0.65551792431726841,0.76887068317864737,0.93352018396348857,0.75719345624082612,0.7691973268422424,0.76025025330953777,0.75345485682406022,0.77331282309408111,0.68978488735979193,0.69366759461664607,0.7380509923092512,0.73479201944123862
2016-07-13,0.89792004658626112,0.80593084724425035,0.66128625816098219,0.74214419750405125,0.83691793355851851,0.70162032762540527,0.72497460294512028,0.71293172673510474,0.71126081514108519,0.69047733612077733,0.65990291632016884,0.66307862494527314,0.6855093375703436,0.65999371040228927
2016-07-14,0.80890490556491867,0.7361882939556369,0.52794982277815539,0.49722899416939337,0.5239729328928725,0.49003072067922238,0.50168906113421274,0.49003726144001181,0.49522456792330005,0.48926293855687164,0.534052351053939,0.58161147142728553,0.49132684816516536,0.480464357874064
2016-07-15,0.78757368118228999,0.71523289921233846,0.51269148372993512,0.49922305844567971,0.49948597203972583,0.48095589545308726,0.49756276722203607,0.4970641741169432,0.50219610694736505,0.47773415446001627,0.48039668265861518,0.51176605423573018,0.46711240417554206,0.47652271731944557
2016-07-16,1.3884146369253518,1.1875581197480201,0.99617142836973072,0.85645485406042587,0.83521919989404925,0.84073971138278303,0.82935736644868507,0.83294824226402031,0.84581278158302187,0.82880374518114241,0.88734931052449451,0.87921276253525449,0.82291908611314124,0.85058881611376003
2016-07-17,0.91422086261121749,0.93773287695368102,0.87306012824158263,0.91984937989658355,1.1764682286197181,0.84215445234873398,0.87585498687509711,0.89253940064392712,0.88131674032964546,0.88552035531794604,0.84699780135237868,0.84901117593196007,0.83393681696434863,0.88732243166696545
2016-07-18,0.79161183814873826,0.78890655695533074,0.75807603246647826,0.8029675254057369,0.89261148831357096,0.78224685628183166,0.76450206040423918,0.76508672107192721,0.77231434903959506,0.78485002980936358,0.74870188828470452,0.79861732677950925,0.77300950299945148,0.81937266441168477
2016-07-19,1.0686349574162084,0.94871789424077457,0.97165333770551454,0.93479506064611717,1.0542047238879195,0.87011302977194582,0.86359813875342828,0.87130645588055833,0.87395700226212336,0.88190579692884086,0.92132478597014789,0.95734351806100759,0.88391817800760197,0.92022815331255114
2016-07-20,1.2422335771759534,1.0265323745743542,1.0621853737819797,1.0423383850878811,1.0784630242792734,0.99637481672251293,0.9930514696745365,0.99224486454011263,1.0221369638266622,0.99581050524149861,1.0245522445831166,1.0494282574561937,0.96709315905174553,1.0963974258085165
2016-07-21,1.3403070883788613,1.3427883962991625,1.3193707601015243,1.3026398496800948,1.7251973307386752,1.2732448994273862,1.2762588709829064,1.2742534153714471,1.2831855158072856,1.2589892274573302,1.3407957984137697,1.4084027969720165,1.2934347330771239,1.2520935046792305
2016-07-22,0.91303981579410765,0.78414692408138453,0.81260274454474168,0.85728528828481187,0.76207259462772203,0.8452261074154428,0.84713748873330508,0.80845225476167137,0.81947425709752164,0.81191732467238809,0.79272480309714011,0.83565801786869576,0.80661605743427767,0.84043447879067557
2016-07-23,1.0044164806099667,0.81209889950514746,0.77031319339462079,0.74240875246365923,0.72965706496400196,0.78668410252253806,0.76973785430681718,0.75323414005205702,0.76940714107121977,0.76133195323233338,0.74327096756106581,0.77009056992165159,0.76302441963976819,0.7874892902034587
2016-07-24,0.8835762781513109,0.77510067022432483,0.6852838440720358,0.7061096458607935,0.75956652860101326,0.70046312087352802,0.68912522790304931,0.68786415660389377,0.71389937418678828,0.69118090205372151,0.7134745055648527,0.74832181643572171,0.68465136607587962,0.72442849933704068
2016-07-25,1.0933145010101726,0.90044196404416965,0.76691366751705459,0.82891896228285433,0.74544098174457829,0.80037751979391702,0.79110190487175325,0.80020191413752206,0.78955440280220013,0.80158741659145716,0.7801951402866899,0.8896497339480961,0.80441554293333406,0.813775628742199
2016-07-26,0.8491759867472648,0.84234580803171943,0.7453531739778263,0.72062924138663587,0.84629219605897477,0.68506810323987866,0.68410236166175831,0.69578334287241583,0.68658982508786892,0.70209468398337493,0.71581938225456665,0.76784640133108306,0.68747548809341541,0.68389766174091704
2016-07-27,0.91694962979588157,0.83574189033912283,0.78789689703182009,0.78301351368220728,0.80694206199361485,0.79194229963363127,0.78107484325641519,0.78812686764743101,0.79803266542114681,0.78207458850158051,0.80024498910594866,0.84664679602953297,0.77868783121517571,0.78691365415881853
2016-07-28,0.85347364029429806,0.77673393449564609,0.66959512800773446,0.68795133126877683,0.70239496531133994,0.66756527619259054,0.66557102897465992,0.66363918755952322,0.67136285159951992,0.65789993492704579,0.66988084773385137,0.73235815092182599,0.64517002997005735,0.67144952409521053
2016-07-29,0.75870238101191256,0.74060743932492745,0.60655196941723133,0.59665606134860294,0.63393151886949439,0.60030330078945515,0.60017192873911662,0.59816524912451174,0.60472742656668299,0.59651639438728432,0.61657074245089483,0.67735060828239957,0.59424040759097629,0.61896372333989436
2016-07-30,0.82412964613666495,0.78276678167861857,0.66408597522613078,0.65877506787944662,0.67423858730285147,0.63949413613513351,0.64055253296838099,0.63819318667934111,0.6417433885708882,0.64208334475258877,0.65787670166387724,0.72047857502071144,0.62636007887368306,0.66223242472083887
2016-07-31,0.98149260321362009,0.92833737318008647,0.80352490462929249,0.81904726403921335,0.93673705400206475,0.80886189286564869,0.80707815908401259,0.80801474921059968,0.81423741516101145,0.79657096185563492,0.80250972982534341,0.8369637345995653,0.77617200582410806,0.81420963659352941
2016-08-01,1.2511611036576085,0.95426780725891824,0.79251568963948882,0.79247627580294555,0.64301475114756723,0.75927553241542178,0.77627704391267605,0.78494602899668731,0.79634068604157937,0.80406434449230069,0.75357711648919434,0.74699499326496577,0.78784578247969117,0.85456472042017795
2016-08-02,1.3113147601214901,1.1152514915814353,0.98405270844712922,0.95143720930304709,1.0877067970114696,0.92625202506942583,0.92043567634077639,0.92243289490893532,0.92140861221027048,0.92437024210699847,0.93235331046784475,0.92060725105878827,0.88953739101224083,0.93393738153100936
2016-08-03,0.7302132951621001,0.72409776816731541,0.60138520826214947,0.6610603798636151,0.56550662963724529,0.65884208546714418,0.6906030925676836,0.66979748290798502,0.68439782417336126,0.66968419501847287,0.69840511991187271,0.76490362809927903,0.70952567351528562,0.72926614777851384
2016-08-04,0.90840984914437728,0.80105392298738254,0.75111839637531186,0.89105839229918504,0.78155484473419468,0.84687681340513088,0.8662957627076362,0.86285684114360695,0.87901644943821822,0.85262475746283684,0.81413166030091,0.87036897249413658,0.83985646497486521,0.89494950851596389
2016-08-05,1.0116579036604734,0.80303038141882921,0.73056096177411878,0.68859317043205348,0.66752782979136316,0.69646056509857235,0.67596648229428302,0.68678905760517661,0.68517347404371687,0.70056986373168095,0.64747924592756112,0.79361110999459561,0.68592178184373753,0.65402815053750329
2016-08-06,0.94247160017798048,0.76165059606235863,0.67398244819638986,0.70585929443936868,0.62046401049759481,0.68971774783623097,0.70399554390391894,0.70069006700425152,0.71415702378257218,0.69348420252928134,0.65960249242017632,0.63481909792798386,0.67121419673563276,0.70605451661111729
2016-08-07,1.1681845992316162,0.92946950594881883,0.85148547130355268,0.8339927595597646,0.80133714961929225,0.77897458328864,0.79808397593604674,0.8142156863920742,0.83787387844392347,0.79742894119580121,0.78475148820939167,0.76225747999943483,0.79098365491948153,0.84881539578560616
2016-08-08,1.0486871493331957,0.9655478299577761,0.98004883277074406,0.97209418966605854,0.9652523239687999,0.95387105904282732,0.93386002771167953,0.94833003029681773,0.99267083096978048,0.94838974578875024,0.94263707234117267,0.92639899663167491,0.96294710676453721,1.0117839277163374
2016-08-09,0.90625587407931851,0.86454271373943359,0.68849029234533876,0.74650603610578647,0.95657991081949134,0.72720353239916535,0.73379015959296867,0.72833475159172811,0.72613550207212918,0.75232348036585173,0.70819684846662423,0.6947264491941838,0.72314582474061517,0.7232839536793183
2016-08-10,0.90189937837182987,0.83308957924025551,0.70390408816359251,0.75007595375517955,0.97845979251991355,0.74806671193241303,0.74441391745298846,0.73972655674128673,0.74020802350481596,0.74210019661122806,0.75406060901626248,0.88239535739329877,0.74710863576761899,0.74557182360657737
2016-08-11,1.7202962772489374,1.4848181532921259,1.1238905280835534,0.86359318284521114,0.7372772878324888,0.87450827479048499,0.8667926745201161,0.85869005881172777,0.86912142548390858,0.84993237106773323,0.94737939515048708,0.8644730421021144,0.87268887633785441,0.84350163952445723
2016-08-12,0.78141473255564498,0.74314491469159161,0.68535820769434053,0.73646261108349398,0.80404652738803162,0.74736572311420035,0.73110412214180687,0.72218664526141352,0.72910413016290931,0.75081435430877874,0.75365104837860963,0.79313745715415229,0.77980816720620294,0.80586414634017223
2016-08-13,0.76405386267183784,0.71753200511342519,0.64402899271682013,0.63430273268692983,0.62728802068802136,0.61574122351090022,0.61956804563314227,0.62199455543945947,0.64827524353775434,0.6079399407865983,0.63258035061578211,0.68535594681937761,0.61081044603807821,0.66782056194654227
2016-08-14,0.8845607270339686,0.80408726297976074,0.79807724088819909,0.79704558601216169,0.80819352749490436,0.78304709909915904,0.77849676412707347,0.77260655816281054,0.79456926598775357,0.76605187602027203,0.76429503000122634,0.80028237893652343,0.77004566754870363,0.83825760591845344
2016-08-15,1.1071770590301446,0.93527108159269812,0.89504796896842842,0.8932104845167288,0.85815372300766724,0.84461093702975165,0.83900565056810916,0.84659511523992748,0.87665820709847841,0.84086401896441743,0.83197468554386333,0.82544401366103459,0.8347059228157746,0.88101701928284992
2016-08-16,1.3494007629771085,1.1295465287580326,1.0791226543277059,1.0406695193479343,1.090547857751996,1.0039535111348892,0.98239357338042166,0.97623570222351586,0.99801139710400766,0.98794687735292275,1.0082645229660008,1.0117838308917866,0.99307882808737513,1.0486360773040584
2016-08-17,1.3709157095032123,1.1618625470749477,1.0107262376976736,0.99162348750400575,1.1415169836337036,0.9917351013153054,0.96660518152354968,0.96217273530805336,0.97853286150251884,0.98211334568030195,0.97318412975196888,0.98054496632212307,1.0077588224852538,1.0289469652054017
2016-08-18,1.8508610677817532,1.5296507471526848,1.3661174499166731,1.2277952297266763,1.0732860516275393,1.1247038005817753,1.1485812851929096,1.1635629112142392,1.1944344615552942,1.1440061141853817,1.1740460683549006,1.1278922346588678,1.1006019174040829,1.1361644540025331
2016-08-19,1.2369124930562383,1.0629217315006865,0.99308627178399,0.94270167273536687,0.95168972528462403,0.9027949994836294,0.9105930511476672,0.91111957883004746,0.92272472216203649,0.92993675993154812,0.90207894789936305,0.89897003316733026,0.90812778601843336,0.93792009715690872
2016-08-20,0.80398075896898247,0.86585294965608384,0.78262034588746565,0.74812866898894215,0.92273782769275636,0.72969580126777311,0.71665438724743991,0.72460982802443241,0.73068292367162857,0.73213775624716515,0.7395148289884762,0.78440569955511608,0.7349331565157543,0.728943992761242
2016-08-21,1.0746657898385807,0.87657318418505203,0.7096284368711443,0.7152226103273045,0.64499962904505981,0.70275358233109264,0.7086880528356243,0.71701044763935362,0.72649234585400524,0.72324306216532763,0.71241591783602431,0.72258434421870044,0.69000305622927727,0.69372703688645831
2016-08-22,1.0479333188523143,0.88063758371876122,0.69083876154667501,0.66077652722348057,0.68253008741001231,0.63359073654383591,0.62619019231797179,0.63383621796119549,0.65315360306212478,0.62231659464555,0.66906183029784794,0.71279947751491812,0.62216799529603684,0.63513096369304378
2016-08-23,0.90914204269830601,0.81813872687637779,0.84877565448627557,0.91067162907916643,0.91196374391746071,0.91093810646312978,0.89178189703570065,0.87913206263184807,0.90830620671176221,0.88556403904962477,0.88372224019752765,0.86956051546861635,0.88889464290623044,0.95101683361804445
2016-08-24,1.3339860713692779,1.081363929325075,1.1540874272043145,1.0745873164026023,1.0542720744279019,1.0336315274428094,1.029167294201232,1.0344747940888377,1.0565652736823057,1.0303040814364055,1.0870890617716404,1.1246819431832555,1.0371659459242424,1.0615147992551235
2016-08-25,1.4803613374831881,1.2293309169833726,1.3435636327095364,1.1866466459009086,1.3853205523737062,1.1562549959261983,1.1364824583319431,1.1581784256764944,1.2012251721875404,1.142104511836818,1.1773796324769412,1.2045260837999001,1.1357252470845665,1.2829157258200692
2016-08-26,1.7261527288281218,1.4460226726908523,1.5767339040473221,1.4150707192016938,1.4919376639934305,1.354847183447341,1.340260472480395,1.3502320157142078,1.3929233380603006,1.3282891689168603,1.3814148206479271,1.4274033752695516,1.3084596139198721,1.4017673943113971
2016-08-27,1.3143089581142418,1.1321513476562186,1.2436937899267633,1.223384577804536,1.1783063824446769,1.1727082250408096,1.1546489714471586,1.1369794386951844,1.1675023354311531,1.1419948769910129,1.1649467851625286,1.2443062485946201,1.1304307148146155,1.1925132452245519
2016-08-28,1.6241281499331821,1.2963471693419002,1.3214645700820049,1.3199781112966096,1.2357513402505473,1.2863432433658213,1.2839824887243028,1.2521430623952003,1.2839327510921668,1.244300864067313,1.2563815025419278,1.2419906447827513,1.2804346821818715,1.3122542945760476
2016-08-29,1.1694598468901765,0.88992825380786167,0.80394436086900589,0.79151214792172131,0.8176574692265185,0.78615126776479249,0.78774345587783123,0.77583307554119563,0.79146290025533628,0.78578310443352162,0.77648768619796937,0.82405427092452055,0.79449547717413749,0.83207373508984672
2016-08-30,1.5408423866434573,1.171517460473674,0.90460147283746162,0.95476990854013577,0.77759558762220771,0.90833478869402584,0.9233385426318359,0.90765279502025253,0.91935694884116081,0.90360350676351886,0.86536807387305859,0.8726574334787881,0.909585228332217,0.91910035892881403
2016-08-31,1.9263426093356788,1.5114342094416267,1.1732571878157079,1.2469731631321825,1.0364153216032506,1.1454725456473556,1.1611473377613766,1.2003322071244855,1.2345465674177187,1.1739924913686017,1.0940487993155543,1.0539265772823563,1.1719712630869692,1.274289221082902
2016-09-01,1.7254564919179882,1.3667724774956658,1.2031673901063429,1.1489113816781886,1.1427455173732481,1.1097588828267775,1.0951380108016671,1.1039620519275464,1.1032931401233323,1.1220349716682871,1.1293943491734497,1.1320409750548586,1.1205145675626667,1.1052920144219194
2016-09-02,1.5608426337628272,1.2002111718259418,1.1369426914412624,1.0643925474053606,0.94483273696828818,1.0254643136214743,1.0407251668524151,1.0246666976899392,1.0371508053555198,1.0153983271888221,1.0668922502290372,1.0744799643617284,1.0330354334692244,1.0839702972227043
2016-09-03,1.1518755227056372,1.0037231293162683,1.0529962280552083,0.94850705234584642,0.98596178817050439,0.92778548599969235,0.92574157960989256,0.91927017671939237,0.93117153308486433,0.93150126841739833,1.0305919584530996,1.0519090732840723,0.93030165625291017,0.93957157070311503
2016-09-04,1.4617711394669191,1.2058966055105027,1.151227846416379,1.1550621963337433,1.0867719739553507,1.0953168896029541,1.1098692272368968,1.1163263174103701,1.1318750325619196,1.1047104148093037,1.1367735142338979,1.1641844296902557,1.116203090698368,1.16683210843131
2016-09-05,0.65962369138521781,0.70023975119065163,0.55151339535604971,0.45902905765851409,0.49692874826054945,0.47126980269098762,0.45366968524560103,0.46375021268473127,0.46932342693433854,0.43628070087078324,0.53823905226935909,0.58688146691448462,0.43727069460871104,0.40326047195298126
2016-09-06,1.1501050466208447,0.97945234915980506,0.89748662214840669,0.83634608817029521,0.81956964351513573,0.79437816946879047,0.81718790086527227,0.80750045875252996,0.81813051873840237,0.81145977347274345,0.84908743957205668,0.83820949325416083,0.82158755046131826,0.83181317751000827
2016-09-07,1.2876797763199503,1.0691549106658518,0.98984126349268931,0.98928902225155846,1.0009651019913353,0.95278721827046109,0.95040883064708703,0.95208498158178767,0.96468767161631985,0.96035610465254551,0.95707844423810096,0.97143654214516872,0.96610776597752634,1.0140639778180423
2016-09-08,1.3940021641428411,1.0914519769188025,1.139811592962954,1.1423890534772279,1.0570463374362788,1.0726014190720008,1.0675710644683507,1.0950454340187246,1.1499652506213189,1.09805412326369,1.0906494988631104,1.1188508820396663,1.088823418649675,1.2293542707696581
2016-09-09,1.4571655714428644,1.1398794324613695,1.0990965474005758,1.041624717177609,1.0607031262854902,1.0118869013031468,0.98769578805491842,1.0159346440528838,1.0392097793238499,1.0041723637451794,1.0415149078940602,1.0921920069538837,0.99597295139426112,1.0328337774678005
2016-09-10,1.5552888954674162,1.2072030573328303,1.183416426461239,1.2060923505545476,1.036665753733282,1.0919797916331917,1.0858106158312051,1.1249764276611625,1.1461277332351152,1.1098077738173213,1.100571660123028,1.1280830660921408,1.0948870012730441,1.1767222755209941
2016-09-11,1.4798763214282686,1.1042971213825461,1.0683660083886828,1.0016843310604393,0.97297495945298051,0.97756219429609581,0.96544216901198754,0.96006466477551333,0.99085233232642278,0.96759309392852322,1.0114747684506689,1.0523591577449307,0.9664924318354341,1.0206440145328726
2016-09-12,1.5047278455759987,1.1531801514095601,1.1803372867312578,1.1383203067766983,1.0487194251476673,1.0757283153292114,1.0739833898957598,1.0765214762450921,1.1020667257667298,1.0793794387830611,1.1222244100284089,1.1556566321957336,1.0770442232894009,1.1445292813734547
2016-09-13,1.6665333532818343,1.266165566379692,1.3076982103411254,1.2038955309152433,1.2625949918263213,1.1611564145413611,1.1435847520460956,1.1444373493878626,1.1796330677045175,1.1446660302664187,1.2020551604536849,1.2238727728804639,1.1523224394541445,1.2054896541255058
2016-09-14,1.7313452462626551,1.2750316621642246,1.2884954597226732,1.1973842784431734,1.2917767438251668,1.1343486292891096,1.1247513694610622,1.1314370988692155,1.1632072545613241,1.1213477003116281,1.1852638997001159,1.2071918285850853,1.138555493224048,1.1825848379137645
2016-09-15,1.5689826874797468,1.204017311042942,1.2103304933466863,1.1766190715426241,1.3816985283913736,1.1598571227289869,1.1513182084934372,1.1444452073696334,1.1714978733069867,1.1593661932420425,1.1767060280712658,1.2244221102206232,1.1503170272048415,1.1882279294378841
2016-09-16,1.3540237517793501,1.0374910398321071,0.92795462642250381,0.92923031940715761,0.99171867999795826,0.93440884085388587,0.93134232960794594,0.93426316792432884,0.9594739472182523,0.93945888442038039,0.91070233264737299,0.935823323382179,0.91547692775204126,0.99852944476230909
2016-09-17,0.97388051701845491,0.8542110468412385,0.72897716700258708,0.73828385995634405,0.72862142719596001,0.76034036562244278,0.75698337593889786,0.73377078823586706,0.73805309305391587,0.73219067569562424,0.7379192209103832,0.74689290342020431,0.68740725888535348,0.6763164824306177
2016-09-18,0.65788833077265674,0.65461257124992112,0.47525169628738823,0.48372501974719107,0.5243893166898721,0.46206380219281412,0.47400415134231483,0.4699458740678904,0.47071094025859744,0.45498653550706253,0.47274656019640587,0.49169877788750133,0.50894369141798212,0.51348164356363946
2016-09-19,0.94026489331210383,0.87271304545168038,0.74850469848609769,0.75147837353461233,0.83075654752210804,0.75766695943901052,0.76355169872780959,0.74870237228772074,0.73550709687417459,0.7432912870364119,0.78645870873922596,0.83726601608905893,0.73935187154289561,0.75118266097939479
2016-09-20,1.0756906615073021,0.97322530993835443,0.71615111621567995,0.67849516331140702,0.69638106155325818,0.66756336019057727,0.67267025262589886,0.67076442479511766,0.67481424693471814,0.68044013857804331,0.71269295196450222,0.7432268132906733,0.67326620350675137,0.67034292659626893
2016-09-21,1.1885210914274198,1.1211066588831702,0.9157288345311454,0.89996738489461903,0.94991337221684047,0.8815891024500413,0.90191056508942424,0.91033808439455577,0.91720234653620558,0.91988341586746358,0.91033343087745988,0.92884971777804159,0.89485389292292883,0.94016685152774104
2016-09-22,2.2054767747276376,1.9480350034124532,1.6947980485029694,1.4499224666163149,1.2079299815117412,1.3841599419336039,1.41081323721973,1.3770870416977281,1.4060861038069112,1.3252902285578816,1.468386929556279,1.4397264926666149,1.3696576399873321,1.3714100976986821
2016-09-23,1.6836069963389551,1.4463498992861541,1.3614791016715431,1.156892228217937,0.959662042586372,1.1883711276565017,1.1583704326212361,1.1390489375462438,1.1623449589257746,1.0981126339109828,1.1910214951255653,1.1585537888316266,1.0955991664978133,1.0890946044456653
2016-09-24,1.7769482510366255,1.4869435500786348,1.3938562652981035,1.1239276584614157,0.97151393314878043,1.0941807826268237,1.1147301758382369,1.0975005503808291,1.1414729165716149,1.0428858635235503,1.1200815335699206,1.0858896130972455,1.085707747997906,1.1241817209709322
2016-09-25,1.7831993195817559,1.4894584722041746,1.453316506863698,1.2965742744979736,1.1289534668046795,1.217710427551957,1.224980631686809,1.2330096991309478,1.257176913675256,1.2195272635892012,1.232005647925553,1.2508582301998552,1.2181975422093441,1.3022647186957663
2016-09-26,1.2842904009166063,1.1399458715827804,1.1345914764521605,1.1204055300809259,1.3494754680794516,1.0885805678215152,1.0742025445757981,1.0690220870923139,1.0823594569242994,1.0850125654981118,1.119503340505914,1.2185654483256556,1.1110700865912846,1.1845504773254978
2016-09-27,1.1928536495203392,1.0711296550146248,0.97701695848267145,0.93450043733573207,0.99221533438550003,0.9188099756122482,0.92112652726655286,0.91082309343888879,0.94007776839039758,0.89887617308763734,0.928588548367282,0.96327166457366753,0.94953898904101275,0.96995044070184344
2016-09-28,1.2908159026116985,1.1392612593948941,1.1960159524814662,1.1461396913665569,1.0286616173827994,1.1480586887594626,1.1218902177560819,1.1276542271125676,1.1457963820642203,1.1231220887646725,1.1430538320541566,1.156670629324928,1.124888318519744,1.1729217517258619
2016-09-29,1.1535425883909973,1.0317185642005748,1.0090092807097075,0.89574087829706994,0.87187382245882228,0.88062016923085606,0.89560627184587804,0.88328382797410476,0.90046506683878447,0.86709710005406027,0.97889325176315978,0.99052332476409999,0.90994400337692327,0.96643703836686767
2016-09-30,1.3819826683738596,1.0776879865392819,1.0834137167741755,1.0786693490494685,1.1429317996231698,1.0609343729536322,1.0635500561182529,1.0583938017985837,1.0904898823641709,1.0808752506659263,1.0338979800768806,1.0734338977826454,1.0886462735593887,1.1635709191297952
2016-10-01,1.2948060979692715,1.1536735731924552,1.1430529779077272,1.0463093398639212,0.9698721096410523,1.0342088880937665,1.0156476890475261,1.0408482596966095,1.0492373085614484,1.0240544825011244,1.0421851736245438,1.018588981576239,1.0548122404535349,1.0642979904539409
2016-10-02,0.78866674012874627,0.74234396050373297,0.6214725254928275,0.58747425890177363,0.58094858177545217,0.58683246376300024,0.58942362806631565,0.57883935834003808,0.57247210575092933,0.58162514749074301,0.59131720723706049,0.61660569340486249,0.58383481490552114,0.55757005489069966
2016-10-03,1.1443237740636463,1.0291759756458967,0.82540975249911952,0.85020545933608827,0.83196145030241675,0.82800812983967398,0.80594285912178998,0.82489801434929699,0.83183365889699268,0.80948390265365633,0.84643570926171996,0.87112402630701435,0.81138717654843306,0.84671818723800729
2016-10-04,0.79285232112295501,0.74124338226603126,0.78502050122413269,0.71945309848737105,0.83738232082541109,0.6998941295373291,0.70181387854396338,0.71087774753243804,0.71837350191622551,0.69873798904615225,0.74940478643665176,0.75698677078594145,0.66551910092156652,0.6395672382655665
2016-10-05,1.2367156152091883,1.1710670959348406,0.82505746312707817,0.80920852123663367,0.93152908134806856,0.83234734004978317,0.80389735840179954,0.80322290682296582,0.80379889184519582,0.8190738261242495,0.80711693310168464,0.83223774223422442,0.78698508862679228,0.7861473789272746
2016-10-06,1.1219071112260777,1.1002524531191611,0.77693597778400325,0.84431724252024987,0.73748758083196886,0.81414145985404573,0.85812214409275933,0.85254728795163226,0.8671347996095865,0.83170673062217859,0.74285468900679963,0.73571320291071296,0.72233606794974958,0.85408392630907604
2016-10-07,0.69903488303414041,0.67673388753869945,0.48089778453731524,0.44489969054216566,0.470349141420697,0.41848477865613953,0.44990025326840261,0.4310473843642581,0.43419645987126382,0.43043814317114687,0.44484400580474753,0.45027005260549552,0.44392631847622438,0.43135674837999916
2016-10-08,0.98448427474805711,0.88096082951221233,0.67979925983347844,0.80049951143068487,0.85665920504389292,0.7680053936330552,0.7799480521934159,0.78738194219878999,0.78544584204037793,0.76507865431406286,0.68487429912852638,0.65857748478189337,0.75695466424004909,0.75243599466284861
2016-10-09,0.99386816922603716,0.93989473314866423,0.83169835977204742,0.85283311922955074,0.87546198538811559,0.82695244872798368,0.84875534744173919,0.84205227708824437,0.83564818744043157,0.838482243018281,0.81018743676546268,0.81463879415241036,0.83232102736474012,0.85166946243503971
2016-10-10,1.2530076525767988,1.1688176335493732,1.0512658119683838,0.98010528782517314,1.0348257242255563,0.98652159041360643,0.96929548676924959,0.97185317241959912,0.98368476957240725,0.96393527488533615,1.0191963427498119,1.0165930986138909,0.96542051471272905,1.0152118312151219
2016-10-11,0.99873841546687192,0.89319483084529572,0.82196541266356959,0.81667547193757983,0.91521739471033203,0.80642792553172771,0.78801021120765091,0.80086230475309239,0.79669808371331197,0.79046936637451537,0.80927809455286881,0.85502937694304404,0.838441532593175,0.82412016970206015
2016-10-12,0.80027951800676167,0.71731967752104764,0.55818073006794799,0.58004775577772427,0.65853605644075275,0.56234654417753505,0.55804301860102234,0.57651293887812027,0.57002965763319013,0.56300285938209516,0.53826266788301724,0.55687623534427877,0.56610471000712081,0.53795431479871758
2016-10-13,0.83262592003379032,0.84108363862186009,0.71054047584441082,0.64812680781888987,0.61030965443558616,0.68171225386954637,0.68997342654286387,0.66409920505201081,0.6973696137981551,0.67074310164148809,0.64415463380823312,0.6268126722606302,0.65368838032592402,0.719220931576386
2016-10-14,0.86942259535778732,0.86067255737694948,0.75638619210332203,0.71539580879325682,0.69357621341621978,0.70656837247084692,0.72193414368087183,0.70008864653907665,0.70196878363377768,0.71092060848408589,0.72589579750761746,0.72814816634506307,0.68600210350908608,0.72002753121974439
2016-10-15,1.4018263863385176,1.2707723453697386,1.3045495720565601,1.1301713286366071,1.0726834101112137,1.1407372205614759,1.1568524584477189,1.1425072277342696,1.1572874949286651,1.1679909569630225,1.147827837512077,1.1722086775878904,1.1128127092318121,1.1536568819985695
2016-10-16,1.0546664827485488,1.0545835905112653,1.1117483419074188,1.0467483011870247,0.88592386783304755,1.0086739569981142,1.0304007232208023,1.0048370169963201,1.0366832069060219,1.0035013184146762,0.98156165755000124,0.97760646174223687,0.98801287534956672,1.0293514367757108
2016-10-17,1.380506243310786,1.2289975712979946,1.3198499130152892,1.1720566686697471,1.0908010273759761,1.1592158966860051,1.1211991841741755,1.1292729851696155,1.163773174840266,1.14713270142546,1.1898879811368364,1.1841050347711832,1.0995663505868876,1.1212181598213833
2016-10-18,0.75314751728339424,0.72977608450973175,0.61163477052237902,0.59342360216662093,0.63634773961347613,0.58186199234418801,0.59542031630392789,0.57729005096123376,0.57709426842020961,0.58770363017442495,0.5933699047324279,0.61175419506978557,0.5853178342196097,0.59137909051936777
2016-10-19,0.99647002610136259,0.79702874224642439,0.61380672297718164,0.6120014337805425,0.69176228269040207,0.58094625103532516,0.60772095356059275,0.56237823323866742,0.56605238020238879,0.59377848301190972,0.62326223430182981,0.66691780454209471,0.60394707894008748,0.60938881734051531
2016-10-20,0.83240943371552756,0.73765224736080337,0.56650665733114292,0.55631328711129358,0.59894020012595561,0.54928133546596614,0.54142874795937102,0.53079005412995894,0.53096688252826951,0.5435576179075392,0.53437711257710607,0.55907193627361362,0.52634282182145298,0.50729840130834747
2016-10-21,0.84928740618914944,0.78055338440943367,0.68830647734631956,0.67055323482806539,0.69102465797157442,0.66163136322176741,0.66684271603672751,0.66622746928089371,0.66570262711915751,0.68619820039756418,0.66591064463797056,0.671370574257252,0.65129455408449599,0.6733779511214053
2016-10-22,0.93970319877346853,0.76615388287977626,0.65225391105963904,0.55777249745373092,0.6283464442000003,0.55018214919842423,0.57394597093534183,0.56376216651338218,0.56936472468760069,0.53756671857040439,0.58794189472485936,0.60191490431967509,0.522079583465759,0.52689190868736047
2016-10-23,1.1903350209656662,1.0629394461086483,1.0277839689174502,1.0460717423288577,1.0778157840102403,1.0350780450734127,1.0239000033700296,1.0172959271829087,1.0374960872694223,1.0176162369141397,0.99386853190647273,1.0173264001895945,1.008864711931255,1.0994466281725961
2016-10-24,0.81777074499241276,0.87632639971702264,0.87009027791478921,0.74958726776506523,0.76376557773668208,0.75876505835084207,0.76182772800664911,0.75677731404162529,0.75167504604137303,0.74109206348030321,0.75993118208656596,0.77161118894336511,0.77784948652106822,0.76961473680595927
2016-10-25,0.85036704139406327,0.87308690213209927,0.86895047834449191,0.99303806083347401,0.91890036757282012,1.0188734139897686,0.99673162979181107,1.0230682574755248,1.0162976099981187,1.0475534843312317,0.87754665384341712,0.87426050750431838,0.93508076819371821,0.96692730784368908
2016-10-26,1.0512154410686962,1.0545839740873093,0.8794818530382601,0.78269069014001946,0.75543005767527394,0.75859642314713027,0.76921298703183938,0.76660887543747969,0.75945538100518373,0.75219671707628344,0.79173592221070965,0.78652118877393251,0.75349863740287015,0.74411548355781787
2016-10-27,0.74243773959372927,0.76895380780811873,0.6634177224982889,0.72478115990810177,0.73054217796397725,0.71860532972385316,0.70320664810079136,0.71788532030582264,0.72067620730245696,0.71775367274887569,0.67586696730118778,0.66159870450775426,0.69872240397160479,0.76357750047763751
2016-10-28,1.18446836845682,1.1182892653924594,1.0526293664239883,0.95425127711019797,0.82814438257822076,0.95373964364655994,0.89777895769903771,0.94214806060990119,0.96172275310241717,0.93137879617768082,0.97978546394907973,0.99102237408364813,0.97995005329060203,1.1034386919724872
2016-10-29,0.79805798786915305,0.74472602147173572,0.63096097122060357,0.60703998862358188,0.64314246502257022,0.55277519513973872,0.56664605505591559,0.57293244834044021,0.57601970617106568,0.57571975877436965,0.60397667157654389,0.6135190653988899,0.57054976120814149,0.5940210078784316
2016-10-30,1.1691433091625723,1.162136192288415,1.1386059522799012,1.0210619256589051,0.85992432744744718,1.0317227292040501,1.0141731220812589,1.016830954896077,1.0465487309859247,1.0030040584680928,1.0063591686531357,1.0132262348771721,0.99609503754583117,1.0822888240911792
2016-10-31,1.1597630004106998,1.1811012947985009,1.1958461464457337,1.0698289300657271,1.0069979707925769,1.091014791917305,1.0679197889977008,1.0682882506178311,1.0830267464989118,1.0698427308619649,1.1070122828915063,1.1539147318022955,1.0933924411525515,1.1285310007935307
2016-11-01,1.2601340023581922,1.2331615772537894,1.2671475810945745,1.1332906238139817,0.94916939494646535,1.1067918716128549,1.1159413850427902,1.1290648109660737,1.1590262080586433,1.1011737149626659,1.1142640474664611,1.1357559184246406,1.1359127343272535,1.2216923345837367
2016-11-02,0.92560957772916874,0.91101921625818905,0.95979784359048648,0.84627053490925319,0.83635807797390715,0.8626480732650007,0.86047272655266538,0.87738550277684735,0.88268180540412844,0.84330940198895255,0.82604144428845083,0.85991439041298201,0.84823635487744875,0.86038583656949064
2016-11-03,0.94326438660561296,0.93415821716417924,0.8219888260633228,0.77806472575881169,0.71120972790791481,0.74700900578005314,0.73103911384410369,0.76707132949719481,0.76615891362181587,0.76372143595661646,0.71224801557534911,0.72210021518954903,0.67625043815498753,0.65082356297771948
2016-11-04,0.80878872224192322,0.88922254629293906,0.9409905022096301,0.74412044592887117,0.6889377590607233,0.74384694073727131,0.72817354251016209,0.72940772647585717,0.74835407778274765,0.72582356689016037,0.79617638244093314,0.81659596080798813,0.76592838329046375,0.76515031848690851
2016-11-05,0.97714235858414877,0.93632714060991773,0.9211016672608161,0.85428162831380394,0.83347595242452188,0.8336955524708467,0.81700878500063467,0.83309163604659009,0.81856557378554984,0.82126136809295647,0.82703108452228768,0.83911460074133881,0.83187646887230171,0.82425689595690665
2016-11-06,0.86844981117185882,0.7840247336838605,0.56095023521896359,0.59304881437785906,0.59425213231012164,0.58858285136079702,0.57643562017901917,0.56996084249769463,0.56805447616018967,0.59434734778545817,0.56887465636899559,0.54387332878763595,0.55782094465774879,0.5656663598852657
2016-11-07,0.97340678453677565,0.77064087236501688,0.66317100056814304,0.60517431419564105,0.6403616411602242,0.62698503273635431,0.61546955129115299,0.60741848744116689,0.61084696398040206,0.61226427946996598,0.64727282931710928,0.65988309382201726,0.58326293511426719,0.61026302281919997
2016-11-08,1.047250671903085,0.86000198381942328,0.72345617012332097,0.66463006150082182,0.68958209476782706,0.66472526354067085,0.68049812880606819,0.65977307880265756,0.66604508587098155,0.66316372782318367,0.70233121521539355,0.69450095407731782,0.6368767399184454,0.63047500970919668
2016-11-09,1.0198417284346115,0.95919111750776453,0.7209648172304739,0.77172021029241389,0.76919916047410641,0.71681463244056864,0.71364556115474664,0.73374901871541409,0.74201555661900076,0.72965681218084322,0.77516262915695555,0.76449801404139928,0.75019224638406656,0.76488754886916055
2016-11-10,1.5251973118846445,1.1353685724386606,1.0299949966636284,1.1750150331917435,1.2689267948900078,1.1620082255829252,1.190440891172363,1.1680056827337493,1.1788741425851064,1.1126272573702516,1.0440366406310886,1.2197974198294479,1.1294558722925832,1.1951161202891716
2016-11-11,1.4515796657793381,0.9596985702497639,0.71608329886897581,0.79545470071189184,0.88601505411241754,0.77670784173753393,0.81065508880862736,0.76382389766787662,0.77397602259976994,0.76304544276263031,0.74318263009813534,0.82827229251795198,0.70345104212001486,0.69649398446525945
2016-11-12,1.1882300786883797,1.0589378637352664,0.79828963073459558,0.7238491862424995,0.68414114098639811,0.72139774589934536,0.72571733229482427,0.72689417141747503,0.72390515724580373,0.6965677413846465,0.77443263880333546,0.75509789578928543,0.72040774385214346,0.69225631898156081
2016-11-13,1.0829111516381726,1.2609599310952484,1.0342755071498184,0.89402281906815284,0.80172015193753987,0.87633712724226021,0.87953202497751914,0.87698380977986123,0.88062294836250721,0.88274956890105671,0.9282466156512208,0.87638334522328276,0.8998508772318129,0.92715088757819342
2016-11-14,1.2271780015804186,1.4994552454314427,1.1100544951597551,1.0547653957646845,0.8968125734649649,0.99269821210856379,1.0185285835241991,1.0472490900797968,1.0796814625234805,1.0004230593505581,0.98561544207576601,0.93156121217032262,1.0580326727291196,1.1202847846898849
2016-11-15,0.9938988918580175,0.96970692055483165,0.97177151411520002,0.76675596195560802,0.80222000241833424,0.78005493105148938,0.75890287067943452,0.75749814823903883,0.75815684591397881,0.77313275708260654,0.78794795383127525,0.80140363234603507,0.78627340953969271,0.70979472801004695
2016-11-16,0.86994257582969048,0.83073256476177371,1.0415615067783033,0.94528312198258557,0.91850015259543549,1.0060704950017605,0.97234399995397369,0.97557360315744246,0.96988397714335906,0.95595673760624145,0.94626092858483846,0.9545216580136463,1.1038648963233257,1.0400544642842064
2016-11-17,0.86407085483233448,0.73063578815741037,0.58426739398375649,0.6876595413514669,0.69258521245450533,0.71305936501053957,0.72173350069189679,0.71172601545267355,0.69626891709549743,0.70492333859848011,0.64088286312809495,0.66235156093628644,0.6729457528655759,0.6780912678632357
2016-11-18,1.1712311933748731,0.97868872190011613,0.75532799068965439,0.66782823149398363,0.66856195477643321,0.68196722142295185,0.6823031815315922,0.69476195756817605,0.68921693729033662,0.66536917763715808,0.71058880850863104,0.73613719692619217,0.67417953462399394,0.69455073928194322
2016-11-19,0.90654724907576711,0.81028548493131769,0.60080494824716546,0.53367749679862098,0.54565221297875288,0.52599394343904504,0.53624226940143449,0.52466647425312907,0.52333277151988267,0.52694139098429893,0.58636183529610097,0.62248438018088947,0.56840659634491275,0.54243904658478614
2016-11-20,0.88491059896876711,0.81412544089180339,0.73223569868690574,0.66755052217558308,0.62814821050608283,0.65833290703524006,0.65181262145482333,0.65654349945443835,0.65602001270674848,0.65079317263181669,0.6395834228517745,0.63440114912539103,0.66445743063805807,0.65608548027053459
2016-11-21,1.4341897257229206,1.2986355864801389,1.2443477257399236,1.236857076408808,1.2889102448360468,1.2087123365329691,1.2125402028390613,1.2052703191413123,1.212524593749533,1.2137157468300959,1.267003722896743,1.2771267725635422,1.2052290505733345,1.2197630723064372
2016-11-22,1.6584105868055297,1.5084758737484674,1.5311872871851486,1.576368557137287,1.6398020363323444,1.5776772222459348,1.5388175486768207,1.5502359903846823,1.5395122798338432,1.5472322228813897,1.5304605007507222,1.5222602012953603,1.5116605035894082,1.5420942257540204
2016-11-23,1.1102013715291774,1.057915266563479,1.1657662669934652,1.016380011121554,0.99729685039480642,1.0031956898578216,1.0043112535929322,0.98317901480226411,0.98261756776787967,0.98942828732828791,1.0149472927951102,1.0390416079898082,0.9593492340792813,0.95826207901194294
2016-11-24,1.4567222651379563,1.2599304825548723,1.3452262990098027,1.2588220496207483,1.3101347595866462,1.2322608390165102,1.235905386364202,1.2465647384876155,1.2491795883427521,1.2340658700341205,1.2477161859877683,1.2946025442736111,1.3005900847320524,1.3205388016424131
2016-11-25,1.0277842283092524,0.9010075068847696,0.80610526814281658,0.78053653328109418,0.77654440166596572,0.76965130190854936,0.7770252132304456,0.77484705946645194,0.7870527497343166,0.75728927535416912,0.77222162548148943,0.84596033806816873,0.81393412607017146,0.82827279637140505
2016-11-26,1.2189942566377887,1.0861541604979763,1.0731672207158749,1.0381926209586316,1.0323521969706089,1.0720765672110872,1.0161150904546261,1.0522277342376332,1.041348776128149,1.0281379547141138,1.0523319076810373,1.0810162945017212,1.1126132774274313,1.1142387288784996
2016-11-27,0.78733199432708634,0.83477405519284198,0.75319098661873685,0.72275573141142879,0.70716412942545304,0.73620049214031091,0.72135719248063235,0.72940816775652562,0.72357898171320612,0.71313540960692845,0.71827835393427875,0.7692469715341238,0.78411915755070161,0.78471838097797308
2016-11-28,0.90726569003328983,0.91598191017831965,0.78713392302949803,0.81756748698891346,0.79613853112946809,0.81439117750667755,0.80563567474052378,0.80167391315545822,0.80395019340316154,0.80245627708719125,0.80237521272908052,0.83078203622890401,0.76496205397267159,0.78906946321696025
2016-11-29,1.0292211352717717,1.0982506959487661,0.95771813448788334,0.85289348002368215,0.77723740447903655,0.81947717003988985,0.81749493019938801,0.82373999557859434,0.84332169935327195,0.80546271107244072,0.92326937790501873,0.86060055491984611,0.78069686253464476,0.81541251630903244
2016-11-30,1.2513165459219038,1.460954360909783,1.3099277200890871,0.87721359499738938,0.95035652222306966,0.87567261985073241,0.8672969330590129,0.86584352153792521,0.88719046649711397,0.85310198304114315,0.95355227307041535,0.94402272709621915,0.91259521284917389,0.91277681790254073
2016-12-01,0.91928185271366636,0.74573957700754867,0.75871620225687497,0.76351347753553889,0.79032201389658496,0.77391904057669159,0.74239416121699364,0.75704037014400316,0.76152760828513499,0.71720805848294911,0.83051188276043131,0.82354937034542441,0.75006073994074574,0.70080132432636355
2016-12-02,1.1161870144360586,0.80222865526959963,0.59040836136091601,0.53263657464685921,0.52417142278799922,0.53560979753566285,0.53367217812228529,0.52344673580547341,0.52279699228384502,0.52843139999265454,0.54572549555498173,0.57950951880078971,0.52645809147488809,0.53710137877051389
2016-12-03,1.172290083573976,1.2364751255617059,1.3472288994232409,1.4935836242231895,1.3062784433239047,1.5064376168422606,1.4763245216842924,1.4960489843876787,1.505949690045167,1.4448217185886942,1.5379285933783202,1.5266260074957827,1.4162188369787978,1.3659585601484288
2016-12-04,1.2172112424638768,1.2777189446949679,1.2876840528632665,1.1869362759076081,1.0724887053717589,1.1300646556347718,1.157073654292424,1.1707475149271418,1.2003164549805816,1.1433981557711836,1.2768659928611608,1.2082059152593176,1.1173472573533594,1.1020391933640379
2016-12-05,1.4733861503738992,1.3822984266561418,1.3870155893568625,1.1577118685227428,1.2772186801896748,1.134014509946137,1.1217266299293236,1.132571154433591,1.1345061258774234,1.1336485410429997,1.1926842282093535,1.2269006791181107,1.1978360927379561,1.1700695161737482
2016-12-06,1.5028413650280195,1.3955744959714773,1.4409186107592278,1.2427520647693486,1.3526663033665878,1.2519723249809087,1.2757192632801158,1.2691881051396392,1.2838743090170925,1.2630111263497159,1.2817232127350209,1.264734451630164,1.2481399120097003,1.2721935804295972
2016-12-07,1.2749080697552413,1.3796661488797337,1.4870866817392356,1.2394020363880112,1.1172121299663591,1.2343575958457997,1.2938177000153313,1.3003553728702446,1.3295513750748562,1.2569977088561524,1.3030090515126842,1.3213902964210638,1.2453690014681267,1.2915749311602638
2016-12-08,1.12461094276969,1.1263302619869027,1.2254966946129531,1.2046534706520271,1.0857472805003083,1.2096828233086403,1.1872675494861127,1.2179700986581528,1.2204984762334763,1.2036062971903043,1.1643461974466873,1.17332117989066,1.217400673702306,1.2885733578067011
2016-12-09,1.5842787382967896,1.530114955064541,1.56621137296055,1.6323050650578304,1.4611782802954443,1.545366392715589,1.5453610731684115,1.5664350766268023,1.5865971995740495,1.5318160293755578,1.4876381959581952,1.3838868182335804,1.4690911779989695,1.6303723522284514
2016-12-10,1.2054419042473303,1.0471513565052781,1.1254991920967892,1.1401648193586396,1.1026439578553588,1.1450840070450439,1.1527686387953275,1.1368178273779741,1.1409555121927533,1.1188015746858426,1.1140284784843664,1.1076991370395999,1.1658800295209211,1.1708980886396938
2016-12-11,1.207260657061745,1.074995188642891,1.0273195671548017,1.0571882099501451,0.96656521398752593,1.0425902217389873,1.0298170437978906,1.0628442146889623,1.0700388912484047,1.0303809679421838,0.96457354618958313,0.9404558459991188,1.0046664899244311,0.99998902885897278
2016-12-12,1.1329592237194546,0.73615073439440148,0.47908988316728079,0.43140060747300862,0.44520094267215277,0.40016978912804602,0.41207521325624286,0.40302590865153554,0.41925080450058105,0.39216450775411127,0.39235420206715771,0.47885381198751054,0.4021773588817007,0.39276460242047434
2016-12-13,0.88481526131040966,0.86322816301220917,0.85842084209857483,0.94344349895573199,0.87176895205117932,0.94939844593414557,0.98722733917936578,0.96638218564222833,0.97804518997827961,0.93763695665424363,0.92569571735542666,0.92308665416116942,0.9765739612207236,0.97810200514104861
2016-12-14,0.63993374131815783,0.65837994460363392,0.63923351637675752,0.60603529575946979,0.58083213325887684,0.62409390955097133,0.61458614779355913,0.62011232038273945,0.61953438918105774,0.61081125363709465,0.58132134532346524,0.60803026374450297,0.62315299679495384,0.6484126996717926
2016-12-15,1.0797309708859362,0.9181405190804538,0.83064196612210439,0.79028365906424314,0.80193236105345356,0.7509389416671387,0.76610233665549132,0.76948561015705796,0.77472227518327152,0.75587912931125534,0.80225380327881923,0.88388626582837015,0.79064041364187521,0.77993773573333258
2016-12-16,1.2786981684065981,0.87349613312466046,0.83970706428385666,0.77324177397033989,0.84295077079807057,0.76739677850234855,0.79436073292418552,0.78254041961509591,0.77625277955624905,0.7859491951947335,0.78671725020341421,0.83366679609013838,0.77937443664548667,0.76566128459156757
2016-12-17,1.6477241181645312,1.098866670007586,1.1112380186971542,0.97829297377517999,1.1906977170281687,0.9939031568206691,1.0100748941803239,1.0086105845550686,1.0085311850537146,1.0190838987674156,0.99453950999945695,1.1317773846310062,1.0245706533458554,1.0554826125627297
2016-12-18,1.1818929227881527,0.8837194461174146,0.83144585071634325,0.85202704787343664,1.0328570694515031,0.81438679960552385,0.82230451254713799,0.81338529346427746,0.81880155142957112,0.85795396061402884,0.74521967064717032,0.88108793162456966,0.77636690655497731,0.8068048116041977
2016-12-19,0.60173990430021074,0.62695594245831299,0.4662995067928048,0.43897400098555212,0.47136384063313286,0.44130664156879218,0.45677781686306002,0.43696594867287608,0.43850297803185806,0.44004464841201868,0.42717306873888861,0.52128032469378327,0.47814024801027694,0.46954701541633564
2016-12-20,1.3111254856438221,0.93143037858620004,1.0266632762437986,0.98321471389655413,1.0114386977265208,0.98966896012211469,0.99665982296682187,0.99070331180775817,0.99150998226261389,0.99274752016370749,0.95245888867649264,0.95891814276214571,0.96671477333439537,0.99553373247224708
2016-12-21,1.1980888764076982,1.0541815466568445,1.0710339522542935,0.99413201350235458,1.0776463645013761,1.0173204790906449,1.047804771536577,1.0365686494748181,1.0610308591724167,1.0373777482202888,1.047919011508873,0.99969257739225192,1.0510301220167566,1.1232069361823565
2016-12-22,1.0323136974938529,1.2243211220384298,1.347656309684532,1.1465443983007046,1.0243280487204025,1.1510742556430376,1.1464023025143053,1.1590403070157056,1.1811434316002687,1.1195700822496424,1.1939419983809947,1.109520431764939,1.2856991026648048,1.247739636070929
2016-12-23,1.0344052135769468,1.1790204270099862,1.3461499331852285,1.2371334451071092,1.1488271953311868,1.283329588928243,1.2182584688064604,1.2621059899648661,1.2586510634571855,1.2473348471494119,1.210249944027278,1.2183073295703009,1.30878910299175,1.3365717270945128
2016-12-24,0.960452355582601,0.85159566382645135,0.76958548354008727,0.96077621799032276,0.90088693474493653,0.99658990120235391,0.93375198723166397,0.97366952318222444,0.97112352015814118,0.97113883334753348,0.97401081830387726,0.89410260673610009,1.0627049620803883,1.0196991766548233
2016-12-25,1.7075259865020365,1.1598065032478551,0.71890317976771545,0.64168392026229726,0.65762591337075771,0.64019090290943736,0.6590406829904869,0.62287702419942914,0.63062882925670705,0.65369408513359695,0.6417532591750148,0.7143561166112351,0.62774943620313961,0.58607169838036688
2016-12-26,1.0170621751649835,0.79402675653279842,0.55423880370391654,0.75907963001383938,0.73502946020784399,0.76918790117766545,0.78045014935242396,0.75926242875087957,0.74898120428448345,0.73880791888966957,0.6495074207727114,0.60174527944464662,0.72341814892914058,0.68727761206149462
2016-12-27,0.88116888593214537,0.73384631127055033,0.58750879652826427,0.56842607571977899,0.53295041700459067,0.57171528076133882,0.55450664429928753,0.58351735174715735,0.59114437450823432,0.58027649132389636,0.55499334887791296,0.5269627560903386,0.51303845179388619,0.56090307561799058
2016-12-28,1.4251819976932041,1.0249611868865731,0.77389567942286042,0.6392594934659237,0.70705027373432605,0.63593357859073618,0.62863180412858777,0.63357242208013098,0.62234051147448388,0.62965892210212115,0.62606513963444976,0.68900783745508165,0.63155036711986445,0.61414099743592432
2016-12-29,1.0512832975186297,0.86352139419930762,0.85676449667805732,0.74619763312545151,0.74456380639632225,0.76381216660445883,0.74940182570967373,0.75912909137899498,0.7697696472318305,0.75996966946465039,0.81196666918086846,0.86631973686840946,0.7758702781038842,0.80110762896775023
2016-12-30,1.0632565792993558,1.0228670481665918,1.0927945009965196,0.98652562489430817,0.92647552746624173,0.96411121119043086,0.95375656607254189,0.96296485839334811,0.97755378195234011,0.95031482702967474,1.0182969465388336,0.97912356364788755,0.96199042535424484,0.98154163768757952
2016-12-31,1.4467302863057137,1.4327862094343473,1.4123523162004847,1.1407413143628595,1.1889435640990718,1.1220138011292753,1.0943477774254253,1.0928445010722276,1.1028810717969866,1.0937411247387165,1.1851709096364986,1.2182352406406709,1.1104977565768888,1.0950004870780281
