day,raw_ensemble_gauss,emos_gl,emos_bst_gl,nn_unk,nn_knn,nn_noemb,nn_attr,nn_hybrid,nn_hybrid_knn,nn_hybrid_res,drn_lak,gnn_geo,samos_mlp,samos_attn
2016-01-01,1.0351121247017232,1.0511109826512146,1.01888192142446,0.97096323647018057,0.99785530262324473,0.94395093631056504,0.93550533632397548,0.9258770933109236,0.9261597832586782,0.93324524883130922,0.95164071629692704,0.9536313714914405,0.96378827195626426,0.99880598585295055
2016-01-02,1.341294740591978,1.2067869764401886,1.1406419068250464,1.0969367098487033,1.1438478328688049,1.1214165418157753,1.1067167622272398,1.1568066214091082,1.1476679033556247,1.1348975141830147,1.0925394758664562,1.1019095663082752,1.1185935078298235,1.045182615998999
2016-01-03,1.0068895442906103,1.2291762077560042,0.9288940065828255,0.97627823976037298,0.89212713248625797,0.94718540972084408,0.94129805183545212,0.93820412583299251,0.95420393433348871,0.92538583977796951,0.77502754793722151,0.72027187771133228,0.83063395158264219,0.89598465638948654
2016-01-04,2.2237738267324163,2.4609910957304364,2.0741875986626379,1.9495458569526274,1.7759913278477613,1.9477323173803891,1.8943637558075059,1.896139131250745,1.9043423872425669,1.8888793090329319,1.7876684255876241,1.7438294202001299,1.830931976226021,1.9947163935276322
2016-01-05,2.4991205541001387,2.539146300973993,2.3220493357066645,2.2313785865670654,2.1067125353829259,2.1556419500880333,2.1235929497790869,2.1609665869974983,2.1544237858793078,2.1206107476933198,2.007478278863299,1.9673976987818751,2.0965059523127163,2.1283902066938261
2016-01-06,1.6945369775270043,1.6697448018325274,1.469301789146525,1.424488759165818,1.396981969094657,1.3798554831534109,1.3812924942480258,1.3709678279180482,1.3619438405452129,1.3543688858718288,1.2673074240091464,1.3050774443199225,1.3807998779786765,1.3885170875345259
2016-01-07,1.5203286432897072,1.5001057377767797,1.3641702788142189,1.4381772838892692,1.42341844333537,1.3649941271962223,1.3815250734050322,1.3815820796958835,1.3757978540618472,1.3290392888521887,1.321580928952423,1.373779037249458,1.3397637904770938,1.3210587817157862
2016-01-08,1.1545030877318514,1.0623016832378831,0.87430115087692173,0.96527231932317525,1.0100596699673516,0.92211486466751558,0.98383032394893288,0.95343660820349951,0.94796522961186758,0.97398279122257636,0.88529211626210114,1.0240400440392712,0.94742464343167454,0.93311415639522344
2016-01-09,1.2983065661762525,1.2250719887870676,1.4394576784300184,1.3509693594161565,1.3546603452744044,1.4210730075112654,1.3832329717757028,1.4137485026287488,1.4092084638540798,1.4177075938759023,1.3678454313217303,1.3919725910024627,1.3853774246836721,1.3661177171154923
2016-01-10,0.97857216044362028,0.95495539547764396,1.0306346167954397,1.0212615267691045,0.94207229561608508,1.0203664223122371,1.0268486760642292,1.0564887790415105,1.0488930299112171,1.0183441589503572,1.0468614562043639,0.99965844666699188,0.99296619962303856,0.9691048850716284
2016-01-11,1.0359434488074275,0.83344666056140704,0.61647447666324839,0.63259313188541721,0.62424471493996303,0.58367654427361548,0.61815561801188523,0.58940936356732188,0.6018396413682543,0.58955487124039507,0.61114430767565786,0.60781933666095811,0.58588055256095495,0.5954252423087476
2016-01-12,1.3052189255306017,0.88745067748965656,0.60714752086241996,0.59208341027368894,0.65950484849269753,0.62849568241818343,0.67111296548120858,0.63796887712509354,0.64996358373142649,0.62327096341256982,0.59409558592271439,0.73483180468260756,0.67730943156428602,0.70699431659374146
2016-01-13,1.3366892415462861,0.83546157370219365,0.62007629843359713,0.51172445944365419,0.55721079412032593,0.52795864001407444,0.56243737872920929,0.52001712300334313,0.5222462558357438,0.51189243819006036,0.52551182880330638,0.56521867042216312,0.57665497500675889,0.53652389131426348
2016-01-14,1.462986753498714,0.92382275437641381,0.77741596146292669,0.71134690009135715,0.80653569722651852,0.68655251655654081,0.67494448682120567,0.67488534336245942,0.66013446920149477,0.68803577009720462,0.64480748762506568,0.67470169794442214,0.71071662015913473,0.70089337528784179
2016-01-15,1.0782071366133192,0.76742339330924791,0.52935061981815834,0.51479763872930473,0.50771286018177608,0.50397596222864771,0.52253373844328288,0.49654579861781262,0.48702126706466708,0.46279240726480086,0.49756645283010364,0.51605596829070988,0.51205049032297878,0.54087958930246949
2016-01-16,1.2108812163453995,0.72008407341263569,0.53937265587914718,0.46346624665077141,0.49261627662134877,0.45720791237085895,0.47391752735403314,0.4448691875730979,0.44028037999276387,0.44236302416046708,0.45199247479757759,0.50020058753278362,0.49787444947476472,0.48264338097546067
2016-01-17,1.260067790390655,0.77267077530122141,0.65386140831269857,0.568545633404831,0.62344011203466609,0.54633440568327607,0.59960449354405887,0.54090952898990041,0.54784930633742057,0.54905928190783038,0.50558813553549409,0.56257932217551054,0.56376884695583473,0.57291575196059941
2016-01-18,1.7451206417740761,1.8178848440990758,1.6301413100803626,1.4040644490523291,1.2972046456127488,1.4669449613266226,1.4463714701463504,1.4758920046362378,1.4561894663163548,1.4086802499601965,1.5503056285109933,1.5810291116803414,1.4384976977064223,1.4364766265182469
2016-01-19,2.2852200747836409,2.5655965188596626,2.2562417033159901,1.8855744311195999,1.6172472398786479,1.9013906689750655,1.9364189494106163,1.981920823589383,1.9948062252499299,1.8758455573570143,2.042091593658554,2.1911938938301172,1.8599336261834325,1.9469669981787903
2016-01-20,1.2815223531220787,1.3007895992328804,1.3258448501095546,1.2218482949545924,1.118227834874467,1.2734187034753675,1.2696414596739842,1.226258937714185,1.216250856140483,1.2354586075557357,1.2662549126163622,1.3000490836994985,1.289568591344336,1.1734503381575159
2016-01-21,1.6469451298366062,1.2440459125632417,1.187648058972623,1.326531369245816,1.3022215591156709,1.2867502994982414,1.3801445036977928,1.297238321945873,1.3047124394709575,1.3115592209841043,1.2208386094724584,1.2550489987047335,1.2702738752900902,1.4101491401982478
2016-01-22,1.9406269958904714,2.2460687140859545,2.1895367191081676,2.2501022439021576,1.9236548292663105,2.2130114308518438,2.2520710301174605,2.2492793742709742,2.2600260949115389,2.2460567178868525,2.4064172703617501,2.382565709493293,2.275065261759011,2.117152680669621
2016-01-23,1.5789897800731358,1.9282620465956208,2.1450243248650955,1.8978501128799281,1.6828446860660324,1.9461295612678764,1.9120381263448685,1.9225090481367575,1.9297371522312787,1.9629791711947737,1.7625284339045519,1.8783637385851304,1.9579037155255095,2.0193695339976503
2016-01-24,0.88970653537238487,0.70006687191452521,0.63763108867149187,0.60075201007146117,0.60757873411608387,0.61107348161425568,0.6262089508318559,0.63103459908053472,0.63857257160936465,0.6347257740909823,0.59047583615217281,0.59754100110102359,0.59690956939935103,0.63527052394523231
2016-01-25,1.8492564891627368,1.330597612293891,1.0356836616966316,0.81032077516606305,0.8787466295793287,0.8306849237770948,0.88974841777584435,0.83711807150646778,0.83074183600330953,0.81373192993840904,0.92126998568337082,0.91354194118722454,0.87836665179892126,0.9009574325694697
2016-01-26,2.1226061916807346,1.5821033530660706,1.505709888694573,1.296365245627926,1.2967102313774312,1.3304282145901949,1.3993543790208771,1.393528711792088,1.3792777968634595,1.3358393186250734,1.3332430636576555,1.3606681878839477,1.3175825043519505,1.3327846141699968
2016-01-27,1.8518986179260466,1.4033204901088958,1.1651161276097686,1.0244448300803277,1.0096859686934956,1.0089711296281572,1.0477027616766577,1.0207938531346157,1.0172671097520647,1.0248097628714865,1.0173423995431268,1.0659031438716349,1.0288130367440684,1.0130126906597636
2016-01-28,2.1164733667326541,1.707424139099591,1.2602605965683928,0.97039854066918263,1.0356597452314158,0.99252912812124594,1.0743965318644222,0.99373297648333236,1.0135730786479131,1.017290957698634,1.0268380926387859,1.0701260086145277,1.1229399774573499,1.1856452028588977
2016-01-29,0.89408271814243634,0.78111930716673605,0.74263775092418971,0.79041108109119129,0.75791244596122964,0.73550444239486013,0.76060806327486941,0.75361341389536729,0.76710561393421428,0.77260283955842579,0.77823180609797404,0.89570536849093307,0.75982566986336797,0.7659273141774291
2016-01-30,1.2118671390339277,0.93657601935684343,0.72717511071037366,0.79641439114017831,0.72845124590259402,0.75906640867763375,0.76257231628217736,0.7777783749313486,0.77439144333433663,0.78184532404870599,0.84915083605424913,0.91271931603159739,0.81681895721787212,0.76153487532774833
2016-01-31,0.81111340052826875,0.7450786453115017,0.57214476177796292,0.54706303705923054,0.52441199029091601,0.52264856801146031,0.5474936181335871,0.55931969215190835,0.56159998105185216,0.52199839765892075,0.56443981430434775,0.63527626207777765,0.57483221404308715,0.57835275448507062
2016-02-01,1.1649179852941516,0.98028618147108371,0.58589332448518072,0.63590814775001359,0.66317310015544628,0.6434290548324022,0.68125775943968614,0.65506165205983757,0.65933003082771291,0.64314729241335999,0.59558743184812246,0.62533351927885927,0.70433999229090327,0.70063888358258186
2016-02-02,1.3868440567471028,1.0109345404278085,0.62181580666339442,0.56074929503436033,0.55062692167899463,0.54142015476559657,0.53924622690889035,0.55598259533947036,0.56961511899464778,0.56496157517592993,0.56274811722770435,0.63818322409000916,0.54980505870906338,0.61995951725641041
2016-02-03,1.1105176611965359,0.87827054391835613,0.64543945494990562,0.53534487026671795,0.55419217822284861,0.56916183867047487,0.57247512273570034,0.54031765237320106,0.53892536304407224,0.53848599800014896,0.53923797626497305,0.60735913243354056,0.54425833649030186,0.54685823277242085
2016-02-04,1.0544349909478394,0.69311255962216678,0.45770207013850034,0.35734915870053796,0.35433077571283284,0.34684980533732862,0.39253224522654911,0.36317700280897014,0.36766513854606975,0.36730629333897186,0.38303289477613156,0.41058899180421787,0.37128929811896194,0.35695996999735013
2016-02-05,0.78594277198947149,0.75205017480763814,0.73531815237117593,0.69757252392985447,0.63479342696028007,0.65591327726158821,0.64089722353719603,0.65445011118717689,0.66155396969647917,0.68693996679095526,0.66705923511245679,0.67502898181042914,0.64275798205853962,0.63133313614612252
2016-02-06,1.1752212928304469,0.94579962612042046,0.87140133620151916,0.83373706344397991,0.80798367828930573,0.85622513273084155,0.87389983385997583,0.85520592980147891,0.83574411737118359,0.86678489281036375,0.80088289694967563,0.88300393918117659,0.83695685279637422,0.81021262931575622
2016-02-07,1.4789966910592391,1.3302149007926429,1.333557672354891,1.369207088825537,1.2792734991565793,1.289576191474225,1.2920160076741836,1.3012572202549861,1.2994268670835825,1.2965739352448078,1.3711688163126683,1.4051422222808592,1.442969113225594,1.523883675153731
2016-02-08,1.1903501537921928,0.85008850766732191,0.57317366241525436,0.5664803822874348,0.61475261322061836,0.54513710043293762,0.59227636414212992,0.53070335450294115,0.55461236785904533,0.55351638321011176,0.56087926990371628,0.60612644385132886,0.49686297954612829,0.47820152697958762
2016-02-09,1.1303820762018544,0.87127633577533681,0.55328156441040299,0.4844672173884641,0.48107960470145472,0.50273196893723981,0.5667706101939366,0.50232276832319744,0.49821083639061037,0.46500022254153883,0.48501084103296538,0.56542646754132442,0.47790221652917286,0.47879958018920443
2016-02-10,1.0038790845226826,0.87230987696380313,0.70280549565763095,0.78369930291999557,0.79458904296311195,0.69859089720411693,0.75388858524126545,0.65534563006011881,0.65793266361745928,0.65119249326461459,0.65257255403580106,0.7446683728284893,0.61611009116966875,0.71744098132618095
2016-02-11,1.2360921396501561,0.79155500205497675,0.53173787919621429,0.43114775282309203,0.43966023974197999,0.45380081892209323,0.49541922809535766,0.44382088569627381,0.4568489965149331,0.45082995382981222,0.46703392626914692,0.47868818053508178,0.45171924577172401,0.46517629200118116
2016-02-12,1.187866732879107,0.81140349899377462,0.70088803219283846,0.64097136787284825,0.70652332913848337,0.64959519630129881,0.69073954625532541,0.64025817775382632,0.64446783352067127,0.64676174039553536,0.63182177090098801,0.67714545259913927,0.69457593067865964,0.6701429905690568
2016-02-13,0.90105561468032558,0.97750804934186741,0.85317728783415414,0.93967737903740178,0.84258703228370879,0.88029530052165972,0.89032915069973417,0.88498006883706226,0.89711393620966129,0.83809863210080204,0.8717440308615978,0.81207994225337066,0.83424084447455216,0.84303195962303046
2016-02-14,1.554725038198878,1.1173925752803568,0.9704963073423486,0.99484845487735507,1.0511381538324767,0.95815039543244107,1.0213382678461183,0.94198596164327408,0.94978538382210154,0.96101924826064389,0.98923357224812047,1.0844677143489814,1.0216913487806827,0.91267827854849914
2016-02-15,1.2746922718163034,0.90666636811293455,0.76393577202579599,0.6319246552623089,0.6911172906633154,0.6437435310055809,0.68022358620003021,0.61615869055696326,0.63216656409758432,0.62114519014478942,0.69631690169461813,0.79162142192285434,0.64305694260032276,0.67669189922567441
2016-02-16,1.0779994665980788,0.7989348182379975,0.63767026364355428,0.60173584598619789,0.63160350413890121,0.59446848492836735,0.64935800568673585,0.6022254946113571,0.61850927617445395,0.57446659922017984,0.63214831283582862,0.64682254099122238,0.67067170667319564,0.70273616214740309
2016-02-17,0.90173067064292189,1.028498481536176,0.77262812358265476,0.69026643297011936,0.68169670137289884,0.72572486003499459,0.75358495596631769,0.7052441867082867,0.71061033877277169,0.68578785053258817,0.79323890515667417,0.77335730203635344,0.74855225690428151,0.69554289833465355
2016-02-18,1.001178114402018,0.76586759152858963,0.64119409685241402,0.62476579544503863,0.76110913932322877,0.60256707543692178,0.66069729221573592,0.63164401569388817,0.63073186360814804,0.64282783539127319,0.58951848599824663,0.59203947644668709,0.6350340739302992,0.61222942219190968
2016-02-19,0.83366159085909752,0.88935486111648021,0.84092907972917419,0.81369920154094244,0.76731182196942582,0.79015153142733185,0.80022420245243442,0.79887918372348943,0.80749035040618,0.80551663462933842,0.7783120819085213,0.77364575275783265,0.76852555355894547,0.76430779775130198
2016-02-20,0.94133995356440203,0.79729416651839069,0.72012521947593877,0.74600181375074348,0.77762309006057806,0.71043611516421734,0.72894166634565338,0.69197747204504012,0.6961310512924811,0.70994109882719481,0.66409028654473756,0.69758390707479612,0.69786806772712384,0.73763824401267775
2016-02-21,0.86538473934934468,0.83889801317941448,0.79013176615140901,0.80181318389393774,0.7497762181245704,0.79734163265430491,0.80967826223740114,0.75587861806288981,0.74511812490399643,0.79431996184593279,0.81002539517676408,1.0761554374363063,0.89560085212038487,0.83457749555805694
2016-02-22,1.7716635939198373,1.4098552988286535,0.96753078709213769,0.86427609429831465,0.89115510282857568,0.8742496066630262,0.88245775460737386,0.87423484374795202,0.87509145595126825,0.89935109072436914,0.90476955151826244,0.86719652962173277,0.91525785633286472,0.98827936082478296
2016-02-23,1.5594410168117381,1.3441596123124373,1.2610276102045568,1.0723796703522781,1.0574040781169609,1.0767146718194822,1.101824771345689,0.97866131914024812,0.96922098516808086,1.0263711311732324,1.066715975878882,1.0719786172744545,1.024249622495657,1.0864614080023829
2016-02-24,1.0814572860739475,0.69593915605531531,0.55711638719973933,0.50253292960853857,0.48336974820867418,0.51233102114944296,0.54278645468519482,0.51918966752964701,0.52168488655454737,0.52289195158012836,0.50897681828894004,0.56224576916415836,0.52490110768723852,0.51466813416591084
2016-02-25,0.88020658437724708,0.70968847858178963,0.61570958886672988,0.66473527830499213,0.7547765897073484,0.62555765812853525,0.67700741356032246,0.63472750864845662,0.65547658158178823,0.64780634822133454,0.61929262617716807,0.61877330177134926,0.6186029994983171,0.67153999278894339
2016-02-26,1.2852545456340954,0.85103333906563439,0.7922671912994067,0.77171308280236894,0.98537230146079291,0.74533902012803743,0.85123217534642048,0.7747357588502285,0.76671794926325432,0.77532214318937664,0.68308963146474799,0.77291692379709775,0.71768619496566732,0.70478415234303704
2016-02-27,1.1463056697709315,0.94420379798629916,0.86221250603228261,0.80617970629935287,0.85405242165959927,0.78978252238648705,0.84687583064516847,0.7893426509311261,0.81000190471258238,0.80293008508889663,0.79795431012658724,0.79243622657507362,0.854271531632397,0.85335313986262029
2016-02-28,0.87276271016972318,0.87505665303536206,0.82129169562225279,0.79500551762546401,0.75827693819132147,0.77036656720277052,0.81440262073184799,0.80260199802407095,0.81344307569629137,0.76616066979976305,0.81594803085804368,0.85422816318431993,0.79888153443918231,0.83093347694411868
2016-02-29,0.88551171874026502,0.75588513360120591,0.64030307805747388,0.60023676397320636,0.61973469433454265,0.57670464168501445,0.62803030901148849,0.59130704448526339,0.59701211586288472,0.5809724238222107,0.6261115377691665,0.65512764149131797,0.54584132440964772,0.58291744150930069
2016-03-01,0.8266592310840335,1.040769534925956,0.8952256373873787,0.85398385930334408,0.74210961697316369,0.90687217812398324,0.83785309939696351,0.83097754176117444,0.83357831124929072,0.83817471062709337,0.94483872059540031,0.91470619971117739,0.79408352061154164,0.75743666648693952
2016-03-02,0.87800834932278538,0.687666577421848,0.57441875318118074,0.47531078950721439,0.4795169200171433,0.47818021489016871,0.50805469701224315,0.49941474930150437,0.50524119378453736,0.49323695232813952,0.54757877010588329,0.59789695565740009,0.50149464431681923,0.47605929633938832
2016-03-03,1.0705472465986463,0.80902745258147124,0.60318002083057898,0.48303910409690037,0.51579268444590787,0.5344009591560549,0.58108341490156146,0.53723664079790923,0.53328159914049811,0.51931120537601116,0.55418051682100966,0.64321189521736044,0.57913012411979681,0.58344794437158887
2016-03-04,1.3577566868904973,1.0000915220469364,0.86605249495849657,0.84727881294674956,0.85222490807190843,0.83695284505768852,0.85820012774021903,0.81705864962013997,0.81782029135100387,0.82164320724332773,0.81144569617803308,0.84467522193029898,0.79947460895619082,0.83535778032598695
2016-03-05,1.3300770954361079,0.89997133546368202,0.86182013214999575,0.77760495260538431,0.87798060471501849,0.81338466806191412,0.80685181298571473,0.80722281929784723,0.80643623432797074,0.81334773239607727,0.85664019402611469,0.80482320747081126,0.76715816246595703,0.71814351772885154
2016-03-06,0.99676310307957372,0.78558024907243984,0.65189255790117306,0.61422402735826254,0.62129024245944431,0.6543312612401172,0.67352781850296262,0.62232094298040386,0.6366147377969581,0.63778053995770922,0.65137014000987503,0.69331587480009138,0.61136444386610422,0.61645804203114518
2016-03-07,1.4049106403233538,0.89209371119207781,0.75585230455238073,0.55360077427009347,0.61154891470194173,0.55796516714573718,0.5807955057833154,0.55663939642677285,0.56776251064793271,0.56111011256787213,0.57151546099704753,0.61654649729609845,0.58863100909979016,0.57939074759790665
2016-03-08,1.0215262783427768,0.92256424536936077,0.7781497225266546,0.78330852956158725,0.76685679380596394,0.79365938123784119,0.79992606910056818,0.78389591410971371,0.79711736994853089,0.7553147653214034,0.81021813270371112,0.80371014606454461,0.77594029008733256,0.76882222484000928
2016-03-09,0.99529540677234307,0.88457731379262872,0.7852197075836409,0.7024863153311558,0.77800229303436308,0.70380441680660955,0.70717490078489931,0.69131649105095827,0.70971311190611941,0.67898592299091209,0.72415856692415137,0.72726337649099837,0.69788335394127599,0.68582148116738384
2016-03-10,1.1473039608652922,1.0503391594670712,0.99038574143697256,0.96967365966603913,0.88696058085206664,0.94966479160842354,0.96758445980783325,0.98387076087628567,0.97829817620053083,0.97449576488126954,0.98305213214864862,0.97145293112222997,0.96100344068491128,0.95932120969146328
2016-03-11,1.2902499311134021,1.0216656185850739,1.0123660209338001,0.98226340088568298,0.99916036640720352,0.97894199946248184,0.98881635869139484,1.0232564240271218,0.99184395262157621,1.0606414189056315,0.95466258662927739,0.9356207439495513,0.96890143876615764,0.99280593600554434
2016-03-12,1.3661623617879313,0.95894809516026425,0.92201767475031882,0.82316960537025807,0.93387622955680616,0.83967146579722651,0.85596100513545492,0.85024199021609426,0.86307970385102861,0.81358721832823555,0.82922182915069209,0.86577843876238103,0.79757486787225063,0.81283246294311573
2016-03-13,1.1026467241621121,0.8711746700578874,0.74495006650029327,0.67577895126577625,0.7101368035167045,0.72040814841084611,0.70656364772156988,0.65384815145185349,0.66926036492022123,0.64625037977189681,0.70518934213960527,0.67123183564045452,0.66780803675877232,0.56848684213135248
2016-03-14,0.99878856877112188,1.0247409526182842,0.7867559327091963,0.87496026420275808,0.74437309884982716,0.92395139090139711,0.88840758855987645,0.85338406483105278,0.85169020128155803,0.8334373369756366,0.88933284551607161,0.92654508188444273,0.86983769120070875,0.89918184140517488
2016-03-15,1.0303922808302921,0.8164964532191924,0.84363094293891783,0.84378089081762098,0.87359217928274946,0.82997352165600835,0.89181625953393096,0.9042289178502948,0.91856247233107191,0.91739218214564267,0.8385609400100198,0.85510914948696914,0.86841659640511348,0.83220394539675568
2016-03-16,1.0625468970162728,0.72356444754312965,0.74118960842819404,0.57862665872317687,0.62672439066536945,0.59669290117679341,0.6734198763237319,0.59880158733927635,0.61393701258067701,0.59751578826518637,0.69332993541333143,0.68208122895665124,0.57032841747049756,0.53348210548464292
2016-03-17,1.0397336843397238,0.91520365770980228,0.87719836952796926,0.86176137549245801,0.81876784664481017,0.85448788223399663,0.89245394880510909,0.87304977949309281,0.90162956972971886,0.86927949799545889,0.8653125826815955,0.96437751291057694,0.86208338671201279,0.91218590498781793
2016-03-18,1.2045021564551195,1.0513467806905099,1.097758927513945,1.0753517989770907,0.98456546171235171,1.0046061793868026,1.0580553040495697,1.0520980871278989,1.0726966074872168,1.0788926432050689,1.0232173655441985,1.0388866988520618,0.99655996950847248,1.009664272243924
2016-03-19,1.0362555910897566,0.85878111337351593,0.81403852710281532,0.89130810389666626,0.81163398458891511,0.82904834881522704,0.87438898072850102,0.89405520048572096,0.89958986182209355,0.94463750623500997,0.81741939272124764,0.83333628912973579,0.83426565763870653,0.83771529270427081
2016-03-20,1.2129056529151758,0.77369847361487665,0.74557385576690982,0.77014262374377662,0.88517416937161841,0.7552876860864961,0.80701988322753671,0.77582903690241412,0.7895119019044663,0.85984700639948919,0.74228043654861509,0.65812070983858639,0.76167586405287813,0.78362506312164404
2016-03-21,1.072666579288166,0.76547198899400082,0.6812251997179527,0.67698688388855466,0.70813282153230839,0.6877023202565794,0.75911712449517155,0.73817884602952821,0.75383835823243051,0.77338883209744069,0.69332022798084281,0.67318955454146734,0.76492076723910929,0.75858139437626326
2016-03-22,1.7342102203443222,1.0735846601135643,0.99604754559728392,0.85455753616299723,1.0202324771966695,0.99969701687395696,1.0048525718089945,0.92414738474411273,0.9531897042921641,0.92768796354285643,1.0022065537447937,0.95183931721732851,0.90272575143643607,0.93349442288393203
2016-03-23,1.6015893600139655,1.087781700747797,0.95233928798075251,0.77952952189949953,0.87185188583816187,0.78874123965427922,0.84548077265183408,0.76050566454074731,0.77629321642347782,0.73215220585663121,0.92797624301927795,0.84294639239264335,0.82468711997618305,0.79652087928446746
2016-03-24,1.4529980095416828,1.0307625290249507,0.98002755885627457,0.82585079430888975,0.86963836893226265,0.88697575333481249,0.95155528611852458,0.88121080803065321,0.89159394181613494,0.88061310219631528,0.96768140923363377,0.8847624393039335,0.88561246092395185,0.87720057477520563
2016-03-25,1.031934425718793,0.77918909025376615,0.59154130807416672,0.57715873907143078,0.65693672839778283,0.58855374626205015,0.62103503681878647,0.59477505248076978,0.61130922307225333,0.59052167627695584,0.56185386487336286,0.55008927722716627,0.57154733413969872,0.58176013232997892
2016-03-26,1.0135477194103111,0.827758867189335,0.67028390767687618,0.58388170674337847,0.65787512773682821,0.60273739808882243,0.64368172417210912,0.60141331981954493,0.60413981346007029,0.61863410814836417,0.65954010546680553,0.68350761536676219,0.6219762888137178,0.61367879896491784
2016-03-27,1.6694407980693817,1.2611992464414241,1.2637370134318222,1.005130232360502,1.2152198151523146,1.0101069198635835,1.0501660664462644,1.0474814476696308,1.0445350737205807,1.0903372221968,0.93353677188011797,1.0087652912058351,0.98613785398168452,1.0039196289039911
2016-03-28,0.95748563459827662,0.83903087390463915,0.77961243402852154,0.80905670233165872,0.83020717120852627,0.79981863192302682,0.8801227430989389,0.85136334072457553,0.8673584120465464,0.88424224022124542,0.78299754960661305,0.85040236791412549,0.76936252848756348,0.80927273057976479
2016-03-29,0.9078049018048262,0.90233160824971881,0.75183767815282443,0.70042279275972941,0.65438316504453042,0.7186563665124911,0.70608961288012773,0.70963082290255375,0.7138752944796849,0.67882122637040532,0.75158640566218293,0.80951458439554058,0.68620198465524773,0.74224178205438707
2016-03-30,1.1931153689760239,1.0865548693158587,0.94352007800219662,0.90990637124265672,0.86864806531001526,0.89409250317505351,0.89838022456916089,0.91175333629872857,0.9146656782661684,0.87429671611640614,0.90761703567137153,0.95596172933105561,0.92677882040289683,0.93959781725797886
2016-03-31,0.99204774917619631,0.84331152111314278,0.6639733212116663,0.67298101309470371,0.74222278292526755,0.67740501218865457,0.70473499726287814,0.70219071272955835,0.68860486335024718,0.69522479933463022,0.67198062666249558,0.71360060308013862,0.69774553898068747,0.74279796668263176
2016-04-01,1.0601335219988546,1.0340833898060389,1.0012757730053634,0.97681619742851789,1.0023681163650537,0.96702071915572718,0.9449033276887101,0.93845419651256756,0.92315151609174018,0.91093131750478029,0.90541560958366396,0.84083938217324783,0.82933971512438875,0.85977392339701708
2016-04-02,1.1777039609516344,1.0260662702154053,1.0243694763935332,0.99640988589999768,1.038374136930154,1.0159016963100509,1.0611580108379737,1.0329199204597479,1.0391026483433186,1.0503043495626163,1.0035313601968938,0.97988757048120478,0.94899193228715906,0.97986970882684721
2016-04-03,1.3855924890041955,1.1484187039152889,1.2254581051437585,1.1219118570984454,1.1412388751168483,1.039884891898436,1.0908369482138414,1.0855697814592937,1.0915680650455339,1.1047977987143383,1.0880458885324347,1.1054079600261899,1.1218846764554702,1.2033467306556587
2016-04-04,1.5958772355669195,1.3686313207404472,1.2724070582832845,1.0836546475509836,1.2501128796014038,1.1102229103113939,1.1179285854760295,1.1141144856234522,1.1038510113069444,1.1036851690228726,1.0706981348714861,1.0896201659331199,1.0853435994103908,1.0847265592038151
2016-04-05,1.0805248308523931,0.98455815071970154,0.9760474367870684,1.1177253743136144,1.0658380365233966,1.0311089024136872,1.092646996524326,1.0848630308845868,1.101657869882422,1.0825650570258538,1.0354794793920548,1.0731832725897754,1.1007893458868296,1.2302364889448081
2016-04-06,0.82790174543877981,0.79228548515791442,0.69247192977950467,0.65869008615359248,0.58863546740267803,0.61645764463166508,0.6247258441787602,0.63556625987502902,0.64266688390164961,0.60576762678058382,0.65770792457488725,0.76981091832503201,0.66720330677615403,0.70727924918594953
2016-04-07,1.0472253224710555,0.94412253883178976,0.83673820026038259,0.79527412675396481,0.90416664929990009,0.76517412072934576,0.80357432081333691,0.77135975713712612,0.79198662148137311,0.79717549707735547,0.77899704339664633,0.77819778246018745,0.76890445937222862,0.78792113546414977
2016-04-08,0.96925488266548532,0.92375137596832302,0.81363247682770101,0.84464464259694905,0.81164147166315492,0.81260896269707827,0.81712853674285524,0.80023380555176771,0.83134656637972693,0.77496343218083541,0.78486805097541168,0.8097485117988994,0.77837570822530955,0.80359885259724917
2016-04-09,1.0932943268808577,1.1423527055487308,1.0008713722066469,1.0141812160623029,0.91448147632410104,0.97744925713104569,0.99543652813852113,1.0114602618582733,1.0508100006425005,0.95403068635128629,1.0184678726317098,1.0153311081115803,0.98640986770641392,1.0225031693485704
2016-04-10,1.1199713140664183,0.99937152116906425,0.88618690428470004,0.84819461499848148,0.95499082937631485,0.84885130100051553,0.91850811766544727,0.89267106847196809,0.90389606746195195,0.89399863416318404,0.8706668241770954,0.89125113577810655,0.84575161201392512,0.86216643312627739
2016-04-11,1.0176447397980211,1.0142184230188309,0.91779835092529027,0.9127111372473905,0.85334987368958548,0.91999088812574337,0.95247066943663028,0.97416255337472579,1.0027488001036162,0.99981349161962696,0.9321068926735786,0.95782452584896305,0.91970169191318252,0.98778210363033014
2016-04-12,1.2512284405317962,1.113029449236534,1.0390272561701273,1.074355988551166,1.0016105808319478,1.0323558164495412,1.05980313937312,1.1167788533408671,1.0876261039795481,1.0529834757277292,1.0207878008094895,1.0276877833220124,1.0886524289395445,1.1329393703724657
2016-04-13,0.93631798401832045,0.91240309413807452,0.93288724997828143,1.0224053286407848,0.89664255592686837,1.0242017778797952,1.0133259668455445,1.0216720085013762,1.0416631869669573,1.0220781490869832,0.9544983710834275,1.0170808095380257,1.0128013987874587,1.0977592787465666
2016-04-14,0.89546716715774821,0.79902991458705708,0.67349669122632783,0.63590453102426991,0.75637031293743817,0.67182467543761437,0.73238063936356967,0.70631648800132341,0.70725139239988288,0.69732996193634156,0.70363389067653781,0.71700473255478903,0.67974224297924635,0.66352146933536382
2016-04-15,1.3109596522035245,1.1935201350744935,1.1321478505379516,1.1607334234263966,1.1664319912318355,1.1825001168671951,1.2434625841376645,1.2260632026129796,1.2539303485173152,1.2025922407780354,1.1443418122783686,1.1837676481045987,1.1619710394211393,1.1467308155997447
2016-04-16,1.2617907160965416,1.0193182347762333,0.78695764957707137,0.81035908217361974,0.98755504337497468,0.75479498865488381,0.82997201779774121,0.79945698277852195,0.81833653634512504,0.80082681481717866,0.75116326709676462,0.72782731870552175,0.79211513421002289,0.75385372717090715
2016-04-17,0.82626829049555606,0.78560269971667529,0.60939376383486077,0.58083983724865218,0.62474859983058817,0.60328170999975772,0.63917640452326674,0.63647055520638418,0.63360094427111435,0.61684172430602724,0.61884970066649225,0.67414032938571589,0.61367754822260034,0.63516180331791194
2016-04-18,0.79397922798581455,0.7862236849222205,0.65637179924729316,0.7047193067098757,0.73359312428803458,0.69279202302582155,0.71257451939163641,0.69706063363231319,0.7236901014313295,0.70350581288806657,0.6263407010399259,0.68783537994178778,0.64440992743267622,0.68102073192819246
2016-04-19,1.1107480077158707,0.95143693965661102,0.95112292465388282,0.96100319218226171,1.2065855175189446,0.93582863978134612,1.014591283612251,0.96306066097684684,0.98458755121547337,0.94978010891253328,0.90777595766885377,0.90057721100894184,0.85366541167145571,0.88534919374279053
2016-04-20,0.96369630823560304,0.87811666842185754,0.82096346075469917,0.87104138589161928,1.0144328360637183,0.81129214294325702,0.85705158035402973,0.87148172915639177,0.87038327121529502,0.8821309813800855,0.80352776120490244,0.78456367488512913,0.82174049890942624,0.87399016672314467
2016-04-21,1.257623877110009,1.1417685528582933,1.1235362921398435,1.1180028752407496,1.0472075565539147,1.0564609512994758,1.0964850871927379,1.1013647634064112,1.153381849574828,1.1460831841053978,1.0723173802898038,1.047532585506302,1.109055762903826,1.1147284272922213
2016-04-22,1.3026052802421531,1.1689582842246933,1.1537960154036411,1.0893339089368221,1.1766781007167746,1.0619556700567037,1.1167220634018873,1.1088589727684732,1.1446860051214665,1.1399381558156894,1.0762100575312501,1.1025170356422094,1.0561508263471913,1.0809719241568634
2016-04-23,1.2700797982629888,1.0456884171489984,0.91151111003777041,0.78303600594687184,0.95933964910647573,0.79162845777918489,0.89408495320935988,0.81716522527962643,0.8469014360229391,0.80767886768624297,0.79031697107218535,0.79527673859811288,0.80972238819863918,0.78108695924476712
2016-04-24,0.77143076960662649,0.91643877831166809,0.6748581609790385,0.68047710203732448,0.59966077139963381,0.69042458519920391,0.74311117575992047,0.73979835391498694,0.73582501277780898,0.7097227890134935,0.66471411778066081,0.73371120829364889,0.65136970046583231,0.5944183002685054
2016-04-25,0.83986992525851978,0.91015610676489189,0.65699976255668624,0.66938851774877939,0.62003075272341468,0.64612534959730605,0.62649517933640475,0.58939856200540175,0.59749272004629828,0.61427026095638892,0.6001779762425854,0.66198025827621076,0.65097458045900458,0.59552594047825658
2016-04-26,0.91317041666834531,0.78483014981939048,0.58888006619906041,0.54783519517739054,0.55935625793435484,0.53519843777471865,0.55590303407343211,0.57965315682106644,0.5936780587909426,0.52642492229047921,0.53461917155212002,0.5524378983413073,0.52824021467014204,0.55891135116312218
2016-04-27,0.81004684930570203,0.77609337670124479,0.58675993543081062,0.5261458382685269,0.56855241824103275,0.58177999535232405,0.65278320079807117,0.62394841724445727,0.63062213037625348,0.59164437713966878,0.5944687943189354,0.66777773362414194,0.59893539136160645,0.52093385840223305
2016-04-28,0.84902437988015489,0.89223435053391909,0.73832100892661068,0.70908434821509281,0.60185386465597845,0.75379840781590612,0.73259908639524385,0.74534894031301557,0.73469633083926256,0.80091470174296753,0.66734042819704797,0.71650309182550842,0.65393130233231012,0.65667576365662783
2016-04-29,1.0054181614115998,1.102867071489686,1.0062274303979781,0.92907255042176762,0.81428898340455114,0.91360080374207731,0.93620188850660213,0.96058458642273747,0.99874485548104297,0.99665111578177512,0.91130731620013539,0.92477673783095982,0.92142974998652349,0.8538334358245252
2016-04-30,1.1299122986473202,1.0796252133111248,1.0884020197209066,1.2035879548544812,1.0079478746184707,1.1780190815397209,1.211127591491187,1.211694654646384,1.2340149899285782,1.2261381012773234,1.1498498212537598,1.1414476077828568,1.1675264908705896,1.1805840623147459
2016-05-01,1.1109728978465483,1.0126558218688424,0.90469917445886616,0.81215754439773713,0.82009907137923543,0.80835033014445168,0.84766697509078059,0.82099617939787672,0.84358629308459632,0.81843321730443475,0.84085119634024486,0.83122023933616318,0.83269624417690691,0.79203846486754115
2016-05-02,1.0004039262414104,0.97681072222109244,0.93999459888408377,0.98485330260081061,0.9061402903088045,0.93869355904915364,0.99231335723271408,0.97169804536533944,1.0131288382849253,0.96242963621757927,0.94009651596535648,0.9035148838118382,0.94200642047063843,0.97024156687721219
2016-05-03,1.2738973006481182,1.2014511189600312,1.1906234433556155,1.1850246334220609,1.1264911293234481,1.1670125003912872,1.2102620114620066,1.18540766575179,1.2360207714370184,1.1589129910601446,1.1438705250579635,1.1001395173432531,1.1299262877086287,1.1254410483220867
2016-05-04,0.93920015049725636,0.86673289889008387,0.77766375165330581,0.72467843973027424,0.74560826818858095,0.67480639405838494,0.69233036030463091,0.68220811542069459,0.70459673502726727,0.66481627503520779,0.69090087717744808,0.69715518507202301,0.68871559508737357,0.66333955306194448
2016-05-05,1.2805853272367775,1.1573558871787706,1.157742226484658,1.1589763224928138,1.2757411861744261,1.0838846433438327,1.1037412995599749,1.1241600588479284,1.1504782285041879,1.0883622296936211,1.0908612323359526,1.1163320841056152,1.1434656923447617,1.1098542155620177
2016-05-06,1.3354758356835879,1.0992095672102236,1.1719252092031553,1.1650833890087475,1.2765837450522988,1.088770302349287,1.1620966171515577,1.1887333873713932,1.2167209690592886,1.2028980217522922,1.1009846270924688,1.0629226645922218,1.1348453975273558,1.1406377883791468
2016-05-07,1.6724431442486321,1.3810081653899615,1.4525623548245299,1.4918914548234761,1.6848905251282407,1.3687176136691666,1.4312770347127426,1.4580833165111549,1.4814040235648991,1.482850664068128,1.3913135671273551,1.3563937273401598,1.3574239858761392,1.3855637087156576
2016-05-08,1.6009420291337644,1.3272995256717695,1.4068706261551118,1.3396135052011557,1.6570597921729431,1.2817830697372146,1.3850087589487028,1.3847931802995248,1.4159681217323674,1.3876887811163157,1.2542457354625642,1.2592634451090272,1.2610224813257223,1.3086768645784781
2016-05-09,1.3342098655405619,1.1239607800367135,1.1204119220229178,1.123468848231264,1.3141051455433019,1.0688328672332368,1.1989958120516127,1.191660982794803,1.2333413231013379,1.2044569361542519,1.0577077245684967,1.0682593354591234,1.0722901097983426,1.1174302673401386
2016-05-10,1.4156468106040885,1.2052925592962915,1.1248377479152716,1.1070077297984278,1.2609681196000413,1.0567640617593159,1.1833796812045569,1.1097352616208251,1.1802421130035416,1.136601985553122,1.0724476970716816,1.0553127919597727,1.0584951093492743,1.0753085741743535
2016-05-11,0.97786319839328339,0.88903981496618734,0.85306961953712079,0.89655968478160941,0.89363289758298559,0.90711610297788414,0.95942492057780826,0.93894032189614063,0.97522043516649959,0.94084936664703722,0.89726789858949496,0.89286981490494588,0.88700425212540213,0.93158910359331526
2016-05-12,1.1508711615180911,0.97466086153547316,0.87067132977593131,0.89277239480769954,0.85034407602994144,0.89208059081356583,0.95327281230629146,0.91403756471975572,0.96044988902664186,0.90354811766238752,0.9184779209067826,0.91383571702842881,0.85257388202259166,0.83534470393704863
2016-05-13,0.94350024385624665,0.84491758558819863,0.76510123256678875,0.82042979339433963,0.80051349891487789,0.80487527818447691,0.8105505868052536,0.79041417590588603,0.81113072134656428,0.79665154522244097,0.76407486899370058,0.82445143532128939,0.74961149984620978,0.76902936909070274
2016-05-14,1.2134648601115741,1.0632451202397386,0.87301504683056019,0.85896517670649075,0.91544413891061971,0.90713373724083235,0.9821720506417414,0.90826187755530086,0.91430512582440449,0.89998061408177843,0.9132163987184192,0.91233237623321628,0.91104745395306064,0.8942215998189279
2016-05-15,0.97684957784816273,0.92145363167337657,0.62144166526292177,0.67208113592240082,0.77916821680555171,0.70654987497418842,0.72686266056093229,0.66544422713111739,0.66337691953352174,0.64797747459802546,0.64974774357887088,0.70139658642181657,0.69973595118646714,0.663050826287921
2016-05-16,1.0974878511448936,0.97199327653947754,0.62458735465952531,0.63054675494500911,0.74355434507988372,0.60236056354702183,0.67831015626232727,0.64076802444868108,0.65623715963963647,0.63669029684237388,0.61982245336049502,0.67747562783079307,0.69368691004281946,0.67488667017709658
2016-05-17,1.0197435540399127,0.85903652153784882,0.70079585396114608,0.77728824600954893,1.0434441835526347,0.74439446406474918,0.79742894672069431,0.80995684310276539,0.83977392052367128,0.77243488348496891,0.75821086056599829,0.74920984808457392,0.78883653924535579,0.8196807551460441
2016-05-18,1.2145577599250397,1.1108689549142279,1.023516784132265,1.0621536959812705,1.1973721284156811,1.0336872996321513,1.0823750955511788,1.0868969577485221,1.0863996942698964,1.1029579846017381,1.0457093804007835,1.0804277073988771,1.0618943484666754,1.066969466849466
2016-05-19,1.0777203685577312,0.96594998307404711,0.90902740416358441,0.89887495474420653,1.05449982463633,0.89012963996848038,0.89936201610404021,0.89812358272029169,0.89051366130182175,0.91825088507738106,0.92855830073174417,1.0182024796780271,0.90356636852379668,0.89477130211781442
2016-05-20,1.145663100987631,1.0283295404153707,0.98534764371963424,1.0040906171771204,1.0735027024988797,1.0153349785047079,1.055520041847585,1.0365950191331048,1.048104875495065,1.0314663301757669,1.0309997808582048,1.0398306709756993,0.99849668761345156,0.98209647065566497
2016-05-21,0.93019808720321728,0.89389824567028064,0.83419572916073614,0.88264204865785734,0.8811633893753853,0.82941705843336577,0.86632342628432113,0.86288104376103714,0.86803852748686228,0.88008505286879857,0.83747506426801488,0.86797669840837455,0.84450394881560364,0.84741926186298167
2016-05-22,1.449644822074355,1.2606779875242249,1.3350004203254282,1.2160766134153327,1.2779710596135543,1.2277308026530693,1.266123822469406,1.2593267202180882,1.2580767114026576,1.251558376702629,1.2386243008977513,1.2516164952228448,1.1833086931259775,1.1618748031033004
2016-05-23,0.98562345937433538,0.98176634716212541,0.91098812199335699,0.89103024028573929,0.97866930835174515,0.88279839350750933,0.8866400634439332,0.91652600550966712,0.89694232041768351,0.8875745975337932,0.89931715420635017,0.97292342623886285,0.88101237327307835,0.86049277118619905
2016-05-24,0.77692158170999837,0.72729770019560791,0.55356848847472462,0.56617865635312892,0.56751325646522155,0.58237879862486486,0.60652954725142172,0.61977679914373107,0.62989836936498922,0.58310057482759015,0.57881829716848554,0.65793226250756809,0.52801513543281609,0.54495448875427155
2016-05-25,0.79694511071255125,0.73923943799463276,0.56195027651543394,0.70955549821295627,0.65847757885767655,0.65283533450092812,0.71090771970965538,0.65430740717246616,0.66318224659323222,0.66197297158440227,0.5837758141617686,0.57830858647229633,0.60660234381199352,0.63070864406589577
2016-05-26,1.0759259525689078,0.97271999540432519,0.80098130407473467,0.80805143835783155,0.79779977698611759,0.78866429169462682,0.81173019218926989,0.80378797945103209,0.79389143461707379,0.78767140325406526,0.79547600227072324,0.83028237693138229,0.77883333402106203,0.8452611795127748
2016-05-27,1.1891925942092842,1.0911223254268516,1.0228980265446732,0.99193966459582306,1.1215031127552975,0.97433841250729147,1.0481979278121309,1.0089865755969507,1.0072282911076846,1.0111415139839299,0.97586156695261173,0.94802458314083227,0.97649585513414217,0.99145456256571407
2016-05-28,1.1160498877143208,1.0089292143658992,0.89174163081098101,0.88860735236212252,0.96567463620263994,0.89681266085162359,0.93899148307441904,0.8939161951521295,0.90935880194684715,0.91395075836514239,0.88948148199182298,0.86968919434006942,0.86170821412900311,0.89482861644999234
2016-05-29,0.76156908939354506,0.77596914879697665,0.66547991623399672,0.67373931057691194,0.66949137854951712,0.6630252501427184,0.66734096974840884,0.68506730650816672,0.68338098391576196,0.65702931506078244,0.69571967399119172,0.73484992245312253,0.64365780670614092,0.60782463577979995
2016-05-30,0.7506226314064719,0.71497617832322635,0.55252055178927373,0.60541731100462304,0.60983245951059439,0.58502286848724872,0.67122745483102519,0.63825156224278745,0.64045204784191267,0.59629838294218318,0.64667945421216033,0.75556396681576121,0.58330458737252755,0.55570602405189629
2016-05-31,0.99636761830959153,0.83326439967229249,0.69232523442526384,0.72529028532074613,0.66866660897905128,0.74972261763454884,0.78067056358779618,0.71756141542298613,0.74054951130254421,0.75360508436743723,0.71014506001599154,0.78149938891668935,0.64035661504760932,0.67159492045563762
2016-06-01,0.87035070735409525,0.80111877799328757,0.67475448375070335,0.62419458069151856,0.66724953680840593,0.68954069406425011,0.6984801539026736,0.70202729672047604,0.6947634782565848,0.69882189470906197,0.69645984694717156,0.73785312935998859,0.65422238123346566,0.63815375437939548
2016-06-02,0.79114966766941508,0.74611244914102881,0.59717441073035427,0.54489516578874164,0.51766343077391308,0.59267503477105143,0.59225890653248736,0.58413376407844964,0.59204160346663093,0.57006381043216381,0.57434464839447696,0.62762299986448156,0.52711816684723578,0.53951182423076061
2016-06-03,0.87614879989416294,0.81348301997413353,0.65358484500444636,0.63428346038690442,0.7024710858127895,0.6212558591313273,0.66138140669356549,0.68992973667312729,0.68491146042350304,0.66418615135118386,0.67694883092057223,0.73733757567971603,0.68028659017895698,0.66518909641682844
2016-06-04,0.89744851815780069,0.79876955989430531,0.63799931378656316,0.61117255452544805,0.65738258898596547,0.64432586534842151,0.66125884527057244,0.65255527860942475,0.66313764888649984,0.64251769111536861,0.64348417160521931,0.70503584439137623,0.63157366259702163,0.64233947631017208
2016-06-05,0.97440521163321536,0.89066045840713548,0.75939018664352387,0.76803849724900342,0.9555039219365864,0.77054696737766426,0.84022652929112018,0.79475564072419658,0.80614377320139985,0.79013483698404563,0.80496321810513394,0.8505796278387181,0.80700944706146982,0.81636338345621606
2016-06-06,1.0887132242567481,0.88519428411630907,0.93316923024975462,0.95215377050317362,0.99622952781991891,0.91917352207833958,0.95319662481444545,0.92651713167459271,0.90961524159073925,0.92195563394505176,0.85630787948532416,0.84033095148775883,0.93543608697357861,0.90436143989415096
2016-06-07,1.077224646195893,0.93280260508957646,0.96089707029031146,0.96403863194813033,0.99602548207260388,0.93746099335426814,0.97000455327854629,0.9580401754704041,0.97508746446603922,0.95499368785013872,0.92747538795169693,0.93296388098244021,0.93822266488571582,0.92473734402605468
2016-06-08,1.15687664732447,0.98712962493160794,0.97100673432322904,0.98348620609170778,1.0227054450824118,0.92704552295441489,0.9523924145213859,0.92920686187949397,0.96847160119172959,0.94707468873449596,0.889529490154226,0.88177964961462985,0.92674759510388582,0.95557839969970948
2016-06-09,0.93426239461600136,0.79346417376792289,0.7233090618581749,0.67690994830260731,0.60191271155830461,0.6762976218493213,0.68757734105939661,0.66312656471898246,0.66779963253652308,0.69809704345771906,0.68221676146584009,0.74044735722982891,0.70790727934586795,0.71903819426667104
2016-06-10,1.0892828549049993,0.94688647918149171,0.85185621251779031,0.83484770116599027,0.80999368464231758,0.82567515749360809,0.8739824285520793,0.84397392366282087,0.83576593448547265,0.86369820323777535,0.81481965251913591,0.82216313171958022,0.80779764098254925,0.80305396533859186
2016-06-11,1.007472429191564,0.9457570063581161,0.87976140725488949,1.0451066978758834,1.2852566129489333,1.0548245413908111,1.097972001913003,1.1140410494530135,1.1131467046921015,1.0780465841093272,0.97993680964321173,1.0490748398958849,1.0082481813348869,1.027202919193128
2016-06-12,0.9205270303528138,0.88776603523766151,0.69707646084610198,0.71660779215386794,0.9062509937100397,0.70985666824526672,0.791449327434815,0.74844706706857045,0.75605619041099281,0.73184464971668628,0.73522588688616131,0.75511242401002676,0.72241902284490567,0.69753971461487929
2016-06-13,0.98989072176511461,0.8617751710900069,0.50192330126466989,0.47183667508661831,0.46359980072578444,0.46338962513924309,0.51734987712018232,0.47536921129432547,0.48417558629299906,0.47420495375859478,0.53268146405499583,0.57769272984142606,0.51768722472780104,0.51860594261330384
2016-06-14,0.73751200735367584,0.71180275817260308,0.51272982588920546,0.4984330284742679,0.56986144956678886,0.51944120578130792,0.57202562068827889,0.48270534003698912,0.48751675386154947,0.51092766045841109,0.51947276828251399,0.59129760833989231,0.559621090130758,0.4871565460342886
2016-06-15,0.72966289373424453,0.68618109284701378,0.47936183071976712,0.54856339736037085,0.62505187406453633,0.53178616677368873,0.6001358129436476,0.54178927462713844,0.56598552168195215,0.51956843248500306,0.52476108836781821,0.60031930769417441,0.53944407335813394,0.49722137625232909
2016-06-16,1.0146748698027879,0.88162597969196888,0.79486898834740194,0.82808224397728791,0.86723329755841205,0.75061953582974639,0.78193941753464458,0.75240366810727244,0.77413408595924182,0.75841681812096617,0.75520293312084286,0.69674294371128498,0.72732648386288246,0.77724497127819114
2016-06-17,0.85736252992898343,0.77629805757459869,0.70606885787252882,0.66856841414689971,0.64322916206467207,0.68984104727878059,0.65729743715267497,0.70922448653182346,0.70979239318514797,0.67212995554133181,0.62790489322757803,0.86004877144844494,0.59624710479932397,0.67623003130705817
2016-06-18,1.083609739508715,0.88690813492306952,0.85162499514552492,0.79880214524970872,0.62946987432654089,0.79125852061649493,0.80989111376514122,0.82400891682494615,0.81551410814014869,0.80937486159075489,0.79907503036564576,0.77058858334856839,0.75144420925999322,0.78119853055023081
2016-06-19,0.85972925117675369,0.77886928266544586,0.62796156203370312,0.58438570789734678,0.69062822319656614,0.63787807419983944,0.66827871843587516,0.62752592196540058,0.63628308840146819,0.62227700889867033,0.66438681452853754,0.75560387111647986,0.62578307670397793,0.59486454527004562
2016-06-20,1.0607823534773357,0.95657468181849936,0.83341172035528277,0.80366156810682132,0.89220169819521689,0.78976061769229322,0.83380558549989914,0.81382055504674433,0.82966464859203892,0.8197474181861274,0.77646699175348544,0.7758772887828258,0.81171207562837655,0.781125554154395
2016-06-21,0.84137842079284442,0.83372492125796815,0.71357522393050954,0.69634705468877645,0.72260140586528432,0.6606119608084472,0.66649518030630939,0.6719785034758039,0.67324803243996711,0.68645431095812048,0.70574821569969715,0.79552549747419976,0.65959846857081184,0.6954690480375999
2016-06-22,1.6329839570813249,1.4983108494099475,1.1255518902177915,1.0530440012596727,1.3309073009547048,1.0223474121300273,1.138281789230114,1.0607162262055378,1.0891317322975176,1.0557863551770208,1.0737355691323136,1.0197875323743382,1.0567944093083479,1.1022575487566564
2016-06-23,1.096314614261094,1.0351137336163212,1.0137860603948647,0.98587710010637086,1.1141910365034766,0.93155035753784488,0.96998129573405445,0.93428950374068864,0.98006582651596719,0.94264689941215229,0.92179325760714859,0.97913914409685043,0.93104216309781807,0.95997032103597524
2016-06-24,1.2854533010190878,1.1954454456931665,1.2770619179095968,1.1736874808083497,1.2469372692792031,1.1490456271227476,1.1726593405258914,1.1693515257785452,1.179063262327769,1.1663062942824491,1.1610010545667866,1.1842119538416696,1.1033742669475812,1.1486295732386607
2016-06-25,0.9590614955499247,0.8714169392635559,0.7813645758083777,0.87409280742201223,0.8803676471855455,0.80872275114506154,0.88917598831386124,0.86333883018977442,0.88551544826173234,0.86289906280427942,0.85595034356493482,0.84452149521494246,0.82178430296869531,0.86966660277936692
2016-06-26,1.3663406282905928,1.0646309947973411,1.1547862188467402,1.0170898526471748,0.89523775548301876,0.99757652793530782,1.0039506286227546,0.99549749802651188,0.97801927816565537,1.0478550722327538,0.99341854174663968,1.123722596498931,0.95595445807458213,1.0161748528984829
2016-06-27,1.2001284970480393,0.97570862901948263,0.78133834790806234,0.74213110445165542,0.79962965703454847,0.77267540241388477,0.78668014547643361,0.80648798208208616,0.84007281557510149,0.78173559903052425,0.73027709756294545,0.84646844507863073,0.73310658852025468,0.76574521775271309
2016-06-28,0.9665590423273035,0.93215240723395276,0.76552184051559724,0.8339493985583093,1.0521855210801268,0.81798204501398564,0.85502630377883337,0.80610551429789812,0.80958553327246874,0.80196684692120912,0.79544164846527221,0.76671318826980306,0.83530800122011528,0.83290643965044953
2016-06-29,1.0854623772200964,1.0422733937498927,0.8339483444494572,0.88421737735434303,1.096089275041733,0.90622179307962347,0.99079082443746913,0.92667047524426882,0.96411427522427817,0.94404317496796075,0.90756147262206577,0.9041703529758659,0.92927643444176922,0.90464413713524949
2016-06-30,0.96196345848783693,0.91528892349512581,0.79527674257792413,0.83143720595721038,0.88975602669681453,0.77312280362473651,0.84859379266998192,0.80101283609658647,0.82954398346917679,0.79307790952110235,0.76928337130845714,0.7592066446567034,0.78759300009177557,0.78688593056945766
2016-07-01,0.91260583577431265,0.84450003714922595,0.67185235576335711,0.72723920119874352,0.80925977716410435,0.73931448335421635,0.79498136322087443,0.75509866831036165,0.77946433372875135,0.75736556841161695,0.73455222261921138,0.75471349997954662,0.73554696961945576,0.7338194463897828
2016-07-02,1.0538601311622557,1.0007419025053188,0.84035539170534845,0.9057967948376936,0.99921120141352648,0.82508981727109776,0.889641276901314,0.85806755186382844,0.87434205720074043,0.85048298091659047,0.8172599093520736,0.8673316902648156,0.82215702431651094,0.82453048305434884
2016-07-03,1.4337073898538033,1.140136284767699,0.94394695580048871,0.75931997702125997,0.70579681492788982,0.74314120172659404,0.76451433329018681,0.75784836320782678,0.77789551375686228,0.75994526388122208,0.77043373309127139,0.76053953772398819,0.71968911637835131,0.76565061743203877
2016-07-04,1.4094634065923941,1.2191473383190621,1.0433316257052438,0.93243075791388463,0.97300443942238801,0.94013994716422922,0.94766367551790254,0.8974881503530745,0.94294240919164563,0.91439134740290295,0.96937599529108376,0.90260713611171262,0.91953586839480062,0.97333952688506131
2016-07-05,1.1901495416012626,1.1053793396526246,1.0142309560400165,1.0004861446001689,1.2631312956358793,0.9795697969606264,1.0905368499796415,1.0485660803124084,1.0926337432585809,1.083255028726813,1.0160170151945076,1.0560691805026901,0.99542296934201735,1.0116144526616633
2016-07-06,0.86911493455973021,0.81469469774616032,0.65354872739965819,0.675483039233854,0.67974010575721144,0.62551849610725663,0.65238893059253555,0.62070686962554145,0.61914849897948709,0.63048340434451766,0.64210747443085903,0.67129310997679859,0.59322659385575183,0.64221148227899783
2016-07-07,1.0237338784017138,0.89280807962219721,0.9094313456814257,0.91241071126508067,0.87742316676581489,0.86401057553875626,0.88486093882167449,0.88586860732942896,0.88623429711382573,0.9254367408882882,0.84093757023488636,0.80769215239205883,0.84980545317099299,0.86485831003646074
2016-07-08,1.0806389697234975,0.98495590432426394,1.0132523798735154,1.0560596457434748,1.2301492709824877,0.99170812993575086,1.016918988977179,1.0277973999495142,1.0283407206757007,1.0618388844437152,0.97792911613555522,1.0463084638324918,0.99687578550607292,1.0144575751587732
2016-07-09,1.1873993593689351,1.2273120084356202,0.98299753929347689,0.99198001275789682,1.2294638599742107,0.93976830842813808,1.064307859800409,1.0067081041893675,1.0295067468279542,1.0290635396748902,0.98837145311523344,0.93555251789722205,0.96413877183508534,1.0144900954052398
2016-07-10,0.91583728872903081,0.88075760413579218,0.90798576473283354,0.94473137486525283,1.0177106299530336,0.84523507904991013,0.91838137323248026,0.91332545131049336,0.92286597948394067,0.95015051734155564,0.85119859383305851,0.88862825228286635,0.8606083267522765,0.89111782693833885
2016-07-11,1.2127235633598201,1.2288097523489416,1.1840992812465936,1.1829911106138142,1.3197208766290813,1.0942328842400904,1.1827607949596848,1.1534960095095879,1.1503651414380549,1.1644705196690441,1.1166521473571591,1.1012995928884781,1.1333760003200883,1.0912370436364018
2016-07-12,0.91378670411009,0.85688388367449142,0.65207948182767006,0.75969238305815223,0.94155102328263784,0.77266496981955413,0.8549526500573349,0.81753227940138984,0.82625345506356029,0.79930994471858208,0.72890550726478742,0.73816416942844088,0.75269099893544733,0.75461749731058669
2016-07-13,0.89792004658626112,0.80958632021238253,0.66238843633903166,0.74534289962588274,0.85392744879663018,0.72699634844588301,0.78925843640143478,0.75495507959514796,0.77073784828357228,0.70137378900781266,0.70269869524337336,0.69000660322452101,0.71320318180117925,0.71368852203399713
2016-07-14,0.80890490556491867,0.7385657802327763,0.52562793652706907,0.51165475867322285,0.55121228076356754,0.51655631785096745,0.56096353195015858,0.51838827435756574,0.52612091763202196,0.50002338184395234,0.55468861029806404,0.6490548994453692,0.5185889468130106,0.49463218352274579
2016-07-15,0.78757368118228999,0.71301599509275504,0.51458400286308936,0.50816147421748792,0.49312479423382549,0.50680293234018681,0.54049932382536436,0.50610389869425088,0.51296381265678437,0.48474593062150956,0.48365283593151687,0.53504856739186979,0.49353356320809122,0.46385494190220011
2016-07-16,1.3884146369253518,1.1906533848063008,0.99548056419343289,0.89170284577166126,0.86281179003379627,0.8941186863398084,0.91641817821830918,0.89039898100001302,0.89975071372405435,0.9186650734280154,0.9061107897067161,0.88155710459874492,0.872258834834439,0.84362304357822648
2016-07-17,0.91422086261121749,0.9440666552276834,0.87443555567049303,0.9736556773999927,1.221592988639755,0.83948504032911841,0.98674679801478582,0.94725216394601197,0.97108578508160659,0.97592408743336712,0.86937183451299704,0.86053135117482704,0.84827309391536432,0.91340903603367218
2016-07-18,0.79161183814873826,0.79077072488545153,0.76264084806879218,0.84311273150911037,0.92660801355295674,0.80398366476243865,0.82930515745945743,0.81961109964663881,0.82050203593527193,0.86142625768903824,0.76237997775351907,0.79005949560294675,0.78708578702962129,0.8095757278013449
2016-07-19,1.0686349574162084,0.95011972184867821,0.9719992082115676,0.99671389652519127,1.1016867780417685,0.90489151429592429,0.97269057435397488,0.98237215311449599,0.97886865071109364,1.0159729748979793,0.94815486117822678,0.97962950481600697,0.94347748124209818,0.95171399047069372
2016-07-20,1.2422335771759534,1.0326204783990367,1.0645670779306657,1.0991331188432083,1.1277730515150768,1.0377355458173378,1.0994235483445594,1.0568436691672489,1.0991808781827301,1.1253675621701933,1.0544553138251032,1.079346760270862,1.0266834943990417,1.0808498689630763
2016-07-21,1.3403070883788613,1.3473253530663378,1.3193499353773117,1.2650797017526334,1.7368945790180959,1.2602671387683144,1.3173844823808176,1.32303790603097,1.3353319282708067,1.3143719944977805,1.3330444512253974,1.3789575872256516,1.2813988602612931,1.2491614470650392
2016-07-22,0.91303981579410765,0.78580426690670302,0.80803438451975518,0.86811877752012001,0.77510903608078197,0.88206133087154737,0.90779173699670301,0.87644553744815079,0.87196299982290915,0.89621301868275904,0.80327136709143376,0.84920259984786328,0.84421638568211421,0.8225674680311954
2016-07-23,1.0044164806099667,0.81198904928175031,0.77224635655064844,0.82224230622171868,0.78909792186063299,0.82616713332942326,0.86121233715379031,0.82456207491371414,0.84095380073547854,0.81356794075502925,0.76704684151284874,0.78430656789745512,0.77824359115806141,0.77188494530170726
2016-07-24,0.8835762781513109,0.77654011212034413,0.68714605618735447,0.74094117511430446,0.78206215452457506,0.73544322861182054,0.76669038608684592,0.74194037924266254,0.75851985551697221,0.74444791364137675,0.7193142322863022,0.76037582947159921,0.70089303480340981,0.71929787586984029
2016-07-25,1.0933145010101726,0.90818310955343062,0.76977726659744705,0.85437576258921633,0.79182779691802896,0.82434366617687338,0.882733738593526,0.81117016408412901,0.82722407273028731,0.82243339592103004,0.79809369426311338,0.93250602392188686,0.81003759142679599,0.8441355105264583
2016-07-26,0.8491759867472648,0.85047177968781706,0.75081791129353515,0.74588261130078137,0.8605134247883176,0.70671305041267862,0.81353030912053892,0.7605099567955832,0.76563469364962766,0.76124481901573338,0.74612639360028743,0.79663143973552186,0.70943602646062576,0.7171867712457145
2016-07-27,0.91694962979588157,0.83451956377141356,0.78491425765059875,0.76604378295506914,0.80015590356878086,0.79270525154678384,0.80948362687719644,0.82430674416154937,0.84018320579608763,0.81002831602939607,0.80163817230677781,0.91171835659137079,0.78433484474007076,0.76570677304218226
2016-07-28,0.85347364029429806,0.78474181491581152,0.67339127244382935,0.69211352206714705,0.71197787403737778,0.68924488173897358,0.74521889422453047,0.71291561780052204,0.71618618691607816,0.70641199082530037,0.6875745400302038,0.75448215341059421,0.65413607199093238,0.65930084419050272
2016-07-29,0.75870238101191256,0.742997832031282,0.60981917695301324,0.60040942909031736,0.63554966284392589,0.6289322521996169,0.62078387483621489,0.6356855522260334,0.64755020944211983,0.6387851327438826,0.62798968070675787,0.70381550387868508,0.59961908490455962,0.60008328125674026
2016-07-30,0.82412964613666495,0.78929737947517165,0.66740487925577441,0.67887725834209378,0.68516597453655448,0.67422184731521329,0.70351112410265515,0.70884548278708559,0.72295499934785001,0.74126426263204337,0.68901208751471188,0.74542495533386388,0.66405707787222457,0.68732971062530346
2016-07-31,0.98149260321362009,0.93709455004710196,0.81027527243961395,0.84829374291635928,0.97769590105374193,0.8391912235816954,0.90174272545171619,0.85472072749793482,0.87513707807328345,0.86590347173314119,0.83456204813336743,0.84644736452501534,0.80267452287758512,0.8279289401431007
2016-08-01,1.2511611036576085,0.95443652421241354,0.79125411956095038,0.85660300384169052,0.66543563804899852,0.80582460066090356,0.82124896458970209,0.81139833737987055,0.80937988927113702,0.85376186059425074,0.76854177606662344,0.80030406770753604,0.79968436828753975,0.82786782196859732
2016-08-02,1.3113147601214901,1.1235232741144339,0.97589466565060812,0.9885452297304187,1.1566036743915258,0.97551248148691816,1.0212532711431879,1.021099283623246,1.0485843939942874,1.0180509406895437,0.95849115350469716,0.95532181607567346,0.95993337514472477,0.9467079498464831
2016-08-03,0.7302132951621001,0.72512475980279645,0.60495540888539423,0.69349506726004251,0.57870408837747833,0.69592721497589205,0.73219046483281858,0.7309175082581858,0.73712387913324506,0.73222054502693257,0.70691127814197163,0.83407223592818525,0.74000494009034534,0.75273230951434977
2016-08-04,0.90840984914437728,0.80112720351663969,0.75168707733656459,0.92262109877436471,0.80087222840437078,0.86713758825558096,0.86974907372683619,0.92975120047671644,0.92314704511485834,0.91687970685753273,0.81960911593333008,0.87304359314354085,0.86549688853292139,0.89768339970202515
2016-08-05,1.0116579036604734,0.80165670790909516,0.72418591371484908,0.73319300092182982,0.68184743078940002,0.71434844396521624,0.69868252902849004,0.71548701739612053,0.72017267167910015,0.74699787399824891,0.61024474061087686,0.85705599896451379,0.66848913854561576,0.67652219460697283
2016-08-06,0.94247160017798048,0.76385820387994818,0.67054820040384233,0.70720496909845965,0.61781000289196764,0.73085170477177741,0.72666864196697412,0.75364030612227662,0.77024720118345502,0.7568522610136097,0.67340200897873437,0.67284258168314171,0.69255588332268281,0.69114217179397119
2016-08-07,1.1681845992316162,0.93231851813472522,0.84913961156509932,0.84051616994846134,0.86483075755891869,0.81193875539663141,0.88558069443625964,0.89625638697400589,0.88757577138171362,0.90896477407786147,0.82111201522880695,0.79213394244969992,0.86292564865611587,0.82236656819358533
2016-08-08,1.0486871493331957,0.96896002884712051,0.98715543393943772,0.99976351414701414,0.9774401881713396,0.99695585968859679,1.0174744438800565,1.0135144088095132,1.0055528867671928,1.0746486571231006,0.97616147819612098,0.95140601037579176,1.0158886901782311,1.0033607540519554
2016-08-09,0.90625587407931851,0.86751317385632953,0.69448994482960813,0.7513590128843054,0.96172498702088582,0.74457297299175318,0.79732016487027779,0.79940404670084853,0.79094305713326019,0.8005214165427279,0.72341038453222928,0.70776413663371585,0.7492506439761385,0.73576162387346766
2016-08-10,0.90189937837182987,0.83595049350558803,0.71118989252000364,0.72274668664986719,0.97871308613202534,0.75692767460629951,0.79239999985361409,0.74546177519439716,0.7746200121527721,0.73504275314559286,0.76170877278090232,0.90155700580202536,0.75963320729423256,0.7424766846014681
2016-08-11,1.7202962772489374,1.4852715033720505,1.131236300775009,0.87253182243804239,0.75485129177726928,0.91837630956160843,0.8980730289867519,0.89960836657353538,0.91695638413898573,0.85169856628249585,0.95098531252878782,0.88826013064042342,0.8920749139008276,0.82589467738098954
2016-08-12,0.78141473255564498,0.74450197916473837,0.68943521593197477,0.7771938845673807,0.78847643012216373,0.70803033746947874,0.71508432759629037,0.6932849443930259,0.70608946858501576,0.73747987564691875,0.74102778572040284,0.81955618785168682,0.73117933147065783,0.77927796823594764
2016-08-13,0.76405386267183784,0.71851261170221559,0.64899174315161778,0.70045193340319833,0.65219137463896015,0.64657594003239294,0.72285587700595422,0.70238213579441033,0.72083081978838393,0.70670935360428255,0.66947889405403305,0.69365946259354128,0.64847102835278747,0.68444003142339926
2016-08-14,0.8845607270339686,0.80652739041180666,0.80141731530759186,0.83573918991541951,0.84905290421597956,0.79973341970306056,0.835924936763905,0.83860251085352799,0.84956100406724722,0.86616521986584549,0.78716790966249484,0.81459064213706833,0.81423391443881366,0.81944622843882176
2016-08-15,1.1071770590301446,0.94182476984533969,0.89589887644401778,0.91848106516212402,0.91465142738786454,0.88309915272959028,0.93898281974365028,0.92556098552410704,0.97348279971599305,0.95741147572193652,0.86573147841518916,0.83981455784566406,0.88683704430230048,0.90868012251684971
2016-08-16,1.3494007629771085,1.1366926891428029,1.0778312852279039,1.057085025333677,1.1342329345973858,1.0388064927714376,1.056597200509894,1.0519566026504177,1.0997208521161235,1.0711885853564374,1.0358199148912555,1.0398433479628357,1.062220020160288,1.0584212935205499
2016-08-17,1.3709157095032123,1.1705075844445265,1.0157777639262822,1.0763272609413366,1.2211858171476448,1.04462160050252,1.1196547379958937,1.0649237477463831,1.1121965456021385,1.0842203707507263,1.0053772194143236,0.98891855242551696,1.0760910098199568,1.0856342783092729
2016-08-18,1.8508610677817532,1.5363318864301667,1.3647495010991963,1.2380433070338155,1.0996792748835484,1.1597844220357802,1.1956700548592696,1.1927532898287916,1.243142551024635,1.1729758335899445,1.1865638686725302,1.1589121563667319,1.1491182520576486,1.126667831694665
2016-08-19,1.2369124930562383,1.0666996618895184,0.98797394566257968,0.96414312727008455,0.99991924509473584,0.94150471723686446,0.97910467083104524,0.96611777227528839,1.0255276744869048,0.96144213733951955,0.91930278878711713,0.94206649438510393,0.93356919132308469,0.9489191370790333
2016-08-20,0.80398075896898247,0.86813542680865841,0.78779561058551306,0.75334149214768997,0.94261407413587484,0.73274891674180487,0.77296851241286768,0.77213081672760775,0.77614927369140152,0.77422594363403741,0.76073588239149248,0.78133885864549502,0.73827416321227424,0.75120945711488429
2016-08-21,1.0746657898385807,0.87554123120159799,0.70878698259712491,0.80889984290977757,0.6899649618707383,0.75106522782633156,0.81695826764276369,0.77758428000611557,0.78328586818102652,0.77141420658265303,0.73532923373521308,0.77245017751034406,0.70157385106959658,0.72022401414841319
2016-08-22,1.0479333188523143,0.88265920595015979,0.69096188785758328,0.69714554799797446,0.73799546929977233,0.71483622844130501,0.72998368147028692,0.73113332975876832,0.73075632228749732,0.70947097108434909,0.70434289208479062,0.7514485800792321,0.69288750383720443,0.67846014855238868
2016-08-23,0.90914204269830601,0.81370009790558417,0.8519231548780416,0.94814145105484315,0.95101320920022026,0.92488432719768654,0.94126821485594048,0.98015053512028005,0.99432757659832616,1.0187456487459108,0.89172875484169667,0.900376335080882,0.91662429824748659,0.97212518286279426
2016-08-24,1.3339860713692779,1.0881034946097921,1.157629764918406,1.1201427690257892,1.1121882779561318,1.0736416328324407,1.1435603304203124,1.1334327532016151,1.1580708580910066,1.1889537674801254,1.1205358564075072,1.1481556180617789,1.0950554221849924,1.1042595127062038
2016-08-25,1.4803613374831881,1.2326701708671108,1.3452361836175744,1.2129196679234815,1.4002805303484644,1.2022503565012839,1.2465068954431426,1.28654164851625,1.2988327046180017,1.3294996176025495,1.2051515279831888,1.2155057995000742,1.1644113181626772,1.2249599224219618
2016-08-26,1.7261527288281218,1.4471519586584345,1.5772965088812496,1.4718008113227217,1.5449995832306243,1.3986516045204906,1.4428672487541776,1.4802938969987158,1.4990963013842402,1.4804652436402705,1.43115953009191,1.4403245170869983,1.3708931608917831,1.4184435704555218
2016-08-27,1.3143089581142418,1.1358625850962196,1.2508611493106485,1.2688689310214136,1.2086443473207091,1.215678009266405,1.2639001151021567,1.2446971289492272,1.2544998880047873,1.2457424529488286,1.231610108083302,1.2565194032204574,1.1367561009110254,1.1559366219769351
2016-08-28,1.6241281499331821,1.2989848754596847,1.3288882520070011,1.3532675849891187,1.2517813995223546,1.2810051104367715,1.2885469715262974,1.2991862646094443,1.307928290956633,1.2908076266071364,1.2517079015646224,1.2686579423180451,1.2783650310482053,1.2656917956514722
2016-08-29,1.1694598468901765,0.89522161267784828,0.8044190438177945,0.81171380011520367,0.81996344739719573,0.77386154261855367,0.78959629938178877,0.78998122492265355,0.81297601679883524,0.80528454588712939,0.7708434973079088,0.82919321676773949,0.79383960817618904,0.81887006382761951
2016-08-30,1.5408423866434573,1.1714891533848888,0.90354869794200687,0.96803170138214556,0.80874458662583026,0.92714329499747627,0.96201522311088616,0.94678777841093709,0.96400921158297814,0.93879368619077108,0.87746868182157789,0.89048561180602381,0.93454274941052984,0.89345195227526419
2016-08-31,1.9263426093356788,1.5138693660677291,1.1738635952777789,1.2501639444070363,1.087893549247771,1.1694707308285757,1.1907141472056584,1.2144735889395004,1.2974538407090701,1.1844092764103042,1.1199685336502565,1.1022517839132933,1.2288811502013566,1.20488746917113
2016-09-01,1.7254564919179882,1.3691908606945558,1.1977913771458302,1.2059126555944151,1.1755342276937535,1.150063789393472,1.1891073566916781,1.1952286914644221,1.2481031658939381,1.1834878911625393,1.1527536401510436,1.1733220459256049,1.1738179479795487,1.1548924382858783
2016-09-02,1.5608426337628272,1.2009084565697978,1.1299918928226904,1.1289584798572647,1.0022191151032573,1.0595571063737343,1.1226937634049388,1.1136253709690851,1.1439458355200878,1.1085941999835349,1.0890241025049812,1.1068427188106074,1.0901298221010514,1.1007163613795345
2016-09-03,1.1518755227056372,1.0054695257436914,1.0626862571770999,0.99055657645275796,1.0293971013317684,0.98676242319402563,1.0444225680176669,1.0342632872087474,1.0275743661334433,1.0331499816492846,1.0597315934123626,1.0958090083499856,0.98031389132540114,1.0003931774663342
2016-09-04,1.4617711394669191,1.210499379290533,1.15524518527204,1.1799222438599259,1.1051828524859901,1.1173009945159209,1.1746596887126091,1.1857120725431218,1.190962651275181,1.1772142679033273,1.1599733414925935,1.1981889847209566,1.1461438951401606,1.1593017539088568
2016-09-05,0.65962369138521781,0.70504824956796563,0.56120893294625152,0.45286637225290366,0.52145629274361993,0.51587431639663861,0.54614192700389463,0.53637592448711324,0.54585685714879462,0.48002215234806223,0.58007765929332256,0.5915583549829615,0.4830345956016534,0.44566595201085618
2016-09-06,1.1501050466208447,0.97795470970147302,0.89758003880217652,0.85330797852046403,0.83515168452046773,0.81608242108434437,0.88587339645532348,0.84677714436453155,0.86612678151478595,0.82990348870324182,0.83670980258221161,0.85108204147320043,0.82412970549948428,0.81819793186779943
2016-09-07,1.2876797763199503,1.0717049795802631,0.99068847744898481,1.0219300383923677,1.0743127676576525,0.98093256695921927,1.0425453662769901,1.0354779205963975,1.096681448306098,1.0596965480770881,0.97445037619483188,1.0008911773724145,0.9993231857397824,1.0514281278893525
2016-09-08,1.3940021641428411,1.0934215170307902,1.1413797186527934,1.1804526452085444,1.0849677159338349,1.1012509601657623,1.1496272414986428,1.1440228258246936,1.2011921928139417,1.1637500019583502,1.1206094085960512,1.1536320082599874,1.1180836551002742,1.1690830327151345
2016-09-09,1.4571655714428644,1.1440383011267645,1.1071743568793209,1.1135787349550368,1.0879489880526994,1.0486940611991482,1.1260577732388897,1.1033192806694379,1.1240614540285285,1.115273138277878,1.0787574000058477,1.1336512634994835,1.0565237526168476,1.0632378927261434
2016-09-10,1.5552888954674162,1.2098277963065285,1.1821818113026019,1.2654918177836669,1.089688512576072,1.1355198651051517,1.1803305665005583,1.1787383235873072,1.2328027529397492,1.169939840867279,1.1352083072226056,1.1811723542148707,1.1310570431104765,1.1616841064362298
2016-09-11,1.4798763214282686,1.1040067726714566,1.0686143484069934,1.0692733740673441,0.9998805267129437,1.011007775650502,1.0323177073725944,1.0277662393828033,1.0509871367024433,1.0212680998983308,1.026346133576713,1.0840390053708251,0.99641352863796862,0.99384796178493473
2016-09-12,1.5047278455759987,1.1540962022987467,1.179274368750139,1.1677804493350294,1.0831905131042014,1.1124696380063952,1.1412462753534427,1.1244496043974925,1.1658221968144999,1.1249047788930651,1.1406047357849314,1.1854747214426695,1.090886276238195,1.119900433060808
2016-09-13,1.6665333532818343,1.2680892969427691,1.3083664437930393,1.250804861546907,1.2852776804324788,1.1917930193605104,1.2265115099818915,1.2250153566678801,1.2515789054205928,1.2378086877786307,1.2251249256073367,1.2530272464405305,1.1751816509108406,1.2006517486739348
2016-09-14,1.7313452462626551,1.2779121354379692,1.293233108670452,1.2437910571166597,1.3114206816791734,1.1500004690109351,1.1945911295177802,1.2107111109480331,1.2328598389127037,1.2024501678826078,1.2040741395512136,1.2229741225020241,1.1631202483231398,1.1794357649470262
2016-09-15,1.5689826874797468,1.2077991606991372,1.2136745356056129,1.1993497053013757,1.3802828966409335,1.1749914214646271,1.2289505586603491,1.2514324261272294,1.2698190230378115,1.2659985016110347,1.1815483752547962,1.22116098411745,1.1838211362744995,1.2420952167790311
2016-09-16,1.3540237517793501,1.0380960088901297,0.92700782914005841,0.97680690417514915,1.0370804615942386,0.97003908122338645,1.0153527749320057,0.96976712568278889,0.99789847066127679,0.98709818443785724,0.94671747541908768,0.96199206889372479,0.93344950555519624,1.0517635212008241
2016-09-17,0.97388051701845491,0.84697789544543578,0.72399232735170749,0.75315037176680866,0.73368088563369238,0.79178395725080741,0.82029797013638117,0.76268813894763743,0.76719956627772157,0.77353008344128971,0.74958467913424842,0.78400895419621353,0.71033365411478921,0.6919409260320365
2016-09-18,0.65788833077265674,0.65970698324596788,0.4776837178369156,0.48584446945238302,0.53015280424692957,0.47516037201002981,0.51310031237037979,0.49527588321897742,0.49403452055904101,0.47099388929700831,0.48340920722410469,0.51559273155197693,0.50480985397480571,0.52001828366391478
2016-09-19,0.94026489331210383,0.87666601115636011,0.75823701332399152,0.75996936326130293,0.83429417546463536,0.79473229381171662,0.85047576042392392,0.78951108208881005,0.78603970159612302,0.77233311763408063,0.82049009835071562,0.87083976920823791,0.77865224407917877,0.81487190825852363
2016-09-20,1.0756906615073021,0.97292070666354158,0.71990236911138594,0.69691416870216982,0.7235232259929153,0.72762770141981081,0.76820765616540498,0.73452658380554003,0.73626313401773646,0.71633843728353896,0.73497891935108539,0.79772910734739688,0.71229937474466498,0.70520223165684404
2016-09-21,1.1885210914274198,1.1190974333145147,0.92567933658166679,0.92552889178337894,0.98957729970828312,0.92299039077332712,0.99720514051797737,0.96404036372728308,0.98022284968989759,0.9625852183231115,0.92720691635154862,0.93476840318078469,0.93894742419008181,0.972059980127981
2016-09-22,2.2054767747276376,1.9443748282793707,1.6918324422015589,1.4607649718410638,1.2075199840359425,1.4149664734109166,1.4259913768188015,1.4379277633608805,1.4370825789928154,1.4103355280723084,1.4797444191905385,1.4651313770900234,1.422275225076804,1.3530580898864131
2016-09-23,1.6836069963389551,1.4437144868071803,1.3590513995702564,1.1735611766816665,0.98663232654367872,1.227965623171196,1.2072543745432271,1.2241635015804226,1.2424837509189413,1.1852593721201148,1.2112129895574,1.2133786872588217,1.1459322758665935,1.0949197295445054
2016-09-24,1.7769482510366255,1.4856127069270226,1.3862482646637091,1.1444402791540818,1.0153836780619951,1.1354927694850012,1.1674272807258839,1.1446426839301125,1.1891781825500192,1.1767944732242388,1.1484723013715576,1.1166155882099456,1.1314696942960991,1.118993491367771
2016-09-25,1.7831993195817559,1.4903883312087665,1.4531834503717458,1.3054939272428088,1.1783869510371936,1.2356647194918273,1.2833189598561376,1.3107124900156901,1.3499521297217394,1.3414952093395036,1.2575404980824869,1.2742330379701117,1.2752099394050385,1.299742706347031
2016-09-26,1.2842904009166063,1.145502504221134,1.139225339297542,1.1046049038222843,1.3682376216282599,1.0982399738122193,1.1612935101615052,1.1569095406662917,1.1775582743393118,1.1611856731597721,1.1263712193083406,1.2095760885208031,1.1663195271671534,1.2171503783865596
2016-09-27,1.1928536495203392,1.0734277666869667,0.96990551928800683,0.93341431149505338,1.0247972244276722,0.94691580293411615,1.0056847574621275,0.96525344519569356,1.0188758583594488,0.97879412511974317,0.9406328099529494,0.9729247695443981,0.99563172573450232,1.0093905705827637
2016-09-28,1.2908159026116985,1.1402215426684583,1.1959881487969,1.1803488884364699,1.0459421781333553,1.1652926654482159,1.2114332130942089,1.2034680484496898,1.2141371697956598,1.2392624219039274,1.1625879856404766,1.1682135630263542,1.1864814970031021,1.1942002931345721
2016-09-29,1.1535425883909973,1.0266514135704317,1.0211130012742808,0.91053225087310519,0.88892050902654107,0.91051534150650293,0.98348438788009929,0.98825095510058569,0.97422624919789225,1.0202974603864219,0.99885869030001517,1.0262854564944028,0.96401599488442902,0.97242227022793915
2016-09-30,1.3819826683738596,1.0783189804339848,1.0860790756531213,1.1211385471148667,1.1715555816654988,1.0696142786492546,1.0938942176310078,1.1501136030787813,1.1623227139464836,1.1917426209906581,1.0756162508683218,1.1194008259695691,1.144541554821243,1.1775596300522169
2016-10-01,1.2948060979692715,1.1604730512444175,1.1441271242678823,1.0835157811924567,1.0189921868697698,1.0988326808684468,1.1378869436125878,1.1002781423298353,1.117285848672398,1.1043806514656183,1.0725821696738738,1.0850617633654223,1.0900390698121858,1.1216875529809651
2016-10-02,0.78866674012874627,0.74435019582115736,0.63418054409195079,0.62905014126191505,0.60961148656838826,0.59930954169619888,0.630148004070061,0.61530892755679956,0.60974419159125026,0.59438132964365242,0.60949550119430052,0.63506906645619143,0.59300942226242792,0.5715984513206237
2016-10-03,1.1443237740636463,1.0347431745868163,0.8340826619023719,0.87055768417030444,0.90012165623849483,0.85821552012942304,0.9249054630285537,0.87209100510991611,0.88566344610183689,0.85823815619405053,0.8824438495536322,0.8935274060813736,0.85423565816909208,0.88095125617382486
2016-10-04,0.79285232112295501,0.73977473873709487,0.79546981645006276,0.72245181447183027,0.84288391881439273,0.73843304336060811,0.74205688187974517,0.72102313024577858,0.72355846377530297,0.73163260517053286,0.75042040155686862,0.74219278992058713,0.6863304573609792,0.66470157383347561
2016-10-05,1.2367156152091883,1.1703432003775205,0.82530544130769723,0.85404912760772322,0.98927118739158704,0.87448413743926323,0.87391505631883837,0.84976048759395029,0.82662992014325853,0.87219184938204075,0.82039699622218165,0.83011185629227702,0.81074601762823073,0.83310979522792739
2016-10-06,1.1219071112260777,1.0955448709886633,0.77489663702926426,0.77563047790213746,0.69864266985132295,0.85553517423991454,0.8416440336509069,0.83550421770559902,0.8329577973078911,0.78954823308070321,0.75511387989162937,0.77114944339165847,0.73144821416063122,0.80229584188282133
2016-10-07,0.69903488303414041,0.67907703435874067,0.49007073317014299,0.42536481535560089,0.46207141968769355,0.4282785659904092,0.47452742588883934,0.42422670685571751,0.42630318741095785,0.40955487576711075,0.46413884501950831,0.47587489300975955,0.43894819745126679,0.43696801809011077
2016-10-08,0.98448427474805711,0.88644534935046604,0.67898177825890027,0.79011167730520715,0.85379798604619683,0.78556339018083787,0.81985591917236678,0.7815480023864142,0.78553035702320606,0.74989232823190444,0.70819563705501254,0.67765778152214351,0.75835565691292617,0.77284813995269375
2016-10-09,0.99386816922603716,0.93874187957877142,0.83396916382840303,0.8510138141569642,0.87764255608177522,0.85733961410423698,0.9054122716182027,0.89037053048392312,0.90049698647691123,0.86914898605971735,0.83080386572394749,0.85932020282152932,0.86718866270518835,0.88591243896174576
2016-10-10,1.2530076525767988,1.1659298844120414,1.0528050700855929,0.98486289045343833,1.0483390192917525,1.0044878346639898,1.0203111037157835,1.0105529756708318,1.0299970716945295,1.0034528775302054,1.0286071160514496,1.0437772601321285,0.98141181725590165,1.0206645641768011
2016-10-11,0.99873841546687192,0.89839958375918461,0.8298413696088992,0.81709104309515113,0.93310132900025611,0.82988853789943984,0.83765930237165376,0.81293401082949579,0.83358923687975339,0.81126068782409111,0.82356395763614676,0.8660027305929634,0.85790350221776279,0.85507075697621082
2016-10-12,0.80027951800676167,0.72298475592353129,0.57009915844738013,0.59708117825824003,0.69731826058455371,0.61421310425446363,0.65701993257598945,0.6453416060232241,0.65232251796054419,0.59639959339189375,0.57820153884980552,0.58571836031926849,0.58955180283260111,0.62032291234836445
2016-10-13,0.83262592003379032,0.83772917688192572,0.71770601752973928,0.62872713678754744,0.60711982116476559,0.66025088899022855,0.71257083428961354,0.71189430962099076,0.70087814114606051,0.71469517085734058,0.65368792145171151,0.61920209198875009,0.65142661580655936,0.71465085630591541
2016-10-14,0.86942259535778732,0.85997732622344081,0.76095491047438535,0.72179792807283061,0.68145212417775336,0.7198244011783046,0.78557358368126695,0.74505892780283056,0.72776279559501544,0.76624472367799912,0.73024789552209746,0.77154438654354729,0.69985744693832397,0.71790430998206767
2016-10-15,1.4018263863385176,1.2734896873514139,1.3253185835148535,1.1531069426537819,1.0839361455600327,1.1566318951435184,1.1926282683827003,1.1759515805891749,1.1589692948014758,1.1985773915390823,1.1582261885502749,1.2100510633712118,1.1166039352367139,1.1135439481116105
2016-10-16,1.0546664827485488,1.0510137567487352,1.1079666526530951,1.0855782896530444,0.93911311242615092,1.0283597296816929,1.0647442634566817,1.0755543914563679,1.0796326124105833,1.0846668548034561,1.0096113637409576,1.0111502351035242,1.0190063598891399,1.0240408665933971
2016-10-17,1.380506243310786,1.2305332813843988,1.3227942280800657,1.1857620132819369,1.0788284280473059,1.182063925662536,1.2121990433839867,1.1993613180214913,1.2155540861883924,1.2141395448059642,1.2078689173679529,1.238916780722888,1.1381496690677786,1.128152957627838
2016-10-18,0.75314751728339424,0.73457140772202212,0.61172595228620619,0.62726440414346485,0.68299718957572353,0.60443826312202709,0.65790792936020825,0.62422703659033363,0.63322537849178662,0.61339906117691911,0.61515997765911956,0.63813253702310646,0.61089065600548809,0.63932764439410372
2016-10-19,0.99647002610136259,0.80470924567816249,0.62050006948610814,0.63839462910098232,0.74397553978563236,0.62087807799872397,0.69062691628137984,0.62024208259596425,0.63974503353271195,0.6214984087482277,0.63800980844972788,0.63570464224903056,0.62795759606987578,0.64303945655952355
2016-10-20,0.83240943371552756,0.73912336507289444,0.57242395549007574,0.57849918657874455,0.61076398599198489,0.56760484378381648,0.60322945148827622,0.55057674693754,0.55542987739785632,0.54175024685807194,0.54474028283974063,0.54833349655401942,0.52970621905610937,0.52901269201691115
2016-10-21,0.84928740618914944,0.77919006061832985,0.69287614868238068,0.67253958362797506,0.6767693021914708,0.68032097350749676,0.67152678180183056,0.66266496093437754,0.67087443650088863,0.69698757459474869,0.6573574481882184,0.68006905200495482,0.66289328418921067,0.66945033400040332
2016-10-22,0.93970319877346853,0.76702844603904585,0.6668206116252825,0.58252790460052939,0.65591171660542635,0.59306495093142109,0.6317586178201664,0.59159347573888299,0.60069636054550291,0.55775854319777374,0.60674021529821665,0.58924070319013522,0.54012000635383328,0.54880616885280742
2016-10-23,1.1903350209656662,1.062350942483105,1.0226320117332253,1.0296010357854872,1.0765663108086101,1.0253661101572404,1.0682032580985481,1.0723993373048155,1.1015585257161729,1.1068834446433164,0.98462202104872776,1.0205375298362309,1.0139326758474994,1.1028353635467549
2016-10-24,0.81777074499241276,0.87714935466941257,0.86892696633050115,0.80927849627548554,0.81212630108916972,0.77308265183460356,0.77358860981621114,0.76733119183539522,0.75311319092367657,0.77063659619749292,0.76821896862484684,0.79827532946626145,0.80431676085743986,0.8269600046607225
2016-10-25,0.85036704139406327,0.87561203436637647,0.87207660793136021,0.96743674504569255,0.85955850005639034,0.9151006195371042,0.94598088939788372,1.00019647700584,0.99368134266698172,0.99430134663941205,0.86122661028761205,0.96603104717152533,0.87877753133544911,0.97970382388533594
2016-10-26,1.0512154410686962,1.0574199625521896,0.86926822129508274,0.78803111108589985,0.76600779825567378,0.76752825006103076,0.81731759649985669,0.78328570835568156,0.79092242885934916,0.76411009743065261,0.81898847037107991,0.85872530127594693,0.77823310372064913,0.76626071696666365
2016-10-27,0.74243773959372927,0.77179879651010719,0.66196494528931593,0.74581768809417526,0.73542840661642828,0.69562152607461458,0.7153526871498006,0.71731762355030471,0.73587557147192728,0.71577536844794531,0.68095584772080475,0.70282810539323615,0.69158526864554781,0.7397897590714887
2016-10-28,1.18446836845682,1.1192817416520733,1.0582854292982382,0.9672145336945619,0.81374974019872304,0.93367299792385305,0.94043523171610555,1.0019886687230539,0.9918337125997847,1.0260968372077934,0.98886881748926159,1.0116994466459051,0.99216028811521129,1.0514381847458778
2016-10-29,0.79805798786915305,0.74803308575076288,0.6357624348537626,0.63231756605567102,0.66655854666887182,0.59502248431952398,0.66129676746144317,0.6620895744051436,0.66415388539871389,0.70759157127611427,0.62779181797650163,0.61822510053067803,0.60615754671743971,0.67695577212968827
2016-10-30,1.1691433091625723,1.1561035979857541,1.1399314886643599,1.0486802599740523,0.85685525229215032,1.0261487898683677,1.0004719885076803,1.0229437059496438,1.0078273726707463,1.035644526267965,1.0105932563837559,1.0261330110295477,1.0206490244688577,1.0223972123464891
2016-10-31,1.1597630004106998,1.1780062339644717,1.1943934597246799,1.0847543286168557,1.0063063957218961,1.1313410529076851,1.1004533247057975,1.0997871893423654,1.095422622147177,1.1510022718357726,1.1096673652097899,1.1508267971934318,1.1531723012254682,1.1370765716961042
2016-11-01,1.2601340023581922,1.2299182422046697,1.2671040029800706,1.1236772754354771,0.91624878314748226,1.1065484393971894,1.1093339026959064,1.1271360755118005,1.1374185930517675,1.1932979082102355,1.1031451596336639,1.1508680805234688,1.1616468964031166,1.1355952249065127
2016-11-02,0.92560957772916874,0.91176137396632051,0.96910699122860788,0.84857971642887053,0.84426160963417685,0.86355757171527214,0.87343217521455185,0.85290915137242518,0.83695999437764079,0.88279257489256602,0.83640559185257524,0.91925951443073262,0.86038237304426401,0.85789248731304302
2016-11-03,0.94326438660561296,0.93507865057322548,0.82078880442315227,0.78584023905701028,0.72039001254936763,0.76211962476783501,0.79627165945000433,0.78075646867309523,0.77697343046715894,0.76270282222666241,0.7071740358424633,0.75492565957690883,0.72537226560068724,0.71878535747878425
2016-11-04,0.80878872224192322,0.88287627254582524,0.93969935935271676,0.74286670431386237,0.68528716240014775,0.762117021668412,0.77178747350596422,0.78503917617126651,0.78516424750146996,0.79178470613301011,0.76525212353701755,0.8303142861414089,0.77962608253795318,0.75109811193643461
2016-11-05,0.97714235858414877,0.93535401382226568,0.92874297297344,0.89558370563116352,0.86120680064550603,0.84934432855922315,0.86860324108493858,0.87249372854871532,0.85875888752396456,0.86723525919424271,0.84285990627670071,0.9113896812845389,0.87054797108491899,0.86164863774327594
2016-11-06,0.86844981117185882,0.7927506977361245,0.56807158456105944,0.65091013849079238,0.64324257355634651,0.60396330188569891,0.61532511087019381,0.58777382986792892,0.58631079916784024,0.58909142573086137,0.5841324646666296,0.56279647953019518,0.58665142855041086,0.57222720053678722
2016-11-07,0.97340678453677565,0.77078082541298998,0.67349030208381266,0.59965008763956207,0.63692866992998842,0.65982577866589842,0.70341255357159205,0.63960252893267522,0.63749326017300745,0.62466394093218258,0.65649893633191991,0.6901085505043022,0.60908100568311674,0.619361122999878
2016-11-08,1.047250671903085,0.85872556686025703,0.7309578349187329,0.66083846578563121,0.68958464336547176,0.65748766130010661,0.69942822306756935,0.66851370760822415,0.66879315994030208,0.67597453482383663,0.68394482144170521,0.68558077663058459,0.64751109583843869,0.64882205691964157
2016-11-09,1.0198417284346115,0.96867280154679702,0.71695703822667822,0.90134004163886372,0.88470126657033143,0.76801517399063424,0.76924076284728382,0.78384968959542767,0.79389554405977592,0.77195714124487957,0.84389966956179641,0.80894374713194883,0.82466657422776057,0.83721290939208504
2016-11-10,1.5251973118846445,1.142638329845906,1.0363754976287258,1.2330292444578075,1.3513900438805773,1.1787822801507339,1.2143457277226943,1.1372524281160812,1.1389953847171037,1.1275794559459542,1.0292016989078683,1.0991815487681746,1.1272410346499315,1.086501406602268
2016-11-11,1.4515796657793381,0.97017432157886874,0.72629824806372656,0.814066845472045,0.92241341679752731,0.81076290775370286,0.85657578602440554,0.80232332863289091,0.8154780545561735,0.79290897801713334,0.73686931827504454,0.75816874194899075,0.73048695614982173,0.70833179887977349
2016-11-12,1.1882300786883797,1.0655799759175013,0.79696508317655446,0.7598389694685086,0.72171292041531698,0.75414730851039624,0.78902802659315396,0.75990526065160602,0.77644058816948547,0.71313736614790035,0.82203650260964967,0.7969919670191874,0.76948322825326854,0.79288653281950461
2016-11-13,1.0829111516381726,1.2615613587092827,1.0367944567806773,0.92686279777324887,0.81425622804315856,0.90638617781919018,0.95161058435220247,0.9139461613903368,0.92219368759822962,0.92030053390981315,0.94297616332145862,0.92458841534223479,0.93157903311373358,0.88512105104854422
2016-11-14,1.2271780015804186,1.5006790901669631,1.1139155878769862,1.0100476419862809,0.8893862312323243,1.026516077881237,1.0872232913006485,1.0424669202747876,1.0631943461318378,1.0310836201884139,1.0061322044335159,1.0016720781514004,1.0591713963750002,1.0952159702452546
2016-11-15,0.9938988918580175,0.96989694983185193,0.97891593273363375,0.75922902380642132,0.76912919862685292,0.76557717454217489,0.75160697107607888,0.78191046610770298,0.75660726774181342,0.78599893087803807,0.78438592046215294,0.8281454492185133,0.78961560026321209,0.7175924748432625
2016-11-16,0.86994257582969048,0.83376624176806569,1.0423439643893007,1.0372862507797473,0.97142422405360795,1.0161456622648044,0.99765799475531414,0.95412462237932227,0.95396690002559625,0.98514465518048078,0.96973862931998711,0.99132283393033349,1.1167072477014823,1.0983959968131136
2016-11-17,0.86407085483233448,0.72926803757199166,0.58850476770874383,0.68147159756551556,0.675564186231849,0.72015064908954396,0.75204740969433259,0.74459839421375451,0.73013983777961033,0.71757582985901247,0.66059016752933253,0.69414676743537573,0.68559107039837852,0.67878625889886401
2016-11-18,1.1712311933748731,0.98045230855603538,0.76631935557813791,0.681614528313641,0.68168235718760273,0.70406674194248797,0.72242649819580307,0.74548736844377161,0.75331796930252526,0.70915887585635173,0.71369685939684546,0.75359953677130975,0.70112353876520972,0.70285907466363828
2016-11-19,0.90654724907576711,0.81511659315422635,0.6161712112995853,0.57087458605581254,0.59534239201873262,0.52366251838354705,0.56935508896594123,0.54486340942440459,0.54852289285205902,0.52815271927223839,0.62095671704621458,0.58971294532214857,0.59780988949452474,0.56983733146582238
2016-11-20,0.88491059896876711,0.8164054630962031,0.73534465297457829,0.71057109382246486,0.67680745530567954,0.68680427445322567,0.73034842404679534,0.71791003397231623,0.72448774383690351,0.70360680546190635,0.66916930712649347,0.69487381433746476,0.71387306627102776,0.66400108788351697
2016-11-21,1.4341897257229206,1.3018873627008196,1.2563984897198235,1.2853619596653081,1.3267645123268277,1.2746678256618076,1.3477566322021417,1.3205987522197322,1.3171358954112802,1.3132150000814486,1.2835728097965762,1.315363611501257,1.2847889362424507,1.259795476754866
2016-11-22,1.6584105868055297,1.5106011871799123,1.5388978227375576,1.6126428345245518,1.6768142776022221,1.5326152854608168,1.5368318059891208,1.5429505808316937,1.5326008613944868,1.5151310368249307,1.5488849582718003,1.5470171274520219,1.4887026021571743,1.5848291440256155
2016-11-23,1.1102013715291774,1.0601213064520336,1.1651097325699382,1.0289431710440362,0.9983358204231777,1.0106491140789111,1.0288958828305712,1.0118394141097777,1.0123359523577853,1.0155107364444191,1.0104996046763717,1.0476135088819829,0.98811571018621069,0.94659058041284427
2016-11-24,1.4567222651379563,1.2683813625850182,1.3487880830656898,1.2558199834709851,1.3255687294928342,1.2227068156499052,1.2784912338564969,1.2861386974515818,1.2943891974901831,1.2646725823642679,1.288256800673798,1.3194920972037893,1.3144883142612751,1.3616462684964343
2016-11-25,1.0277842283092524,0.90741172625329403,0.8099799112182533,0.77884149634987154,0.77476729274000755,0.78796833337372785,0.87133371995003472,0.80745164424408378,0.82563049347466444,0.78266116181122458,0.81910256594488895,0.86141313723836854,0.85388681172605096,0.93774353160509105
2016-11-26,1.2189942566377887,1.0907696334020003,1.0754762808773086,1.0478845324070287,1.0386687371831957,1.0879812874462533,1.148946102850618,1.0318116483349913,1.0597129147861488,1.0463017126617549,1.1108627250692853,1.132739729162493,1.1069942484584703,1.228899740718564
2016-11-27,0.78733199432708634,0.83887174826874111,0.75644385482975907,0.72284923832110048,0.70689860333243315,0.75310163336408564,0.76136411423890138,0.75223987982966323,0.75668316718865414,0.74386233590956841,0.7407205883846596,0.85660035319145922,0.80262430121850348,0.79250316592091152
2016-11-28,0.90726569003328983,0.91371104556249738,0.78876216414601363,0.83313684039957392,0.81007486522060212,0.85764122772651119,0.85420911601126137,0.8306248662818192,0.81417289333577081,0.81809495050616488,0.81208205634445774,0.88805170960243673,0.80846562022556367,0.83407752779194222
2016-11-29,1.0292211352717717,1.0985750481925958,0.95883153957543821,0.850122124134433,0.84237049146607934,0.87175581787589929,0.90396841522149129,0.85411494638731367,0.89014309961321458,0.85240939050133757,0.9402800407722367,0.92099374543992085,0.85405435664700335,0.90578377389141074
2016-11-30,1.2513165459219038,1.4608524519812214,1.308184909308012,0.91323362273756037,0.97841368740419077,0.90798815754217299,0.93939514851679884,0.93223417983114865,0.96677336086271271,0.93011677276459837,0.97140129268676689,0.98341190607232776,0.97479477934536141,0.93754092458939453
2016-12-01,0.91928185271366636,0.75126221284970707,0.75612114631342298,0.79525934716355196,0.80211993133377191,0.75788015696359423,0.7794463772786705,0.70749224524362075,0.71133019009216714,0.708061518174111,0.82716303832112725,0.81445522196766273,0.76987116207590889,0.71287306668562078
2016-12-02,1.1161870144360586,0.8085856832393139,0.59680534432038612,0.54743680858837451,0.52986564295402938,0.53176240312088696,0.57568395324501942,0.5490526367465115,0.55450283247231624,0.58671612845616761,0.57459601239772795,0.59999798104011992,0.58811670056293197,0.58647759247608933
2016-12-03,1.172290083573976,1.2358249022313297,1.3483725440393715,1.4714776397156235,1.270518729254259,1.4788883208773482,1.5047037745142084,1.4750797168866714,1.4857426953623323,1.4290864916986721,1.5295191084615678,1.6190955969771139,1.4577851807294351,1.3764009685500158
2016-12-04,1.2172112424638768,1.2818002933999166,1.2864379767517864,1.1998165744852896,1.0814037632485278,1.1407678590798627,1.1645158039053918,1.1555836627364684,1.1713116078277341,1.1269124607571315,1.3024346061869674,1.2719047940705177,1.1497733542888158,1.1021356222370591
2016-12-05,1.4733861503738992,1.3860488566547575,1.3884067610714312,1.2329164684716634,1.3526580433544839,1.1902413201776718,1.2459015439501535,1.2254555330319115,1.2417586976527057,1.2310946445907454,1.2373618551125685,1.2727369053384447,1.2880586031317114,1.3086868841747537
2016-12-06,1.5028413650280195,1.3939396747411155,1.4399235758513815,1.2396712048085523,1.3561845789453006,1.2341065533893951,1.233740552129251,1.2489766554567996,1.2908101286521123,1.2706665391683667,1.2600783856373885,1.2612077895694367,1.2412473917971814,1.2555366205110936
2016-12-07,1.2749080697552413,1.3791954826231287,1.4880135367493368,1.2441043046524198,1.1176402373267342,1.2422474838468527,1.2651589240230532,1.2841757879168256,1.328125036261719,1.2927051202987263,1.3340020899471494,1.3595649314643821,1.25104255881728,1.2556052006779037
2016-12-08,1.12461094276969,1.1214577762691189,1.2306253548786246,1.2106126041969105,1.079708688723932,1.2039584693824432,1.1966121736027484,1.2400620402536033,1.2318778595925119,1.2732120168873247,1.1901277950082099,1.2118280445225125,1.2198145565369298,1.2558849728229855
2016-12-09,1.5842787382967896,1.5306787213256916,1.5787931804205588,1.707339119058062,1.4971029108196778,1.5241301135385241,1.5842741212531852,1.5979621013043506,1.5838151560124407,1.6257063219678278,1.540575023061197,1.4483516134299448,1.4840889912809974,1.5308025585590979
2016-12-10,1.2054419042473303,1.0504595288977991,1.1338992109459756,1.1944899277137282,1.1175482206702982,1.1401113607351281,1.1590353406195362,1.1594132691706229,1.1619190012750888,1.2210344415216916,1.1656437582711032,1.1455826057212826,1.2028772145787208,1.2305397830404923
2016-12-11,1.207260657061745,1.0765578370746636,1.0336804455294164,1.1365429607966531,1.009850937828243,1.0747114240051916,1.0928340789309625,1.153795098061376,1.1510246763478249,1.1484942009707402,1.0073689889483357,0.99110767635673658,1.0412036294424607,1.0350182810700468
2016-12-12,1.1329592237194546,0.74070278310754289,0.48801199618074542,0.4185559215901633,0.43826057176643884,0.44734756909640455,0.45984096828019999,0.40536320387436742,0.42911059746773328,0.42814613271283969,0.40732778741938874,0.44448103719697463,0.4355735388571691,0.41866423036027656
2016-12-13,0.88481526131040966,0.8653948998369021,0.86151603232137242,0.93922422362903657,0.8649757901948697,0.93415249931046052,0.99171102503506603,0.96721888095356345,0.97666520508254029,0.9965952900619337,0.93148922512843824,0.93741199397354857,0.99161798557577396,0.92554904155519369
2016-12-14,0.63993374131815783,0.65976874360873161,0.64144177851056505,0.64251952803970147,0.5976029582098783,0.61207007027558058,0.60835615183195046,0.62958589819194521,0.62955261307675958,0.65469240067197187,0.57093726922008958,0.62458533865549903,0.60305450736539123,0.63862394048030491
2016-12-15,1.0797309708859362,0.92243714617747885,0.8345416289343579,0.79986556141209242,0.80618932375248842,0.78240592424189448,0.85902781479861856,0.80511267180462776,0.80858302767049683,0.82449132605392306,0.80842392247766792,0.88217758415917602,0.80562164143514559,0.82254235027790445
2016-12-16,1.2786981684065981,0.88061560106288794,0.84409759483000513,0.8244887587139057,0.90563581725308073,0.80776837658004685,0.89970849894478644,0.83449345789470253,0.8429809010424143,0.83744078745068351,0.80663379690925985,0.84564703212160075,0.81503009073324262,0.82731893293710024
2016-12-17,1.6477241181645312,1.1045086482260629,1.1150381656615631,1.0301367819939284,1.2672773275375722,1.0201838141598643,1.0890231306199942,1.068782255921088,1.0947444713260042,1.1087911040744955,0.9968001083431145,1.107975365839784,1.0500091017279465,1.0717135193042668
2016-12-18,1.1818929227881527,0.89514371496724643,0.83632602432017089,0.86835007229925776,1.0594502763586979,0.83009529408364124,0.84068124496922203,0.83456397841694285,0.85988898759577637,0.83770062404457735,0.76296866757707016,0.83770242503440662,0.7727679046461442,0.79781828725090831
2016-12-19,0.60173990430021074,0.62597099643983933,0.46478165053873383,0.42948265847997902,0.47878078395522805,0.46708740554488271,0.48961472298095932,0.46674516183579451,0.46474473426827861,0.47794988072738187,0.41727244213048825,0.47501871847672356,0.50194260066607066,0.51117895154818394
2016-12-20,1.3111254856438221,0.93407184098095508,1.0254947106504209,0.9539258983390525,0.99964511749980123,0.95175259712750293,1.000709819473002,1.0182970475297239,1.0229386198631261,0.99009174277253009,0.95895005550036749,0.90430656965072775,0.98931784442326631,1.0406072510044782
2016-12-21,1.1980888764076982,1.0546141194104559,1.0767278043688375,1.0155131278771428,1.0980056212362652,1.0308319473829346,1.1207966185518146,1.0797935066011919,1.1041494799085532,1.1079191948656253,1.0479835556588086,1.0074956629834375,1.1027084811002628,1.0840670180825509
2016-12-22,1.0323136974938529,1.2245777561018407,1.3512403280506786,1.1409985575574475,1.0228715788822951,1.1456777697226452,1.2035747351681729,1.1682831986673461,1.211802870832057,1.1858678824501996,1.2053371545237166,1.1521766683280623,1.3452918952420889,1.2353212908224809
2016-12-23,1.0344052135769468,1.1788567229190603,1.3493675757962429,1.2492657978698909,1.1075013306306289,1.2529186950342011,1.1754586017075381,1.2169194835688373,1.2064822494834124,1.2412160113303921,1.1866878348818406,1.2263734860578268,1.282124492253027,1.2894748547789112
2016-12-24,0.960452355582601,0.86160247903656106,0.7730682277628983,0.99278775697214183,0.90621483979072792,0.98972057517873591,0.98265062174386586,0.97711518169073019,0.98014919707384163,1.073636194239997,0.9983421585767619,0.95742480662025964,1.0641259527642331,1.055545711254783
2016-12-25,1.7075259865020365,1.1704823431223654,0.72834333544361118,0.69852521157205649,0.70796651493401597,0.6919332560602659,0.71377960098525806,0.7089960270477963,0.72887636884258833,0.67390619493104009,0.66910599637457735,0.71617640600723564,0.67559962153464281,0.68231606260404309
2016-12-26,1.0170621751649835,0.80046666302584613,0.55793584322272016,0.82829121147414397,0.77051525305503954,0.71765095182769401,0.78617234720170481,0.76650763038685921,0.75975500080821901,0.80848573414725566,0.70617844097431282,0.59649217669734567,0.75126025780015881,0.7506184682667425
2016-12-27,0.88116888593214537,0.73583109537333535,0.59184546633360291,0.57785826883077485,0.53792121642168678,0.54845521966262623,0.56537090417275238,0.57296965931644039,0.56910858852961199,0.58013944979419896,0.56368148420187925,0.5494986356367596,0.52668660628774888,0.53605748951457655
2016-12-28,1.4251819976932041,1.034830562017875,0.78163641012042007,0.666367041943557,0.7487439740977595,0.6537718889895906,0.6802756524186151,0.65993549098907955,0.6707898639631874,0.67076398064633203,0.64774727026243584,0.67172421242225766,0.6395598408279014,0.66345754847777416
2016-12-29,1.0512832975186297,0.86193146202289372,0.85662405431428057,0.76815209047755018,0.76980544969713594,0.75353553323469935,0.78152727478241812,0.78074325174318704,0.79077569040074558,0.80994770633217139,0.79454800571422168,0.86084407629412085,0.80405149554022626,0.80443759095749323
2016-12-30,1.0632565792993558,1.0243292006627664,1.0967048956771688,1.0171278298659907,0.96964836992238934,0.98307132667119679,0.99382766941455936,1.0129119710121834,1.0322464300445058,1.024285194962766,1.037096686048101,1.0124649482964674,1.0052687283431765,0.96344949929591439
2016-12-31,1.4467302863057137,1.4324635017865806,1.4141714921796569,1.1790045946925529,1.2271782281631578,1.1565655650085209,1.1805489139123426,1.1623463803930398,1.1727155048537345,1.1677309218498912,1.2156353919542029,1.2670934277795241,1.1746967548085774,1.1341579078165487
