day,raw_ensemble_gauss,emos_gl,emos_bst_gl,nn_unk,nn_knn,nn_noemb,nn_attr,nn_hybrid,nn_hybrid_knn,nn_hybrid_res,drn_lak,gnn_geo,samos_mlp,samos_attn
17167,1.2913598834112829,1.378281806233008,1.0329338310401222,0.99577466733938169,0.97334160655087698,1.0432063972792249,1.0194889842772705,1.0099499207349221,1.0129607683650284,0.99167710383211427,1.0084596168767406,1.0102519364279696,1.0099802686711177,0.9791092163238363
17168,1.5297221168958701,1.6613715359043317,1.3819957976005535,1.3385070671824537,1.3013855533976464,1.3638922205281536,1.3526319692081854,1.3201918835514233,1.3218924978082911,1.3260301809586976,1.3070183818316199,1.2924070014031925,1.3037957604971642,1.2657355943782334
17169,1.3495762565293883,1.5819881087263028,1.2424876649813095,1.1281384288772416,1.0967548451668436,1.1687993300308122,1.1527475953737358,1.1117971340099244,1.1137623422888474,1.1284223863117964,1.1520936815843486,1.1509664195228053,1.0983458581294359,1.0780696533999163
17170,1.1714670029105345,1.3145809942855136,1.0060602409596302,0.89251157533562964,0.8843200415000716,0.92432542492203229,0.90985422391787396,0.88183837760091943,0.88158503899151319,0.89126727151120821,0.91191667965518775,0.92325294085290754,0.86306774043437862,0.83274132029989123
17171,1.0560235299659668,1.2121788594436922,0.90994094702784312,0.80823157912291199,0.80914324895653866,0.83698898969627311,0.82526890347945414,0.80654363348953573,0.80649691868192419,0.81154205093053888,0.82005612574479247,0.84680404326656988,0.79009846735846179,0.78213754507706257
17172,1.1538405257366071,1.1072387892046236,0.92956742523158598,0.87636754557176122,0.88900915112838585,0.89455642823136117,0.89125437713579381,0.86305964265761204,0.860460459937476,0.86384068335394848,0.86345462707817999,0.90614460527788721,0.89116431577052468,0.88960540851057668
17173,1.2545783321652639,1.1324160796406202,0.91083571951078324,0.85487531920423365,0.87908354606587502,0.86719754560571771,0.85746376145923953,0.83987930920413978,0.83676576624030263,0.84467677533476604,0.84534969996162679,0.86631759630320937,0.88409950651434377,0.87070660720273052
17174,1.1446990571785267,0.94172293723004774,0.74563526612064357,0.87196243148389851,0.90649717670218588,0.90248981749807877,0.87922778091809439,0.86307957465067342,0.85950659752912251,0.86064725037942913,0.84784845542904452,0.85068280784695605,0.9016629599915077,0.8891478042271842
17175,1.2749345528170068,0.98175101830252842,0.79545052153642326,0.78972256886312886,0.81620897369677381,0.81510035355074051,0.79514077832047092,0.78751022756051936,0.78555946703171498,0.78865535462519909,0.77025359924891956,0.79306285954280487,0.78506244853771201,0.77423341775599064
17176,1.2771229729036031,0.94679400896967636,0.74694760832561113,0.71163494540626226,0.73505902441891913,0.73107573939050918,0.72086933533980302,0.71319300515719619,0.71277066952445967,0.70918029074576872,0.72320173438636581,0.73075886478688712,0.71589321396115346,0.69838946368340915
17177,1.2662670301041024,1.0553832337320217,0.78697704182233341,0.75902327548506932,0.77247355219759251,0.77812883338017436,0.77558984613616322,0.76298515344054363,0.76411732431375967,0.74549401847320851,0.76088275563781582,0.76893889032411789,0.78499181198644175,0.77108023544877424
17178,1.3620472534618708,1.1520112559274662,0.84744019496124612,0.84520651013367276,0.84917336858773684,0.86729834609437284,0.84186266610164873,0.83280673274282913,0.83274336629604517,0.81546779808252667,0.81351592201333722,0.81696749099366373,0.81251764297516627,0.79748524449609703
17179,1.4924654928890404,1.242293318309392,0.91085260430544412,0.79077503807919913,0.78971661760185718,0.79752101753897819,0.79675936654644053,0.78857051011948787,0.78672279184000948,0.77188223380550036,0.81747424261151147,0.80655091364279008,0.77235649168448517,0.76805276859858362
17180,1.5532799391740166,1.1955460051055113,0.93852640963079303,0.78713520812319104,0.79800197864013178,0.79529509291643807,0.81044017659347167,0.79964236409429257,0.79881579246710577,0.78096894216022072,0.82628524696083772,0.82772208135543524,0.7745488827893946,0.77840938241004065
17181,1.9057905322846544,1.8142867600870431,1.5701683751065052,1.2809445626797753,1.2675355586852082,1.2868620990916988,1.3201741518914649,1.2741802017591886,1.2741388271875647,1.2666412210843649,1.3834872078235021,1.3450039384441326,1.2608425845632965,1.2548074001311784
17182,1.6892894959140055,1.6783017389101533,1.4479521143446064,1.2036770209921202,1.1788698894950729,1.1979107656589003,1.2231941931940224,1.1944795679699498,1.1945690283675214,1.180013620943849,1.2897263647521948,1.2885228803931355,1.2056965741262431,1.2119666366501585
17183,1.7165091043186473,1.6756083429032242,1.5296021978408265,1.2920056816737107,1.2671863867300035,1.2832904400493907,1.3120549929915979,1.2893084076818917,1.2893449674688662,1.2707437685448133,1.3447874318950868,1.3560823473250387,1.2931460782907471,1.2723658318217037
17184,1.8388610342612011,1.9562661205184304,1.9073512587919847,1.6517199582291904,1.5924569427631547,1.642233518394957,1.6711798541845395,1.6483214813991904,1.648124055912763,1.6376548294690201,1.7011015857929956,1.7181021267352137,1.6425662843407982,1.6261823726632609
17185,1.653840197208182,1.5124577467036522,1.5871517336986334,1.3883186294967993,1.363120638883333,1.3472321894998276,1.3821005317795361,1.3766568568110042,1.37523390231836,1.3612237038515747,1.3810336601674851,1.4090792539256183,1.3338850000641798,1.3146413934269798
17186,1.6378162233956488,1.3474312433939415,1.3959555962420318,1.2885038097305652,1.2858339509046355,1.2585345268589807,1.286776466612193,1.2846077215553051,1.2832625237677771,1.2697582014082331,1.2870307961522589,1.3082968067562981,1.2562364174148597,1.2463321483043965
17187,1.6478601031280806,1.5563348320974359,1.5176496836933837,1.3499841643351613,1.3230150378837122,1.3226619310527705,1.3408746340673572,1.3286256211261314,1.3287040064963409,1.3182657720197684,1.3210500416870476,1.3759471397831726,1.291533430247388,1.3077905999403989
17188,1.6125276252428034,1.5752893837072701,1.5508323685735743,1.3551799578403851,1.3168657493706757,1.3314633309264412,1.3511279424682903,1.3385388126621109,1.339436512277294,1.3064148531814179,1.325699556848599,1.3875368081956472,1.2842989462317298,1.3103194936790035
17189,1.6731115596100448,1.4210865489715538,1.2922312361658228,1.2295465554877201,1.2444431320997766,1.2345247888490642,1.2370321651230016,1.2358964823169505,1.2346832062423727,1.2018431506057232,1.2051295554477119,1.2687361371337633,1.1963066554592667,1.212875927254917
17190,1.6674004612057234,1.3559385998419562,1.3141389798287844,1.2489247948672628,1.2788120660494695,1.2598822691296061,1.2730629325934146,1.2732114808671438,1.270528691893849,1.2298499924862085,1.2315213858169318,1.2886907085886983,1.2376421030858991,1.2222723967157945
17191,1.4954710559504598,1.4069814847589985,1.3324072060402912,1.2135401729581696,1.2038430669349254,1.2219355701860912,1.2226865927882604,1.2225214006424754,1.2221670010758505,1.207288758394925,1.2268363313833199,1.280632191523206,1.1828086954097046,1.1689814948986901
17192,1.6550421311686976,1.6214824080819494,1.5140280717010424,1.3893307605738625,1.3789568389309221,1.4248477663940797,1.4163942545872432,1.4186689813976765,1.4181876794710713,1.3831495993311402,1.4473083018353592,1.4747540683274456,1.3474349401889758,1.3326860945606909
17193,1.9764334708600964,1.8704286046921703,1.7299741773687936,1.6781354529117929,1.678370322461294,1.7251722622449059,1.7088261848619772,1.6957231497480301,1.697128269099675,1.6721264690797257,1.7189798312134337,1.7122277225547355,1.6822850932746773,1.6497081410610286
17194,1.5288603822453457,1.5200953941624036,1.3194330595431152,1.3234716084553337,1.310568636910874,1.3717198580983789,1.327786199607174,1.3290794389004519,1.3316682521957943,1.3128095582526238,1.3432090614185594,1.3251006855838765,1.3175013343906039,1.287723397561656
17195,1.1233004513436442,1.1122454003122195,0.99659567188735465,0.97866411283739396,0.96490406634374215,1.0246074740152717,0.97318489563165012,0.98679752248204555,0.98953748307678502,0.96135656483078491,0.99441542549487483,0.97397781555238483,0.9722566415117303,0.95637132780452949
17196,1.1072158045528175,1.0554800994797344,0.91272600804529247,0.8881670995748937,0.8742721805176592,0.93747400059136021,0.89228303961591093,0.89124392672651054,0.89574418055253757,0.87593773219105076,0.90137960799563566,0.8845732588340921,0.87366221277942646,0.83575288795043501
17197,1.0414706870492489,1.0165576973761954,0.85536212727578953,0.87349636279862708,0.84975521008487054,0.91720996153884338,0.86717825085396527,0.87556909174794106,0.87963378022212058,0.86190893754581699,0.86776146600003967,0.86529546659271783,0.85793945916405023,0.82558103515746806
17198,1.1001693285075718,0.98358457635892915,0.79400670320303479,0.79256180470091919,0.77778899390329936,0.81710597305139288,0.78438415229118774,0.7950068779259255,0.79778490664041302,0.77724486732012632,0.78336160648757047,0.80570758802589393,0.77419508580031093,0.74093939675045128
17199,1.21067507720902,0.95004417406980457,0.84243991262270634,0.78816224528170142,0.8090210117637382,0.8143688819176006,0.78724853568361064,0.80238247409625496,0.80397892561345219,0.77047310523875778,0.79510276969042071,0.83318075506234357,0.79481062114949497,0.77161200433153398
17200,1.2637548857235503,0.93668218200139053,0.85380672903308952,0.82485049746320027,0.86165842121892822,0.85502289617494454,0.82851959692400257,0.83797257796408775,0.84039136769110545,0.83106687116824185,0.82629096299845861,0.84946321603439967,0.83150604373784753,0.82852278950233227
17201,1.404119856625196,0.99445600209001483,0.95849181408792616,0.95914434977869623,1.0041733017442493,0.97282331510498654,0.96959832053951578,0.97554232673399699,0.97565271281253463,0.98407619436105176,0.97883317023057281,0.97771943929455929,0.9561880391030394,0.97273457848651479
17202,1.6034311631891009,0.94273322279047655,0.86670966203098687,0.92200737334946836,0.98695196374650107,0.95108438105260817,0.93733590581419579,0.93628930269054922,0.93547116073855574,0.91884654138897515,0.85528339463938663,0.8842099412041533,0.9614959059404411,0.94719379093130696
17203,1.3916823440914226,0.8480626175501027,0.7609921979075791,0.7515426824096787,0.80317096851237668,0.76753084972197783,0.74990715747601566,0.74219928597393214,0.74040385983973567,0.73365878965386244,0.71026477819119505,0.74324344393708452,0.75957678975546472,0.7639653726775808
17204,1.5349686653650836,0.91894609778549086,0.76801966708414537,0.76937888014425915,0.81482389229535646,0.78060601509283412,0.76786402224321548,0.76139549432442344,0.75957049282079403,0.74198475041658163,0.71107682908720704,0.7303634910874689,0.76681402014401079,0.77450291332680665
17205,1.4105123053234241,0.95924282848367426,0.81008511400028693,0.79092835376721293,0.81664702005456835,0.7948152401428854,0.79850570877848059,0.77436271929629596,0.77345880851009596,0.77065164049141832,0.76015350151504757,0.7661582781487668,0.78167079569944242,0.79358624588819049
17206,1.4554741099074311,1.0039394981399232,0.80113925182069357,0.83290890466239242,0.85625212286607366,0.85668627770458927,0.84359838347584415,0.82842494234100039,0.83059440374310822,0.80747280892639828,0.79698681706703378,0.81240419287706844,0.82183528652496041,0.84034908459824698
17207,1.2520632726193244,0.98099014374881011,0.90274664782516856,0.86158702966678791,0.85191274018400964,0.8813798269228259,0.88130955622696205,0.86837813052483115,0.8686033200556067,0.83854021090281528,0.85972006030832659,0.88706869045423087,0.84128384996531547,0.8693804162188109
17208,1.4954902354727659,1.1103903858203963,1.1134392248352338,1.0145894002126528,1.0045596854569019,1.0181951811395649,1.0255667187051076,1.0240588443432845,1.0244830627696369,0.991539121462648,1.0210519635657627,1.0709770504641303,0.98449897440452105,1.0152675394961646
17209,1.6619036729445857,1.2354994009979228,1.2120676449007568,1.1019272789248216,1.1098794320163763,1.0998038686063571,1.1038120120825283,1.1062201153171389,1.1080312019591836,1.0717657579250142,1.1063578971781796,1.149881877980407,1.0761570331433505,1.0991014327084019
17210,1.3556706680296229,1.0722745683239097,1.0347494708142444,0.91133595101947817,0.92086708758144853,0.9140110650658394,0.9075300186915517,0.91453344475043419,0.91428835473637349,0.8785573277647678,0.92069502163663708,0.94920640988592964,0.89752266849845352,0.90790533716999333
17211,1.4326346556910887,1.2086401944524976,1.1787622355624063,1.0555773108401616,1.0566214165875059,1.0584913470210144,1.0583917069401338,1.0536119667556427,1.0531085079298752,1.0350422005201243,1.0672485268656375,1.0846981882723421,1.0031617517800635,1.0218690527029539
17212,1.5796711110129227,1.2639759645774673,1.1336676828451693,1.0645050323599705,1.0909501718823034,1.0712851262506686,1.0563992387684478,1.0666436543249018,1.0651852986225976,1.0230449720992687,1.0701266654867962,1.0693609653548473,1.0504720349692256,1.0395435542036608
17213,1.5217645102076942,1.2408485293467801,1.0410234711663295,1.0331789942566738,1.0667391331987275,1.0518512394991066,1.0553409308350261,1.0588593736204468,1.0577104510963573,1.0170113896010036,0.99062609859413031,0.99217685832578728,1.0286934924188393,1.015409107419418
17214,1.5587057612779995,1.2031605655877393,1.0968742634246516,1.0774510579956131,1.1190330624480467,1.0928768868196914,1.0970805930928991,1.1064372680104584,1.104401937329353,1.0706939421613717,1.0276075787099208,1.0406636550891517,1.0484901706094454,1.0652062981875465
17215,1.4594187630890882,1.1366205272932544,1.0360280310505283,0.99431873238017643,1.0183300275551581,1.0029862966017595,1.0030826369737038,1.0160222435797386,1.0130536868886069,0.97852787740997749,0.96760476689391783,0.9968816880005309,0.98568477629062345,1.0109951358487872
17216,1.0876891186883788,0.94301985700399704,0.71202005162549153,0.6175934626436923,0.63665450247954836,0.65177340881550794,0.63257639253022102,0.626964802467605,0.62634978701650801,0.62032222601017206,0.63997190433847129,0.64805079392649201,0.61446215448545738,0.62242367032654233
17217,1.0513522744870385,0.89038154122286783,0.65710899941724976,0.61603041838530836,0.62763495583641271,0.64677339225391728,0.63000933274755466,0.62004804441172334,0.61862005597695535,0.60380911885626876,0.60466126323932234,0.63531916851933756,0.62162135814116071,0.62129371138783884
17218,0.92039572251346002,0.91065081203895082,0.68513935303706353,0.67585459618364863,0.67092484378418771,0.71879676665069647,0.68261473882237234,0.67439778812719164,0.6746223069445404,0.67629320168033336,0.66861997854175814,0.69376743655630524,0.67403531485442458,0.66705978895800588
17219,1.1725853287249601,0.94359458618003056,0.78713774319462348,0.7491472779918531,0.76450537400997531,0.76461447334961974,0.74346150006867251,0.74844234798194986,0.74830869896496921,0.73563594580721348,0.71361512426984408,0.74970353979873972,0.73833904397588368,0.7219427454716113
17220,1.1980394574340403,0.99275171595245371,0.84865701405449734,0.80454504802102822,0.81074188837166239,0.82888611903043452,0.83080145541454398,0.81556777584169537,0.81484401156488884,0.80795545487058407,0.76094248829273037,0.7951685350192037,0.78649803172589083,0.76785044282430526
17221,1.1813655072284437,0.98390253346986212,0.8365963974022913,0.78536902510850581,0.78501547740944277,0.82060260737213531,0.80103101767350837,0.78910620130438691,0.78880728846417514,0.7817775570150135,0.76084116419364578,0.78358319640190099,0.76139553955559536,0.74426073174664742
17222,1.0850088321826785,0.92811703481659347,0.75865120052468005,0.74225702759670531,0.74819163787399245,0.75110135223354546,0.74751445772152625,0.74797317377645656,0.74922553978398698,0.72587499379614318,0.70185772003687263,0.74462120220318595,0.69235659021424956,0.68401070686126286
17223,0.96277209213082371,0.97435853317040233,0.82587725181574168,0.81606551817807882,0.80783951412500443,0.83904516987526645,0.82679478511550486,0.81545525661772167,0.8182738454995383,0.80434337498295461,0.7982944108820349,0.8216564442103288,0.79353147888360009,0.77621872208166398
17224,1.0239961337804706,1.0143944374240799,0.82307525946630011,0.80572653892779955,0.79735689292709488,0.83609644084778756,0.80740542711244823,0.7983726798227162,0.80027839233487019,0.79048988812159182,0.8193550974495325,0.82710636677817162,0.78946110477452514,0.77742690950703508
17225,1.1363259800323717,0.98775098506119496,0.79510980609225612,0.73394607543241341,0.7476742254092118,0.76454361013243377,0.75711065300303615,0.74525802733384483,0.74478026655968388,0.73831496425455689,0.75237586808426737,0.78480169821932022,0.74194638895351017,0.72396956531223688
17226,1.1581274137577644,0.96091694755462664,0.76944630186986696,0.67678173818253096,0.70196924070780187,0.71341612359770779,0.69545157078403186,0.68673198185938744,0.68433662544757556,0.6830125422459401,0.70480839514401239,0.72214886635209385,0.70425014067792524,0.6741218197423513
17227,1.1623740801905416,0.92696881345762916,0.73635795073208421,0.64955779689278492,0.66955233217249543,0.69252721908065062,0.66523921213487347,0.66005541261897127,0.65802721277090248,0.64394412084187735,0.66618332650870316,0.68241633059925899,0.65903203036167768,0.63437310112789835
17228,1.069457316842729,0.93909703998757377,0.73595644487742273,0.65987883038948603,0.6663395895388371,0.70912110100668435,0.67324543489461264,0.6628741622082307,0.66147039959023357,0.66278654815250226,0.68670921346990144,0.69076475311198238,0.67248041530542724,0.6353722723404045
17229,1.1755098479827173,0.98774536586916384,0.7980193748456752,0.76470178431193725,0.77739290665648286,0.80861485812417877,0.77147161604631298,0.76459863749649859,0.7630799505223268,0.74533685743962419,0.77072693666767778,0.77787981503538994,0.76346582366995053,0.74067119291577999
17230,1.5258428032591942,1.3158154333154581,1.1210648766976037,1.1582189503314977,1.1704314114471097,1.2103924720525072,1.1799278129671846,1.173133914958937,1.1721594913876607,1.157664896396549,1.1742003251887572,1.1675323363809396,1.1682425569764174,1.1493676804363606
17231,1.7213966235547999,1.6250050819836359,1.4856014128909258,1.5800776577399036,1.560954872136062,1.6343214789747422,1.5896466422781981,1.5709886227286707,1.5697424265789606,1.5663889524232086,1.6116102700031805,1.5787821232694585,1.593744744572051,1.5696223014897297
17232,1.1464297878681511,1.232359223580632,1.1152192672126644,1.2038143969345909,1.1704196326731522,1.2721654375133808,1.2315612934004168,1.2087205636032992,1.2063128699672361,1.2215355232340253,1.2224077077864917,1.2055786558692283,1.2132895943202606,1.2211120309983821
17233,1.0482662508223122,1.1099656877026063,0.98654795598831369,1.0500424686581873,1.0256539409948688,1.0957936668437673,1.0695251352517845,1.0472066141054284,1.0462014240315223,1.0557680216647525,1.0541275993770955,1.0549225035811276,1.056790279336612,1.063438933071027
17234,1.2051812853456909,1.0962853335581273,1.0205469237848837,1.0738303369002211,1.0548756294023505,1.1114460351980506,1.1104886217091063,1.0976969201238367,1.0975134012297472,1.0802793072500698,1.0575666577767511,1.0641624005891044,1.0881711643413186,1.1189091072672965
17235,1.7139526412517827,1.3061803662497591,1.1955240517364678,1.1777977521654821,1.2245773108145719,1.193828540003806,1.1965639995239401,1.1972586769971079,1.197998087997767,1.1708568601086189,1.1651500559180601,1.1971385008067854,1.1857554476125927,1.2150606986639603
17236,1.2578209010994217,1.0336076446424278,0.9758954047061007,0.96203191721696613,0.93951583571965624,0.99764067545093382,0.98535227582348406,0.97552120033120027,0.9728144546843962,0.96405261354326255,0.94035252351204224,0.96502689854513379,0.95009765114688438,0.97667337940851728
17237,1.6018936998124527,1.2233706745728008,1.0742586993479235,0.99852074621238707,1.0036672550084926,1.0186145455149089,1.0133570270000798,0.99753978435386936,0.99539207938395036,0.99135667627647939,0.9705890856770617,1.002444801404909,0.9849138239547276,1.0369613249419496
17238,1.3979726493127387,1.1220533578016405,0.98984883527502754,0.89314947956972057,0.88678977400845349,0.90915509160419716,0.90601868292978549,0.89234271552367661,0.89061150238710363,0.89007489033264831,0.87853030238733132,0.90623245768990357,0.90280927066831862,0.92200132288165504
17239,1.5537620577312146,1.2029475767866642,1.0482487205932303,0.94787700752370763,0.97193110470895183,0.96184488745968633,0.9539852229350041,0.94860899082794681,0.94824897962789922,0.93179872046830226,0.93661815991551756,0.95649866575776488,0.95042864142222083,0.97059256442226283
17240,1.510124354081456,1.1872632814345636,1.0306696527756547,0.9054850923454667,0.92302081283500181,0.92393550552029735,0.9096727667839446,0.91235139261129716,0.9126254756431984,0.90247171454583708,0.91976904005569504,0.94228742695079859,0.9087657893163833,0.93701937845198957
17241,1.3339521612307417,1.0933941792768762,0.82716647056583437,0.77567038939391875,0.80151947840916538,0.79304859555657126,0.78037281532270097,0.77525565429016008,0.77797952550060434,0.76993348882798396,0.78172229981079899,0.79161388092693685,0.77405857296968095,0.79192647989224607
17242,1.0778873652129246,1.0524593554675759,0.76336159577508811,0.73524798383028411,0.73561289168841315,0.79189640736166833,0.75938119399612336,0.7422828301198775,0.74625712375499464,0.74248588898479828,0.75259299702734084,0.76155174853204155,0.74677122365327753,0.74087790867036063
17243,1.0241801711676712,0.99735542473479355,0.71967463110700014,0.65221089272434674,0.64832685876578455,0.70292826122304475,0.67043996139148143,0.65765678659187443,0.65726979384391848,0.65267802929658758,0.68146286926350041,0.70184211011498399,0.65328989064373999,0.64754036569237972
17244,1.3292818356664606,1.0965281077870126,0.81503092967083079,0.78061491464323296,0.8107935584130741,0.81934058806431509,0.80674512180447577,0.79124617830157096,0.79277647904658122,0.76816398920850093,0.79204467010931456,0.83032190268931405,0.79514532684286188,0.80181252349612842
17245,1.0672318757650066,0.97464585378643553,0.76387657496868511,0.75499508959796413,0.76425853749694084,0.7771999369967002,0.76669688824731452,0.74880584709377507,0.75093432195560983,0.74031069234717395,0.73604834788523565,0.77035507434817041,0.75080337689226029,0.77274876307703433
17246,1.0384997508369009,0.93496792314174615,0.80005154807768419,0.80919382779982185,0.791085560220955,0.83829802527795794,0.82328271613343951,0.81870331371155625,0.81948302381782478,0.80807026678404259,0.80122990703351371,0.82744936762717336,0.78453050074567665,0.81814677671435343
17247,1.3559812453633575,1.0565014935594224,0.91732758083867216,0.94984011430577164,0.94763738998515368,0.98228162522477325,0.97765829930059855,0.97116377997182546,0.97200648165171566,0.94158991933736635,0.93699562653505941,0.98288407180424597,0.92944482296771247,0.95579435985620664
17248,1.4308885134799352,1.0932931010320297,0.97079136875200633,0.89773614695085258,0.89213552952911879,0.94006776814459592,0.96698201818055063,0.95571598326351592,0.95809112058838763,0.92341069494905159,0.92702444722560817,0.9709458617753467,0.89084711692645813,0.92774150476444917
17249,1.6381691947617611,1.2435852002815302,1.1024161355260644,0.97851766968256226,0.9776092420200414,1.0087582831262913,1.0268510069792016,1.0271633070954067,1.0293301582722205,0.99250724936921508,1.0113552957506879,1.0532394962901743,0.99290473977096827,1.031050187757347
17250,1.5571108901530846,1.2079590279793877,1.10056150193022,0.98966756105713793,0.98944933506704147,1.0083729317530885,1.018510860027426,1.0274588315700544,1.0268428322807792,0.98428085561438916,1.0215027524063451,1.0531668130594822,0.99326716612423371,1.0251372192862118
17251,1.5782881883844773,1.2536592410986407,1.1802677546624993,1.04550840778397,1.0546727168838537,1.0502666227394726,1.0629709775523191,1.0767484426192977,1.0732244352407101,1.0339395045730682,1.0609350988727115,1.0907286762561599,1.0419511771853311,1.0444189296034827
17252,1.5951886399114077,1.2689002240427265,1.1374320109702016,1.0258663155108116,1.0377673922052613,1.0463841719531959,1.0431569087524872,1.0575507328587632,1.0553160924881131,1.030328856154844,1.0320112574453815,1.05502537319703,1.0481772328127155,1.0472441052339965
17253,1.4928878959000464,1.1972170850453792,1.0346656357252912,0.97193083428463234,0.98451622054640753,1.0047606050657012,1.0109174825384786,1.0060249240737342,1.0038343519747006,0.98006252811084515,0.94557030945812259,0.97911308548742138,0.97767582632101557,0.99311545379910182
17254,1.5370565298293162,1.2367047826935516,1.0428445180554244,0.97780005030749673,0.99995406825690814,1.0070506565723782,1.0123747245259143,1.0102834942593752,1.0106906953044792,0.99041835061365446,0.96990175977661952,0.99231404123028633,1.0042931178686578,1.0238683928098282
17255,1.5485911168782649,1.3092939555565806,1.1232401945926076,1.1238356326656977,1.1141678775071331,1.1572791132864522,1.1541658092498248,1.14993443142302,1.1488592309801522,1.1250206702539918,1.0784277487454468,1.0979474622125442,1.1320002616301905,1.1593660781896191
17256,1.3285635674456286,1.1916142166984498,1.0217766181337031,1.0011379588865366,0.99932052487168743,1.0344042890757212,1.0231617386786847,1.014415812879256,1.0154352028355702,0.9873131534373677,1.0017658090621282,1.025013205685626,0.988525737033361,1.0325730297746385
17257,1.3114043710877459,1.178297132370179,0.96207369176894653,0.93138890042312783,0.95393369826225971,0.97862532316274919,0.96514492394902407,0.94993731705339546,0.95293364879865894,0.92545945585198719,0.95338101181827772,0.97417746039066277,0.93246286415175061,0.98189122059949951
17258,1.1937408012697472,1.1175905889457591,0.98485890755894945,0.95799374018193717,0.95274529657191298,1.0074876595974047,0.99197858588164767,0.98274151569672397,0.9831720622859087,0.94622669715430174,0.96604847004967143,0.97924730138156602,0.94903353640833177,0.99006906499022562
17259,1.152231678984823,1.0927914656312472,1.002584110690959,0.96771788364201372,0.95497562402425706,1.0291958262336338,1.0079377012908179,1.0014850131287332,1.0025840624023021,0.97830565307544226,0.96597255139255467,0.9909291715949935,0.97977288607065272,1.0278529425779428
17260,1.2503526293299965,1.1182498665048055,1.0559929960231735,0.96621420653324031,0.95197845013013194,1.0192775166610988,0.98620639982846736,1.0013349680362782,0.99963234950029201,0.96417485674144066,0.99453658275833479,1.0121649549931853,0.96386009741334377,0.9943869814741465
17261,1.5238593642133735,1.3285847972847251,1.2277356824874506,1.1107093501335785,1.11196971995727,1.1585756589138516,1.1353928098858517,1.1379362539313356,1.1359048611599181,1.1091589933879278,1.1500883522385799,1.1750725864233047,1.1388597346691087,1.1720343583625066
17262,1.4817562919562071,1.3485283210738284,1.2637463194550358,1.1383308555719385,1.1146459958354027,1.1777792260125359,1.1668328808656114,1.1673164266238698,1.1631882353625216,1.1485783366721698,1.1642675177831916,1.20676148200202,1.155506689292545,1.2119629570495349
17263,1.3343322383320115,1.2348664544873167,1.1618789937922465,1.1223610541786511,1.0964156762381914,1.1463983826181849,1.1402165709911773,1.1357327852482555,1.1331952429795227,1.1176009875325352,1.1058384656582396,1.148545403910423,1.1189934020762227,1.1645050925485614
17264,1.5455379962358016,1.3168820061062874,1.197019009491485,1.1288911941295194,1.1171261132021388,1.1172922470148048,1.1297259432532691,1.1373002803412413,1.1332549867407107,1.1014063457536423,1.0967598485779715,1.1278028789537833,1.1016652291016829,1.136218185566845
17265,1.3943732378298332,1.2217803603309079,1.0726767765890983,1.0309203168480849,1.0522835912026405,1.0385928719447415,1.0283712096409596,1.0336585894323405,1.032116063320883,0.99914208508266167,1.0117067460356894,1.0365182005080691,1.0136870895605437,1.0206173585814986
17266,1.1573417794431531,1.1017182363336193,0.93257083237224359,0.85917210213414474,0.86190323966732063,0.89142814609807286,0.87657528978728638,0.86972810959561098,0.8696264041098436,0.84614526719010452,0.88166728901304825,0.89740843168647833,0.86487108138840041,0.87239816019433492
17267,1.1572394131043575,1.0710089045409437,0.87888756239891297,0.83433227930514864,0.85019848957052269,0.87658153655948634,0.86086671420325334,0.85259846469062339,0.85404943437615566,0.82414254093788197,0.84848656064753991,0.85562725020419361,0.84974284854411342,0.85362125056965044
17268,1.2074797483558481,1.1134730120560541,0.88618294587176438,0.89383463208009939,0.91691637611855303,0.94408127103802597,0.91664949231113924,0.90852423055678744,0.91003313793373608,0.88340590165627031,0.88863607490215857,0.88610889534776094,0.89575008460218752,0.9166983459684257
17269,1.2350894769559713,1.1991566747133982,0.99248429230439095,0.94686316188282027,0.95152124501241975,0.9885868994383451,0.97387938333857793,0.97588586312080661,0.9776347130408104,0.96882479222117146,0.96500618482013911,0.95867220454304791,0.93805357927147914,0.97099836360832936
17270,1.0473436885953675,1.095778017950956,0.90812301887931446,0.83748267309588398,0.82585894810512717,0.88424179055445296,0.8538518002174702,0.85126461022147237,0.85284730664565156,0.84634458664973311,0.85529512763009563,0.85959445830025483,0.84851036901404342,0.85845691500262522
17271,1.1841176302881586,1.1593922161510746,1.0335297637082468,0.9337157445274471,0.9252392296891172,0.96059430349340502,0.94473316583522637,0.92823659746581366,0.92844960158346557,0.91342214718315728,0.95444454645200483,0.95848795921723351,0.90921694136413889,0.95771621404958396
17272,1.1934382069255522,1.138873945257501,1.0091481428381213,0.91259644989430611,0.89755358322127654,0.92821034673748271,0.90035120507678179,0.90797417252237844,0.90870523617040377,0.88061438064520337,0.91265167093590482,0.93098640015547274,0.89613600525027381,0.91388491158450225
17273,1.3079454408529569,1.1817465636805768,1.0305296919198723,0.94918306551226961,0.94295943699400131,0.95933491093898293,0.95063061617565525,0.94854670723026024,0.94816077564958456,0.91091752325967923,0.95074694933176529,0.9687596982691421,0.91321255428072901,0.94445905723007317
17274,1.4061553749539553,1.1906399130523446,1.0290027042311514,0.97972855686413796,1.0019780957354643,1.0028805029530636,0.99366195502536325,0.99157441139652025,0.99229679157878037,0.94877330156309347,0.95787933382203805,1.0030594841869469,0.97632788663904091,1.0006610146213772
17275,1.222664429458985,1.1914405811301885,1.0570080774188813,0.91834963015010296,0.9114285128819597,0.93746197129239739,0.9357608518216155,0.92631383089485086,0.92577969048009212,0.88794052158670944,0.95224489015336666,0.96686320748832888,0.91540196188571044,0.9372654193556752
17276,1.3280369362848405,1.225063871164688,1.0991865722680716,1.0528612175167149,1.05705207729696,1.0793042230598262,1.0659708387727844,1.0581451257811545,1.0574048030834449,1.0196576253454945,1.059578583922079,1.0811612368469767,1.0687271523683517,1.0704509438438898
17277,1.1925443198223413,1.2167789880875723,1.0268194396546009,0.94115977701079667,0.93027419934054545,0.97619871767067989,0.97125999919882855,0.95442984894588534,0.95369595999462597,0.9352137933510315,1.0007453628839353,0.99936870281611911,0.92607219989937029,0.95421572727765036
17278,1.1872914585367629,1.1231551739336436,0.9310499124545546,0.87355633218494577,0.88017762086634732,0.89329792405893138,0.88039381839494446,0.88021849923276452,0.88166293706265908,0.85724593651340253,0.89596319801858293,0.90080109450455392,0.89831568616442292,0.91634683090183855
17279,1.2970244490280936,1.1319373242766184,0.94392824875055104,0.92403012435482046,0.94166580820358992,0.95437599998496603,0.93856818132735553,0.94025501972342129,0.941669414172431,0.90961714503988211,0.93587986576536919,0.93627925391246325,0.96225936965836412,0.96153958343025614
17280,1.2093357261147428,1.0923044302217237,0.92379430530501305,0.88385139597764617,0.89050037117123837,0.9237529934776626,0.89694569440073113,0.89364297682780136,0.89424244480903348,0.88095982397439865,0.89303382425044353,0.89312211877525649,0.90111907253828571,0.90962585672211405
17281,1.1724603870278953,1.0712096844950971,0.92720342361917041,0.88236179009621096,0.89265437237020251,0.9175663255117662,0.88916045703244218,0.8949053767883306,0.89666442329223139,0.86629048305562961,0.89973358492422029,0.89178555873753629,0.90891236194595715,0.92630358262086254
17282,1.4789164262517733,1.2418574780898188,1.0576673151008484,1.0029539295774499,1.0410790742276552,1.0087982057115201,0.98432878811850089,1.0078470860771063,1.0093095994867674,0.96383396649838327,1.029803654767629,1.0566187639384907,1.0186646935624935,1.0372882367344567
17283,1.3392632749296405,1.1734078198512954,1.0270751616658789,1.0141724054540631,1.0270191421033417,1.0157216968434402,1.020166019083077,1.0318027495602859,1.0320914212423455,1.0103877667321088,1.0262648030448016,1.0404005242930734,1.0394186670866195,1.0671458049130267
17284,1.259623369224858,1.1114451221642976,0.88285450221045436,0.86395759864139487,0.89297274035665197,0.87629894713661172,0.87250759507799414,0.87458063366393524,0.87653012182637546,0.83450205661885113,0.84468947893067192,0.88607699175476995,0.88564906801059229,0.92224180155667546
17285,1.2032670165741315,1.0532334732035633,0.82295105839393012,0.7950589003380647,0.82366308183976988,0.82877031080875785,0.82533102144955794,0.81907079877950961,0.82126467691272542,0.77561292053198894,0.77984390633770684,0.82702539078022586,0.80701354131608527,0.84049696059526735
17286,1.0512083271596118,0.9367139578294672,0.71148618664517416,0.66355331720674271,0.68037589776701124,0.69869880972740306,0.66890575418773757,0.66257251959759089,0.66413236254878172,0.64452555402331246,0.65213354054965345,0.6991979101718313,0.66076164720082164,0.68127513408415552
17287,1.0320518871918745,0.91729600121559296,0.68635980033364508,0.6691302352588625,0.67870935774065688,0.69805800111899363,0.68908005842623199,0.68077081873772261,0.68288031875268873,0.67008751471822814,0.66408856526995452,0.69021231365268654,0.68542474686779986,0.71440617831290243
17288,0.8987718014785091,0.85413820383052041,0.59848114983400458,0.61559156678235227,0.61724113113416901,0.65415703331599528,0.64307990510736468,0.63286713742015399,0.63364262248576986,0.6082673156344689,0.5950834635826967,0.61483459551376396,0.61048715567102485,0.6266118558605861
17289,0.8608880107678738,0.83660111255991698,0.61028500279164855,0.61125293999841457,0.60571822880639115,0.65834530474498587,0.62693988659790245,0.62360853138557426,0.62419767601513143,0.61081615916326737,0.60509565416988953,0.62347619958856926,0.60482091908430957,0.62049084226688
17290,0.87131026146829815,0.87472000334124211,0.63272315784127664,0.61636549971817878,0.6158055668874266,0.65840484863874549,0.61917189701866104,0.61788783951721105,0.61901135085322612,0.6109379048332183,0.62668223406197676,0.64652376518291155,0.61729732508923485,0.63623467607387563
17291,1.0105190542439848,0.88757576242754699,0.70195037356687051,0.69373569237167787,0.71416472205276371,0.72561823230478073,0.70231351004397902,0.70158077283411036,0.70367730643200777,0.67839437667698321,0.68935989128304298,0.71522108597201151,0.69744075758676638,0.72321227072982452
17292,1.1172859217363977,1.0387667890975003,0.85752827597645132,0.74816269939220847,0.75672210073111745,0.78451463256750853,0.7567921994384017,0.75991221388599695,0.76416462225995452,0.73866821701027008,0.78118694698721036,0.79506454819818706,0.77192122100512717,0.80314063932851854
17293,1.286428343530815,1.1428559898244866,0.90267102349120887,0.76432237022151972,0.79115102195550291,0.79439770574613355,0.77747871384579903,0.77352265074173843,0.77811045341656471,0.75798214263846309,0.81961258110956703,0.85368500867095698,0.79224769700909814,0.81094147209552292
17294,1.3282276181722914,1.188829082509014,0.95647456403211761,0.81117555040761824,0.85787431598611119,0.8385178344923806,0.82543065706714647,0.82461111825991351,0.82891301987958299,0.79678757960443103,0.86426027978254838,0.90966549196536972,0.84412390362814338,0.87367092004411795
17295,1.2953285510725625,1.1136848134114303,0.89041694855682074,0.79641494306835847,0.83610164032086864,0.81508268367857839,0.81274636209349271,0.80351709224809187,0.80688213518526775,0.78427260785436859,0.82284315614984649,0.85830753172218144,0.81814067552591263,0.85503955598364112
17296,1.3024150505194811,1.1414227922032845,0.89691251582178211,0.8221633608862795,0.84572404138203305,0.8452028554170733,0.83503293122329458,0.81872817699844247,0.82010036003568298,0.81388930168492224,0.84029119276124198,0.88158634257949775,0.8301372575206627,0.85902542374614732
17297,1.4949580372252758,1.3164228935659346,1.1162459033844438,1.029752836115202,1.0521823837104567,1.0581580313531267,1.0406042084052494,1.0337336369157959,1.0323940645192853,1.0066349373809569,1.0596774964554516,1.0931461454405778,0.99851219945283642,1.0123099387034975
17298,1.2556252318208818,1.1605415662688454,1.0349931106837111,0.9939890016835855,0.98448973328654021,1.0127881957157117,0.98051471142383562,0.99031579461883057,0.9874293069511082,0.96498484967941645,0.99167805917508689,1.008156002093733,0.97044334910549801,0.99658157129654856
17299,1.782137085131235,1.6031017623390953,1.3203578328028318,1.2931285924362614,1.3392521741084482,1.3163551869119579,1.3033675773938869,1.2990136654756494,1.3001816048103445,1.267115642427562,1.2808454983537505,1.3146251736171073,1.2909747113814714,1.3309671134076031
17300,1.8295781288667055,1.6058364618208427,1.425407068483348,1.383248370480147,1.4352539891062019,1.3888038216729366,1.3668393968887478,1.3758866445339391,1.3743308991776082,1.3638055727075298,1.3603186097687756,1.3856571801385036,1.372657110306041,1.3571906618829064
17301,1.7891934215837102,1.6170781416329743,1.4063870670234424,1.3424391712945991,1.3941892547660328,1.3825535291517939,1.3644311166751006,1.3729100675954504,1.3744679596135745,1.3511916920241189,1.3261653937532767,1.3534615910559604,1.3622351714330512,1.344286070389904
17302,1.5780517272794143,1.4364240529873022,1.2540204224816072,1.1617761872379422,1.1907956034478566,1.1854023823104405,1.1666725664409292,1.1553576261846248,1.1551776624186636,1.1491606226447757,1.1319994181332398,1.1656036742066445,1.1653481958061829,1.1539167381030007
17303,1.3053709098249302,1.2437677537507557,1.0779523568078648,1.0443164517879431,1.0590777192609213,1.0740130323400143,1.0503100807595827,1.0476986521846312,1.0489612234570003,1.0326341473836256,1.0037728258933196,1.0483177552325651,1.0428889474899579,1.0535561476959423
17304,1.2333286135038888,1.182972419720195,1.0452875080694861,0.96774425459877544,0.98902141037117319,1.0049578208936287,0.97712595973830041,0.96896779417171541,0.971816467423674,0.95347562929218121,0.97634762395679253,1.0141254738088847,0.9855885079563772,1.0249751100588651
17305,1.2890381369753288,1.1924048839562764,0.97744649332264055,0.91658428628238042,0.94942834310682822,0.95385679795233658,0.94922373659546178,0.93465250958442991,0.93826138623391486,0.91254395770759789,0.93903082103617608,0.97245963313100059,0.96313628376593574,1.0109045130581529
17306,1.5643133626388568,1.3991455963855475,1.2723535112465167,1.1708067407059553,1.1918234542085595,1.2084492428535518,1.1966291774668829,1.1946448714056999,1.1976149038732928,1.1780636580142412,1.2086038416390432,1.261384356950479,1.2015241654467381,1.2873196057475851
17307,1.3466996193311471,1.2228830978897649,1.0002218253040047,0.98478479624825421,1.0330520715381557,0.99973575698863004,1.0028494176854099,1.0025744375241834,1.0083913582893596,0.98201519941827564,0.9768974493694228,1.0180447376421555,0.99593910371881489,1.0767996710083787
17308,1.5049835159630367,1.3381321553162406,1.0495611244648775,0.99800025305037043,1.0560285591935414,1.00311674605632,1.0155302828124688,1.0135838628412399,1.0187828082557662,0.98759310159486979,1.0066746924980132,1.045072560613171,1.016372576935765,1.0813945664137705
17309,1.6381029017030819,1.460001404935005,1.136741465478847,1.0401900318705679,1.1295828559770398,1.0592349203042279,1.0738441189805281,1.0859617380721269,1.0940348974051433,1.0413731573976355,1.0603172499838363,1.1007629642818599,1.0541405335342515,1.1028968134623005
17310,1.3658935540872272,1.2236782302043905,1.0254274965197425,0.94382383129490577,0.98023554855910966,0.95889583946070533,0.97269130248852476,0.9916602329101678,0.99698426368028903,0.95243549662012472,0.92671871924640947,0.96544849063294003,0.96305392944130652,1.0172097507728051
17311,1.6089426772279314,1.4550203232958916,1.2419813816393082,1.1413637555752147,1.1863570011850773,1.1457100232208315,1.1498420745293072,1.1638133245909215,1.1696900230438585,1.1395140526325258,1.1448201777963725,1.1667859235785407,1.1392942655309282,1.1743087029260899
17312,1.3860495985275398,1.2955031691630101,1.0862582938632401,1.0190390510116081,1.0520436757814211,1.0448804157811478,1.0509416830248077,1.0587014617125854,1.0625029570848317,1.0240297904496127,0.98684333080794184,1.028104800115218,1.0358369304108008,1.0574104789985366
17313,1.3280765153294232,1.2655775850948914,1.014539973495405,0.97555985570583936,1.0105227787598821,1.0051250493465604,0.99667908899928204,1.0020902172532895,1.0069021939189364,0.96995288571529759,0.95598579411257845,0.98174830530778634,0.97829553559424409,1.017107441274127
17314,1.5001831163095571,1.393748085778467,1.1354897007703046,1.117526474345631,1.1671575227969857,1.1331641491632702,1.1255983454784593,1.1334535486566304,1.1412603385375075,1.0944156810727683,1.103161472705775,1.1162557107090842,1.1180566626418007,1.1435107637810575
17315,1.2039233062373986,1.1641022941791699,0.98953841240420815,0.93520630021750695,0.96856568311438351,0.981591382589308,0.96921163494760287,0.95993704344359509,0.96625472947053126,0.93260093574286829,0.93985500307689074,0.96106332449958598,0.97245126983576569,1.0008463476920959
17316,1.1476753426224353,1.0815422091426374,0.8846480503366142,0.83420473857655542,0.86941060911200396,0.87138250825389463,0.86020505871332575,0.85420051672576214,0.86132164645700349,0.83446557035270952,0.84750356087087908,0.88757132717060672,0.87772808618391629,0.90182340453848864
17317,1.3360785771864239,1.2350821744646574,1.049926072229898,0.98576224942011503,1.0084555542700455,1.0185015392163665,0.99723236133683812,0.98965948150480565,0.99380055488988239,0.982195517365543,0.99901202110526932,1.0166761572505878,1.0257597657598547,1.0585929990232275
17318,1.4208846470794536,1.2952468378603046,1.1826157471087031,1.2012202371184888,1.2388134502098886,1.216272589149114,1.1891139917443618,1.1813195858923484,1.1851495739681288,1.1744423536488287,1.1704102646895032,1.1692529568129564,1.2252284030521714,1.2361268005440365
17319,1.127217667176857,1.0900131328429379,0.98531719567664866,0.95533634099841402,0.96515419847570139,0.98927734196090877,0.96303194390093216,0.94244923758477228,0.94267002850340897,0.9338110429653369,0.93618096224905112,0.94755249366647465,0.9407245232668876,0.97138562444490772
17320,0.977122864812212,0.96081988930267492,0.89197034871168568,0.81643947166521424,0.8214418965589344,0.85158853191584183,0.83462272184963904,0.80846759969072579,0.80766065409999543,0.80102531141887368,0.81199333204654545,0.83093168230351233,0.81597655881014419,0.84649771306742894
17321,0.97530288712411473,0.94849577108487415,0.94825603234947986,0.89403584117092672,0.89344081678696929,0.90575746296224557,0.90766177527221659,0.88877300334989984,0.88747930999556646,0.88234531551208095,0.88247812475335952,0.88901401881117981,0.89643523375127843,0.92919365027491718
17322,1.3682009009446412,1.2688455345454381,1.2966553274970347,1.2389678576000325,1.2302210297420491,1.2654864921910833,1.2749904720425091,1.262681976380819,1.2607359044964384,1.2420020742555764,1.2385589781161961,1.2741937527879013,1.2711784786845737,1.2767454362544228
17323,1.1211419221816694,1.0378823382954157,1.0586301925351156,1.0151030420875715,0.97943939310280048,1.0232307180683564,1.0359267181402227,1.0141323211235196,1.0123840738244714,1.0040777614969358,1.0084875381711522,1.036851394342835,0.98900353628496318,1.0016022833580498
17324,1.2797744364428312,1.1743703474390101,1.1494661170230775,1.1397954554676533,1.0923103669184664,1.1340819550133385,1.1383831579041526,1.1426345867865209,1.1382162798529456,1.1404300007397716,1.1288551329418959,1.1603565206756679,1.1125637030725635,1.1352342594048288
17325,1.209247347054818,1.1279750254905152,1.0967980670680528,1.0567491796672233,1.0257432019492219,1.0617264539363993,1.0666269973689648,1.0621538855335055,1.0592303057228782,1.054521653635363,1.0438834541190753,1.0706537284538771,1.0408950547446465,1.0609902923022076
17326,1.2387309783384715,1.1662835818618609,0.97574350913247643,0.96614408791055262,0.9664012585080729,0.98702556086564608,1.0016459813243455,0.98366272812406086,0.9809289301018993,0.97209266331413857,0.94648443911039915,0.98138798546160622,0.96536301581470163,0.99893471269774581
17327,1.1898535908315648,1.139368707165509,0.94173813111434368,0.90812043883393456,0.92018917221041896,0.92056236669974278,0.93789057006786369,0.92679817616235272,0.9257818799231976,0.89687381591597348,0.89013023067991726,0.93145280677875075,0.91491259641130085,0.93877617483015419
17328,1.1704355534867392,1.1108682470202891,0.918344289955485,0.90329725118672932,0.92662480479935649,0.91478188099324875,0.92965567936253424,0.91186156918849814,0.91188320897066288,0.89073486656078338,0.88489814741846906,0.91797433612545731,0.91478994778157374,0.94879149029634058
17329,1.1364091355901078,1.0676786446965976,0.91995379129503441,0.86166010527563586,0.8612690160480837,0.88474110738263423,0.8795486533343756,0.86830017479827348,0.86645880809920406,0.8446161324467979,0.86727229622808755,0.91279398952009327,0.86608148098518078,0.89363450211695972
17330,1.2020071471554783,1.1278608984321039,0.96100412642451549,0.91460537702242806,0.91419402876561773,0.92786096982752531,0.91164914851161771,0.91406824092390215,0.91153657316281778,0.88015538705496632,0.91627345311257857,0.94344546649675987,0.91176907732659462,0.93105565159414461
17331,1.1668514015700071,1.0866878121709318,0.98233872100372766,0.96374254410885474,0.97357308763672012,0.97703274099734305,0.98046367476115082,0.9759615566268407,0.97508909470299809,0.95130639943633588,0.97593122554110323,0.98547359735241857,0.98536898209501578,1.0032490307186492
17332,1.2909974600799266,1.1985157631227381,1.0087368736454541,0.99406317179559467,1.0388535903378586,1.0215845836369668,1.0262763418286807,1.0228643718244859,1.0256275218918351,0.98945004922490976,0.99787456321124857,1.0126916324537212,1.0350945924457455,1.0445080626372238
17333,1.5587192614091463,1.4439272286422253,1.2025806928513498,1.2361989178529442,1.2847938253156328,1.2467403479170232,1.2588136411397113,1.2545464535576287,1.2581230101976084,1.2052036185430515,1.217219474090415,1.2177665130276776,1.243778387551923,1.2661155286078423
17334,2.217515310464055,2.0745272124893872,1.693597002126215,1.7180687303698112,1.8027227168576869,1.7123604021018322,1.7617517830592027,1.7618431535307832,1.7704088754488803,1.7160910775593481,1.6907556199102927,1.686064830539733,1.7733439639272872,1.7991078932062288
17335,1.7060006396373448,1.6657540350196203,1.3415181987407083,1.3871359629862157,1.4717781763470101,1.4010045274042102,1.4324518561033337,1.4337301700026059,1.4442173145041193,1.3762997729413222,1.3318290124884966,1.3563576754956765,1.4164790324666765,1.4650456498018365
17336,1.3346296390577017,1.3132044521454387,1.1445757228786344,1.0801566722051181,1.1199104097148183,1.1277856724498276,1.1050489292039698,1.0930909436249276,1.0995622681446551,1.0762267171528643,1.092025217397337,1.1411009543606276,1.1090485918695125,1.1365061377912358
17337,1.1827940979955873,1.1553709667401177,1.0778207104455899,1.0968329514216826,1.127124825497605,1.1461690677361691,1.1471710126407011,1.1229397949686259,1.1271211510262344,1.1090195601809638,1.0604803951331145,1.0935388599613707,1.1297979211843883,1.13778696259153
17338,1.2607723130876252,1.2078121656772729,1.1404288332098358,1.2292426206095755,1.2604587312762778,1.2525905631419543,1.2660912065874432,1.2369653063865813,1.2406040417461148,1.2162627819378802,1.1598885956784837,1.169362839078931,1.2116342678931413,1.2331471051992591
17339,1.3650698033999442,1.2762158814982627,1.2065757848515339,1.3043040657449176,1.3482890027098116,1.3187990929022222,1.3552470975132458,1.3299710690226756,1.3314824499882356,1.3125699334314354,1.2483754004816077,1.2821144932908122,1.2954181849727677,1.3101265145849204
17340,1.0148153672575928,1.0107968720960658,0.9533116880032827,1.0105696041958321,1.0261731082717105,1.0146010962392213,1.0362662825419866,1.0048376697717747,1.0055794826767472,0.98799455969978478,0.96158516896671953,0.99104765742491174,0.9683047610218477,0.98237864999896329
17341,0.99068596713213941,0.95578084158584964,0.8955124921068508,0.84916734863160814,0.85804365389738568,0.8623188565906541,0.8757192862025388,0.86558017819501221,0.86746512347712146,0.83997022614518113,0.83895129730463369,0.89136990881495926,0.80275003587065896,0.83907001163692774
17342,0.90316909411240875,0.86017944137315638,0.77489155998849535,0.69024136146994952,0.68098463468062387,0.71367108479954144,0.70222653590565931,0.70956802127195195,0.7113338036456216,0.68389893041923822,0.72111513786961801,0.76644463307165811,0.67774538052579514,0.69853779218065892
17343,0.91255318411752984,0.85869228927082197,0.79762993004541161,0.72014726837011511,0.70715295163298464,0.74767611911865539,0.73072067428172272,0.7179069487678289,0.71773574911758331,0.6972469754747822,0.75032061494147773,0.76765142972255362,0.72665106055482442,0.7401249230916046
17344,0.82989361050782706,0.78986455083202733,0.6974771563300195,0.67833703380426258,0.66948455064072621,0.70431086337937099,0.68830423040235533,0.68537419449169212,0.68364088556752134,0.66043228686861777,0.68206526224358244,0.70338141654655206,0.68248236687903729,0.68846908189396694
17345,1.1503510542263011,1.0465618766137532,0.91663620658263334,0.91198926689322668,0.90833246655780364,0.93814276002353147,0.9106964361072688,0.92215647786155375,0.92064014020933527,0.88976360094560325,0.91264004887812666,0.94175331113233907,0.89037777703067444,0.90085456463726343
17346,1.0743901323167389,1.0013607885431883,0.81412948260762197,0.78984419225929292,0.79187140862542893,0.8202940990347809,0.79678656901246014,0.80779629413163234,0.80704389418930311,0.77593409777961952,0.81415575021349162,0.84216738704475413,0.78221238872492049,0.7888509567594949
17347,1.1788901929922362,1.1045900052152424,0.96947882635955573,0.9286609854063832,0.93267978612086289,0.95310158541370771,0.94278028584131157,0.94594944607578757,0.94543192600544734,0.90669171729768616,0.94922924299322897,0.98535452696993386,0.9351918791063597,0.93522317124530752
17348,1.0519605569454962,1.0175597393548814,0.82879550200712249,0.81325499439148041,0.8290500794532103,0.84183239439498148,0.82516112755623339,0.83896337727090409,0.84009836158211637,0.79961172122501734,0.82488564407101994,0.87001106330777145,0.84075288408532434,0.84629198970457287
17349,1.278462529912977,1.232545391679108,1.0052033463975696,1.0279292689213486,1.0799649579731387,1.054099974191151,1.0386063708211148,1.0479511214164987,1.0500934084485651,1.0047469595010239,1.0309487001421984,1.0543098432098277,1.0722380785701802,1.0876806690443386
17350,1.2681749418416066,1.2011549908279429,0.99393655177204909,0.96922304605733023,0.99671750593668451,1.00229925392584,0.99637552632983184,1.0149804015592161,1.0164994854258682,0.98361337468670884,0.9857022166535867,1.0316664016759514,1.0244739206673463,1.0420105575705465
17351,1.3442756793766939,1.2447519152896216,1.0881950680572963,1.0379728454456167,1.0237538946399158,1.0569229535959963,1.0605948062051851,1.0814463543977422,1.0801265174003229,1.0626274393213688,1.0504624899893618,1.1020595190726306,1.0743643163122787,1.1108735120724755
17352,1.2077769491948276,1.1710980632867807,1.0399556374352763,1.0702740424999,1.0809166879447272,1.0808355092541084,1.0765066583642922,1.0949999196159481,1.0951993734797514,1.0511274340609431,1.0552520815313013,1.0744575889476036,1.0932766434274859,1.1291740209318977
17353,1.0700997277635516,1.0344761554301238,0.91273338623619427,0.87550720646214453,0.87697097019077808,0.88610400833580383,0.88240260774115176,0.88931567352644236,0.89099172752033329,0.86295606303755934,0.88505336845960692,0.91530385755103427,0.89087624138274524,0.92596004302602419
17354,0.99872877447531194,0.95931406133768526,0.84397411426095303,0.83263586517259425,0.83655355451963986,0.85089458109539251,0.84527970377658523,0.84043281835718942,0.84142292409358799,0.80835687726137617,0.82717048217562805,0.84864142200679915,0.8444548358944256,0.85469825592476223
17355,1.1086563546709842,1.0937517898882683,0.9829203227840384,0.95957489417427322,0.96642236573478679,0.99055479917913292,0.99412970777804832,0.97626013623627761,0.9773913511775667,0.959705733639171,0.97535690370103723,1.007909486679049,0.98099740430823856,0.99862242402904877
17356,1.0117472255851421,0.98255557731931775,0.87089528676688466,0.86632628241798104,0.86775978966839529,0.90677232869195357,0.8945957383388381,0.88283692373836176,0.88155044895780654,0.85699389599238995,0.85919320548223321,0.88899143233094668,0.8738694977428243,0.89135599144784927
17357,1.0004687435335162,0.97899066080119979,0.78775150996547594,0.78926368364475763,0.79577120618218522,0.84345962215611969,0.82199973547807803,0.8086537989878757,0.80844283026415786,0.79172118156823823,0.78852416439434814,0.83064115457573506,0.81204381582422513,0.82976336736743206
17358,1.0275250558036109,1.0043920382142317,0.82434228135518828,0.84351678685219178,0.84592703811308978,0.88072543512131884,0.87186987535826943,0.85962484543587592,0.85847936978350681,0.8371637130277646,0.8401008449220253,0.88357069347624229,0.85755104127590831,0.90108439931405271
17359,1.077434086749619,1.025982711484196,0.83826434734977895,0.86174250892764126,0.85117068967405229,0.89509166910203342,0.884456989187686,0.88436466586469664,0.88444263763305819,0.85967242317703285,0.86607251269087482,0.90163153787736738,0.89176116613584466,0.92802948156672282
17360,1.1359319722298353,1.0734884189360927,0.83843943743679206,0.81550787069805031,0.82817979523500906,0.85004800423398186,0.85277769579830431,0.85204728955259612,0.85198269395316673,0.8179385367215678,0.83686244798830323,0.89292560605839966,0.84823323408457585,0.87241544599870091
17361,1.0579601959454576,1.0289857875176236,0.79659688843393939,0.81269452812514054,0.83588175053633451,0.8235371283660986,0.83485403876058262,0.82956037807200367,0.83140290780340043,0.80609114373153912,0.80820871929474047,0.8500820779890601,0.82861924876746462,0.85124327804316335
17362,1.0925070407279898,1.0647401004812711,0.87968022425202153,0.88692513458973399,0.91840124622443753,0.88928577773139184,0.89301225282178009,0.89112446881565255,0.89508765487965536,0.87562510834949003,0.88236720782534972,0.91361358476410304,0.90206501401567663,0.9207247647087482
17363,1.1458203603088668,1.0960990244434667,0.92322804818549264,0.9501646401252023,0.9535084825894784,0.95400277249856824,0.95728221915338729,0.95426862576537452,0.95688376294084754,0.94851527747613706,0.92281467537217643,0.95572649420452749,0.93720307502498301,0.9649217790532838
17364,1.2992919110158341,1.2116521611787527,1.0129701059112497,1.0040252625054809,1.0199108946543645,0.99782821347642403,1.0050631826937353,1.0068536025235595,1.0098983559298835,0.98701673150884306,1.0092477938779725,1.0290878882432537,0.997141156645444,1.0348792816427526
17365,1.1720654755723432,1.1149599544911988,0.93367246915868896,0.95479587411724087,0.96904544710163365,0.95127609907218802,0.96043265814645262,0.96142245026046702,0.96225319002330478,0.949721086986269,0.95463555243373988,0.97030162601635528,0.93504800371233121,0.95215721496763173
17366,1.1486970799519662,1.0486247043881471,0.88437689553868915,0.91140583536222208,0.89419182621427085,0.92518713249825391,0.92959899162913551,0.92878671944178648,0.92851870717743756,0.91780737251976496,0.87966538823848561,0.91921652331551429,0.89778495752624288,0.92989392299989249
17367,1.0294284422130324,0.95982533106395229,0.79045703519775901,0.74495770011947215,0.72346877880175864,0.77350599189014957,0.77083208719824581,0.76425711252407613,0.76357523964028962,0.75024942508797454,0.76790434418643527,0.80849319122843755,0.73919124377068723,0.76993786369412009
17368,0.87088631400193806,0.83809186699183813,0.70750672845894813,0.64769255412249938,0.6444817428775349,0.68085944732853754,0.67638944924852007,0.66790622334975791,0.66744700161791648,0.65223386348372603,0.68385565212274779,0.70388381102211661,0.66141128257185278,0.67836394518653242
17369,0.94193657030278644,0.91652445035109165,0.77803608428951798,0.73841180148058361,0.7642039000611236,0.77225571337272958,0.77308380591380288,0.75123077805920146,0.75041373489393803,0.72380541408510835,0.7604250616863284,0.77860560038238003,0.75921720284901439,0.76370153430442345
17370,0.82385775807522899,0.82861623809118523,0.66345560316701435,0.65153225724870945,0.67832442025434281,0.67821748476514987,0.67237478184760713,0.65201933464331507,0.65005131707191544,0.63143972262594106,0.65766129721802591,0.68785211575782357,0.65454393670155975,0.66202246095722062
17371,0.83653400596586203,0.82323485901727356,0.66080806316431018,0.63297993941329445,0.64565004988208607,0.6652685221197352,0.65099120057591386,0.63714962716774048,0.63586648444104799,0.61470851742198207,0.6505657151916221,0.67845376602642837,0.61881000376893813,0.62596090253522219
17372,1.1171733597553,1.0990018355620395,0.86758137550865311,0.86577801148963474,0.90153795585748786,0.87505515610172557,0.88395814528766581,0.8723723310759296,0.87098927893388645,0.83605170867420209,0.85173232277616584,0.86971040699480306,0.85643462913959567,0.85940239828042164
17373,1.2210751881175697,1.1762305409855676,0.96519102527193668,0.94180017476286326,0.97838133757353551,0.94020752857963186,0.94401668262963778,0.94664526113063363,0.94533932233784013,0.91634960529230136,0.94999733303057698,0.96873508887542792,0.95082299689621641,0.9443855141616182
17374,1.140134616248921,1.1143248588584305,0.89764251285726648,0.89195327557426574,0.92701429262229473,0.89299175318542312,0.89496157358115103,0.89408932722389944,0.89371519501837582,0.8685333721187517,0.89824738809404736,0.91455274096818895,0.9050233834734499,0.90918508170380163
17375,1.2053957490196561,1.1211356124103686,0.89533196357262612,0.8744747310836164,0.88413750164365845,0.88605552019827449,0.89000626697043927,0.88387628738061264,0.88242966978936066,0.86401155586781986,0.86935554054686492,0.89924046638920152,0.89064207581251076,0.89483102222450683
17376,1.2910321137103327,1.1910277896671075,1.0101962109198945,1.0244747560663945,1.038239519680209,1.0172123651884617,1.0219052846473977,1.0280425281879548,1.0272432345269333,1.003021107835341,0.99057635523855159,1.0093721502385933,1.0292818669585826,1.0525328960466709
17377,1.1052536270734148,1.06183590174906,0.85233687675326919,0.82886235163866806,0.84659889593115523,0.84920209364768218,0.84611903804023281,0.84007971364705236,0.84054362144120276,0.81032699778456119,0.84806947010473877,0.86428195502014471,0.85873459821234155,0.87055193089345562
17378,1.020747034421343,0.98526453175206719,0.80199584877432306,0.76781011080293893,0.77864086991312065,0.8047542014448007,0.79453959580311007,0.78809796268450449,0.78869808063972613,0.76516671026758698,0.78590943373931454,0.81026924067841077,0.79938771004105946,0.80750141457075919
17379,1.0902327492191821,1.0455643597100284,0.86761546250126154,0.91193453180435458,0.906916903163551,0.94445383802081384,0.94482415673763254,0.93051355509042277,0.92896607236013162,0.9108715206808885,0.87840886736200285,0.90384608658271248,0.92417690948688402,0.94870242420174589
17380,1.2173782013270569,1.1475523267860823,1.0024068062778506,1.0095594997040407,0.98496092713584416,1.0389989039180185,1.0377838842311644,1.0297646923185371,1.0267073810253291,1.0139883682726185,0.98048013874492079,1.0036733772382331,1.0243712662217501,1.0475492143373517
17381,1.0889345738871727,1.0250266036098974,0.9028444046491404,0.87622142080934784,0.87829533195321108,0.89714310388847274,0.9150905003180535,0.90671252351277865,0.90561141843748072,0.87745791317254684,0.8925854044884175,0.90586209611298141,0.89702767106097958,0.93082377385054627
17382,1.078099274151832,1.0048379831336944,0.88929700371400977,0.8551149794417876,0.84937436316202553,0.87965216502885557,0.88821887917351383,0.87854558143263994,0.87839307094052366,0.84322366739584731,0.8577265776775832,0.88021022857726172,0.86657042680303875,0.89765186242856054
17383,1.1906068702561898,1.0615839091591552,0.94092229630349478,0.90806274899023909,0.90609525048810535,0.91649173017953112,0.93401591586335153,0.91994846383700613,0.91983183088250886,0.89282248834081002,0.9323620326706944,0.94727678836663898,0.92431802748861835,0.96268992595274494
17384,1.0769013503626912,0.99117677727544906,0.92452337015868513,0.86131832622261961,0.86200512145103891,0.86929474611509427,0.88259507578511409,0.87339219317715777,0.87367728199175254,0.84926417496434492,0.87997702648080067,0.90119248859724832,0.87151260523711538,0.91513055290337963
17385,0.93684793973750702,0.9002583746112176,0.80069703524207925,0.77370963247975311,0.78764022555061153,0.79702880046160773,0.80004740920152395,0.78020906022523284,0.7820025212786651,0.77426783047101388,0.76427934009078746,0.78479749459387915,0.76549498887958967,0.81553579940579346
17386,0.93692052928411329,0.88458249355901164,0.74462762217113887,0.70305237830831524,0.72915315750166065,0.73319823811581042,0.72931476115499716,0.70881847268323905,0.70996106479713483,0.69055481080681502,0.72616000129566916,0.74764189197185149,0.71284975043813081,0.74627983520554708
17387,0.92813684952773079,0.89336900839613431,0.7856652684821559,0.74371776206928653,0.76053275012490651,0.78222310364720482,0.76812209135988696,0.75418135150104937,0.75455556773539412,0.73360276645816336,0.75476062625081297,0.77043365143957698,0.75481415829702547,0.79308645507186726
17388,1.0310077870829086,0.97662867764291084,0.84823111695713049,0.80818525370141658,0.83886923145094194,0.83849335531274505,0.82641145470264232,0.82329888206245871,0.82517221463632617,0.79940581386612397,0.82015694903852898,0.85166169972162808,0.82410545213677644,0.83483879007659767
17389,1.027374346117595,0.97509520996563981,0.80239962499607631,0.76730039724712895,0.8003685539089922,0.77789633368896327,0.78049180894350767,0.77669542881363218,0.77916311813826711,0.75184158546463753,0.77819885256477728,0.81234131363268858,0.78782301339674288,0.81731383143471725
17390,1.1441313367714954,1.0688590719547835,0.89654068672578591,0.85607658495315109,0.87200210598152339,0.86237973095770315,0.8648059437576362,0.86973472310663535,0.87023193071619531,0.84038266021970831,0.87349651128101147,0.90925834058887434,0.87976483448623521,0.92020511090315538
17391,1.0761356603574912,1.0348212073207594,0.85808886912369076,0.82453907539944504,0.84132136250609335,0.83808061748966534,0.84093339390891231,0.8424473264064497,0.84297410721307942,0.81539516195967354,0.84076286414708168,0.87691749142884656,0.86572504971197528,0.89268299008522312
17392,1.1167631471030186,1.0422719029982757,0.88094891262081942,0.86594249502005105,0.84555364591854465,0.8900327790436362,0.87646621145032011,0.87429250275692305,0.87135189114930689,0.86735831046309586,0.84757000048475051,0.88856890073041417,0.87538018891189295,0.89239424611430518
17393,1.0435447613832294,0.96662882217047896,0.81467377592620749,0.76246827939384365,0.7561311741056217,0.79414589961348281,0.7948910242545274,0.77811922552424706,0.77621507125199662,0.76543452907136889,0.767823997742766,0.81145584568797124,0.76361332736033605,0.79540198844430354
17394,0.96029040176735125,0.9121565651882344,0.69673000191077383,0.66726881180699305,0.66601128663419507,0.68776298421435422,0.69153881643455872,0.67033354197552542,0.66859938661019469,0.65218796329876672,0.66854916151730803,0.71695161288336873,0.66310946527657866,0.69082016352995057
17395,1.1816888918531117,1.071140053735899,0.84805697685005521,0.8727109672897323,0.86153406570827373,0.90037193874335508,0.90463007264247941,0.8836582715913559,0.88116376306250177,0.8695605650005449,0.84669045684379241,0.88086920288964154,0.88098191802306547,0.92217585034203253
17396,1.1806818384995286,1.0883563668536134,0.86971701986953809,0.85393608573644741,0.86560429537859362,0.8682101836622601,0.88107055469147333,0.86164813937019757,0.86120728288981141,0.84334000126559638,0.85474071812225005,0.89760598921978252,0.85740676290125395,0.89974314420486168
17397,1.1533776263299724,1.0842419572337381,0.94684503008089027,0.97851125114771265,0.9723740180535706,0.97131192252644327,1.0071921949405593,0.98595605420282373,0.98430037825273697,0.96177995966103758,0.95456518210038377,0.98348767785990687,0.98724911005108718,1.0331247648120758
17398,1.199334695442885,1.1263064414480772,1.0288159432910027,1.0512052452984142,1.0277733010671355,1.0469348357471826,1.0695361036094269,1.0643605437572854,1.0616867813693724,1.0442989555432549,1.0113260244126918,1.0474632998470659,1.0796461542232536,1.0969974127760012
17399,1.1745026255399988,1.1294210805163321,1.019860727022923,1.0163308011868053,1.032802051781545,1.0001121599586216,1.0308966347669735,1.0276383342241269,1.0277177940182891,0.99454897952122212,0.98477083600789894,1.0209481963322713,1.031798972116319,1.0549220381322104
17400,1.0412891058406524,1.0098267167347217,0.89058345449686538,0.82799300980601054,0.83331676092878648,0.83002162766273402,0.8472180527331763,0.84449688264794998,0.84240902816603203,0.81865632699113833,0.8491400326630606,0.8911966837482258,0.85108062805045293,0.85295665028688661
17401,1.0832979635443731,1.0185684013277698,0.94243842601501071,0.89793983857269344,0.8802575471726648,0.90932786860986992,0.92025557417634862,0.91498923945154442,0.91266205338351836,0.88837565546419339,0.90441922748188575,0.95393290265387476,0.91871676069629793,0.93532505034999602
17402,1.1050878919717926,1.0478904965700502,0.98666838112383115,0.93797295209364451,0.90816324528608783,0.95481387175370269,0.95126810986129451,0.9519030748965247,0.94724051645617191,0.93213834444564581,0.95527513619999382,0.9962296075247985,0.97287735347641557,0.98523173922826357
17403,1.199959058828467,1.1752786852197175,1.1081878444182025,1.1020062269341335,1.1249266191823093,1.1045258703242424,1.1182213569807709,1.1212608049334742,1.1211810590970994,1.0973951216750635,1.0798591491134801,1.0973357940647861,1.1134312717176198,1.1733160079937444
17404,1.4626631760709372,1.3994118927120427,1.2373698862018307,1.226330946795662,1.2962800621645263,1.2203677940480702,1.2379029021483459,1.2399841988114229,1.24341187454496,1.2113598178503358,1.2015171131795293,1.2120247713656425,1.2162592590177996,1.3061740422982751
17405,1.4949814869747855,1.3979057924656928,1.1972928864254337,1.0369956810997101,1.0510425846902449,1.0470055815545556,1.0596506554613869,1.0570701141879775,1.0561449329649397,1.0467042707596526,1.1066079200595174,1.152514915274552,1.0829884106632055,1.1193298990157334
17406,1.4902445217954583,1.3837380210597154,1.1661530474962047,1.0425125581856503,1.0329515781407781,1.071026479705951,1.0638805191116365,1.0629264873397046,1.0617132607652759,1.0591218812549226,1.0955765529685852,1.1397398176012421,1.0578851515482786,1.1091022786832072
17407,1.3424759086772349,1.2568464474046759,1.0038906113259984,0.94360479399684094,0.94036240446228059,0.98517067499452504,0.95770252582715354,0.96029943653468075,0.96144551085614105,0.94445735490954918,0.980012745311583,1.0201616032144996,0.95606267626501673,1.0275888881209816
17408,1.2565252995191722,1.1611234266688784,0.91980942978409785,0.87055917798089066,0.84849615266089851,0.91527391139229208,0.88412424208686446,0.86817370135690686,0.86925110503099912,0.86106636445523987,0.8900845321738603,0.9297069489404759,0.89488431871398799,0.96761721291287262
17409,1.3022207347768084,1.1897895271677097,1.0107183952161531,0.95325250204879752,0.96115072145890457,0.96912140368181232,0.95142700341476927,0.94709509056700991,0.95066862682379216,0.92773180468161742,0.9778407635630636,0.99758296467621044,0.95619637510631661,1.0244243514171709
17410,1.3144433958677557,1.2530203920799363,1.1030414124440442,1.0717556825823278,1.0999029796041839,1.0953230589132672,1.0754902938153694,1.0860967477100361,1.0882410222177048,1.0647151363596119,1.0676337565229463,1.0904238989282828,1.0643021435408102,1.117724088960365
17411,1.0445967247837884,1.0231353085505561,0.88625350650679635,0.84006982967642718,0.87010622229978796,0.85426432636758554,0.85397230002076641,0.84506353829780789,0.84641024084893157,0.83063346684317629,0.86094174408696988,0.87020180740719855,0.83754843387936473,0.86424132921626029
17412,0.94853230841074199,0.92614970310846845,0.82535688559631293,0.78169345095509346,0.81838226585334428,0.79187599374375306,0.79123191024999218,0.77961876121957008,0.78020970386536748,0.76080342945164603,0.78423534017654695,0.78388402115465206,0.77135681450142579,0.77579708523845448
17413,0.81382581056307712,0.82160807023916005,0.7046240422623623,0.67541531066772698,0.71115042147986152,0.69074385482302514,0.69129218437034723,0.67317221755886358,0.67137164557875484,0.65261701912113834,0.68488639531380313,0.68891245082058961,0.65942533354318056,0.65799876871188356
17414,0.8382362373629999,0.82778362595662047,0.72507093415881096,0.70520102288707243,0.72071505688396986,0.72354166287586397,0.71778408827258811,0.71357631568585922,0.71162397015858447,0.68313337235324889,0.71414235279086846,0.72698638281903782,0.69883528043302656,0.6860398705852554
17415,0.80243050625509205,0.79625861888339011,0.63949987647240525,0.64770094732830741,0.64884622249169066,0.66965706555285021,0.67569416819446748,0.6584169671420782,0.65511957856222325,0.62751006782960272,0.64255770668292189,0.67015054276867758,0.62475965430865932,0.63998126254721077
17416,0.77473052263199293,0.78099496417601966,0.58787005334627895,0.59273781705143835,0.58063856812907477,0.61864334155548528,0.6076712995044975,0.5971091634271557,0.59466661396105513,0.57516321581115604,0.59321780592008166,0.62189606909876016,0.57197626395047796,0.59626360255793476
17417,0.83899849234614099,0.81767019153375076,0.61220309420604047,0.63795428474799376,0.6161650391159601,0.6700273795093441,0.64847236823956622,0.64414034932080999,0.64204542687791599,0.63772622901904752,0.61776681743687167,0.64891371217402094,0.62472861071716035,0.64480208897668789
17418,0.92015894199785631,0.90452274177017911,0.68692620326446485,0.69930579102198365,0.69058647427475173,0.72901631970778291,0.69963106542593545,0.69837351101237022,0.69718991223266913,0.681793163341052,0.68758848208731793,0.71813776327981282,0.68177741458749197,0.70004293229368397
17419,0.93260249868684963,0.88746214793498601,0.69163599977337731,0.65571437110761377,0.64858281002479923,0.68979927224800364,0.66806747223490404,0.65650681384563569,0.65347448859602797,0.63815462022142322,0.64403466314773572,0.67676757680309874,0.63354663390534649,0.63577516860832106
17420,0.97021500786677695,0.94256391234307302,0.72967914621787833,0.71634458101632159,0.70395531908110343,0.74870434311635792,0.73972849403401453,0.71773877951448661,0.71472954092279839,0.71389744106857211,0.70047184502503212,0.73657499375878688,0.69059350823216192,0.70340781204591762
17421,0.93224642819550452,0.92958696442016531,0.73143562137489559,0.7130672204360804,0.69743699001901005,0.74809416736814183,0.74212285270372247,0.73914167487775184,0.73558019505468575,0.72809060390818603,0.7093884081930355,0.75054469586625194,0.69976349031576024,0.725134103302286
17422,0.95202434835238525,0.94315992988430641,0.72901563199991837,0.72630947859193784,0.71674525028490477,0.7574849846996522,0.76188027570030958,0.75184016657852781,0.74965288556298326,0.7465661825071227,0.72519181645623554,0.76226705871386669,0.7198971095254928,0.75866635596872312
17423,0.95711617378810543,0.92210546148258876,0.68349507614319027,0.70430401386824482,0.70093318129159055,0.72527265273934527,0.73065498974323317,0.72044333960311657,0.71806236300722537,0.70036621035272362,0.68280894710005502,0.73604379388677565,0.6867002698624487,0.7107859011829607
17424,0.95919060261968236,0.90762078604457652,0.69642089737717972,0.68568206180710167,0.69548398255561683,0.73108643185987099,0.72801927232982355,0.7068057182898797,0.70566942603783778,0.69441326844834916,0.68649921035909922,0.72965534637062013,0.70832795203459387,0.74285703189405405
17425,0.9852326006426857,0.9196454823274387,0.7694275672424099,0.74494473080369816,0.763144379931186,0.77782687877144352,0.77702312426154929,0.75754385231596677,0.7570631669488197,0.74128833340237221,0.74271133132785749,0.76532988390525059,0.75182394626600646,0.79151714690130903
17426,1.0709196028332426,0.96258804123996167,0.84996693940820711,0.817990251303369,0.82618772769028137,0.83995705798277565,0.84344643053600066,0.8290239867589706,0.82827261221495418,0.81374929477590852,0.82453790323222664,0.84327825819139257,0.82331683282075785,0.86180381527635752
17427,1.2010929960911021,1.0773915997393084,0.97950234904072864,0.93758457550217633,0.93810586626725778,0.95393661101972549,0.96259238699127025,0.95084242338561764,0.94827424755716316,0.92763426888227107,0.95280718213067017,0.97567120945852259,0.96473323439298675,0.97197574486163973
17428,1.3036912473872413,1.1950874486178691,1.1037841853038959,1.034301588887842,1.0062311258268744,1.0532356599743786,1.0621308363241275,1.0573453169669016,1.0540135378623301,1.0295675186151696,1.0467496736007538,1.086986410283769,1.0810916816469107,1.0942656683807781
17429,1.3420257741692361,1.2449831230317951,1.1279200947125587,1.0522477197179791,1.01462143325731,1.063169978138808,1.075058887018618,1.0737459668009794,1.0716089806032483,1.0602973807954026,1.0722928924098776,1.1311216843412895,1.1040566256471789,1.1252141259037574
17430,1.4597442717032763,1.3413332069935318,1.161368431609098,1.0687508985142726,1.0388800109010401,1.0631469498295214,1.0832922060139418,1.0784045736576471,1.0769133111707048,1.055270265859271,1.1035081503114945,1.1675488094140809,1.1154445205193373,1.1407818177513798
17431,1.195386353826654,1.1017614100444617,0.96467760866703034,0.90601156020404838,0.9237044173828608,0.91732730274400853,0.92472362265885566,0.91082431229191918,0.91288486278180636,0.89434339632391779,0.93249933919134398,0.98831629325415549,0.95732612186583865,1.0164917211455196
17432,1.2300841981381532,1.0729925499138866,0.93448179410353038,0.90588452508819572,0.9673055741425528,0.90506684718325903,0.91115046211528983,0.89300772212424129,0.89560225486690437,0.87329027784061974,0.9162908528810314,0.95049665803700878,0.94480216854244137,0.98464466356078206
17433,1.3547733063397851,1.149470670668874,1.0813103043474346,1.0436340946162721,1.1262586264397059,1.0548521138597555,1.0607909528910613,1.0453975381875464,1.0469955443337235,1.0136643889283843,1.0349900323881709,1.0729878916206375,1.0658493292769278,1.1046625934629832
17434,1.5195900878483002,1.2820582024415386,1.27323607017954,1.2543322988586099,1.3583665540715433,1.2657923613685134,1.2619072642364304,1.261389269786487,1.2634173628926095,1.2242396224045786,1.2065535095520021,1.2283930080012615,1.252111724256751,1.2958049317209137
17435,1.2293685126658773,1.1135186513829523,1.0096114697337084,0.96186148745513977,1.021071679148323,0.97918964052148694,0.98692279456237775,0.97098922133107191,0.97002712310537131,0.95001747287334171,0.96768221087607431,1.0045517388334024,0.98040799577240678,0.98841936267190111
17436,0.99619698901693499,0.96981990248126215,0.89132621034836668,0.87941500114226212,0.91569271663549345,0.88830328188495666,0.89716172185716658,0.89201766152578899,0.8896952404617875,0.85547458567159584,0.86112422831949853,0.89009445558658684,0.87180968532169623,0.88747775636590354
17437,0.93860120266769931,0.94894094935837381,0.78877387565276813,0.76105692755978538,0.77706680377560899,0.7805820402833672,0.7754883568277301,0.76381491851266137,0.76298851110607435,0.75139628714871565,0.76717598710480739,0.79445816824569504,0.75120987254151883,0.77128597261883802
17438,0.84860718005119806,0.88218035828775776,0.74748510825562409,0.72547629840331607,0.73211626787376227,0.74512917708202142,0.72540794875833614,0.71933868575727344,0.71935445376221985,0.7127246337804175,0.72502039516526262,0.7498657171402997,0.69958788741204625,0.707000835598663
17439,0.88673042889782394,0.9051830290298718,0.72466901781659221,0.69429017422234918,0.69220451542390427,0.73329631964143183,0.69479121209758343,0.69122252811250595,0.69009367293784363,0.68889914877984648,0.69201104317776019,0.73165335719376001,0.69671528355416823,0.70617857569678588
17440,0.92939139986676111,0.9403102493447244,0.75351067233878932,0.82234141927388582,0.81034434269500022,0.86747900026315605,0.82986898923847796,0.80755543389556261,0.80706368609583734,0.82342499839310657,0.75704073248233839,0.80103045918890348,0.79319964645304686,0.79299663129356035
17441,0.85671114149598926,0.82873888925833894,0.68504761721639407,0.63861979599230967,0.6319798938376141,0.67794131289436466,0.64564121514622441,0.63233760605185907,0.63023707215308911,0.6333973113182032,0.62469614468790224,0.66844257572579835,0.63451182245005322,0.63487116453043713
17442,0.95241658924054562,0.88309288603308012,0.81702888179778133,0.72926643759879961,0.7309678992053863,0.75064953855306915,0.7358386540400178,0.74142084792618201,0.73956430833418374,0.71121295392376993,0.72878170687327137,0.76412660900199547,0.71251088671051299,0.71113453693249407
17443,0.93712634723678878,0.91836780365219217,0.76528786393899362,0.74038811537435656,0.73759085766687271,0.75500431469498963,0.73726826120469047,0.72774676054822574,0.72734686159922723,0.71010827578409863,0.71035844805535786,0.75226636540487557,0.69618399201020231,0.7016684326892304
17444,1.006134025988165,0.95361733203971066,0.76434906757810384,0.67566869698529952,0.67632408881279427,0.7055842552299002,0.67685355348743759,0.67270803257855005,0.67268899225014633,0.65689218771200064,0.69332104337165024,0.71893298445411269,0.65675870517438784,0.65102895620805135
17445,1.0369175737060381,0.95372710352364387,0.86848512777765641,0.78269954517992879,0.79460465644017664,0.79020262948176068,0.78036878968276235,0.79272022097201189,0.79258226788068531,0.7620820694792636,0.80911942338585363,0.81578661050188261,0.76466228195004415,0.77780881799201773
17446,1.1305595674126632,1.024526539497133,0.96166826547143502,0.88825462223938023,0.90825545566662191,0.89312957270541837,0.89391622137771698,0.89957269671399676,0.8986075596371107,0.86214089395891258,0.91123942702168403,0.9156510888272662,0.88761241149285064,0.89187492656799905
17447,0.93317517140123374,0.90050221801230068,0.78732122933857629,0.74927599767763464,0.75649988635195853,0.74304239662839355,0.74665483350162332,0.74649127221259859,0.74385220184601974,0.72729103062094658,0.73854687326656943,0.75752664433881567,0.737621582750565,0.73756237963672655
17448,0.92621150515838713,0.87287427583294608,0.77928172688984254,0.73188393779866212,0.75351499624734719,0.74836673613936944,0.75619811849045271,0.75926046968594829,0.75682277191602054,0.72350520222239267,0.73295423661158876,0.75682573226287875,0.74478425614847765,0.75115511433216864
17449,1.0686290232467337,0.94896339420340436,0.87129926091476262,0.81266241324962807,0.82402674278558297,0.82466848417210081,0.84363294962998048,0.83483018055038893,0.83092238386322448,0.8018801077107599,0.82970710193704744,0.86395037463437063,0.83782398215160703,0.83356873750053184
17450,1.1324850474845025,1.0045656368905955,0.93222784151471194,0.8619277461563738,0.87432554909742732,0.87169317976088834,0.88835056963395875,0.88167129888407048,0.87786259528887678,0.85454521546899476,0.85642706462730755,0.89320283745886175,0.90498005121085168,0.92611072908761782
17451,1.2418216358755696,1.0942908046471198,1.0723921087382502,0.94801265415140679,0.98007640047709998,0.94941769228205686,0.97045117070617604,0.97069245801454074,0.96651768834223839,0.94617809424834431,0.9486017890572539,0.97302143150310938,0.96985898351740962,0.99880411773371258
17452,1.2553450143775062,1.1066214833833528,1.1731269456250861,1.0253165131489748,1.0244022092474696,1.0284051456664429,1.0436276225680023,1.0512399759172224,1.0471836991039487,1.0304584177061948,1.0289677684286018,1.0694777741543307,1.0415920932308529,1.0591918200081103
17453,1.30654941205426,1.1690957161593494,1.2465923776704939,1.0975650215276296,1.0982350322789232,1.1081133412400082,1.1242257897680121,1.1106739332035771,1.1095094757288564,1.0918547845714404,1.1004839256768437,1.1255490558366497,1.1237352187393133,1.1283899370736705
17454,1.3658022408227897,1.2221207932219968,1.3305529452403093,1.1853454978150575,1.19274665225794,1.194466090942238,1.227157774349326,1.2250688212188434,1.2249820105228197,1.1908350041406808,1.2140810912184161,1.2229972018719644,1.215822967187556,1.239518400763832
17455,1.2573519692068829,1.1711506339391684,1.2361789558353142,1.1283917824728917,1.1255570491539482,1.1289622856125201,1.1543931197661317,1.1497742915322402,1.1511629022987599,1.135122149265986,1.126966291025254,1.1408140922479861,1.1244717283402221,1.1481215816748485
17456,1.1374617637459921,1.0824678297723922,1.0295037029755372,0.96755111089923951,0.97345953669251672,0.99718356890365101,0.98453606329791199,0.97993920827202174,0.98075825996068977,0.95808998366554088,0.94912819844756335,0.9673743161179561,0.96715089228161077,0.96913531923125484
17457,0.9987340519459631,0.96046165348578816,0.851988675016216,0.79885246694521661,0.79275717861099604,0.82524052826967098,0.80592021635339794,0.80012410965990388,0.79856796573363487,0.77628782447118883,0.77633770805648139,0.7933218290762345,0.79728354582430327,0.79944129248133577
17458,0.88148842475475175,0.84305312474158323,0.70908339067007198,0.68492507132054437,0.69562405239804537,0.70969900673034614,0.69846410314009189,0.69899588337157703,0.69675583609604552,0.67745018015689773,0.6685955887684587,0.67860644285499117,0.67699335634228119,0.68106195569161476
17459,1.3707267182419556,1.2495941441536567,1.2500998830116741,1.3934804602904971,1.4278208337215972,1.4041860253367009,1.3623682244084017,1.3964695442450135,1.3951971801867102,1.3501730647714085,1.2840636011647402,1.2788986730802119,1.3757555701443154,1.3977577365874481
17460,1.1062704508359098,1.014752637448207,0.9858382175397663,0.99874594201985945,1.0340035064695468,1.0337811248609707,1.0055185271586373,1.0089279749991218,1.0077984769755932,1.0078569486328364,0.96941627683354625,0.98703156813649251,0.99905089754849918,1.0176719044006242
17461,0.95178281226165284,0.88290234854454475,0.71858147102242009,0.67439277197100034,0.70016020165834436,0.7122162417108937,0.69263529796573342,0.67595438041976297,0.67436144451057234,0.66692664661987477,0.69519320495003645,0.71839853057670244,0.68341905360517907,0.67184201150049383
17462,0.85457412804548027,0.87916154051690565,0.71475282947601571,0.67955691164985332,0.68876915433672281,0.71241673365852598,0.70077188856853212,0.67816492300405962,0.67638180709601792,0.67703591056011103,0.67822728609291927,0.72376414395821331,0.69610784045940299,0.68641047456809479
17463,1.0168599614791194,0.98344533517121036,0.95377419591872581,0.86266346748039779,0.87168055019881052,0.88286869741550045,0.87725081210160971,0.86867086532276261,0.86696141593171827,0.85969802600414325,0.88749437022709077,0.91495478343504888,0.84179670827912267,0.84109329357460172
17464,1.0117751439226221,1.0510136378289798,0.86033625036769179,0.79252671507866079,0.79398733711854064,0.81864243582246154,0.7945763115048714,0.79500447689801945,0.79351353836576821,0.80014364949076555,0.79856832948147716,0.84327981818784659,0.78409865607893647,0.78849654741806907
17465,1.0963874786226153,1.141516132432324,0.89404590052339183,0.90045726449655084,0.87465932100239607,0.93274383143030259,0.9013606355425442,0.88879829937280386,0.88714122986006105,0.89695208557192907,0.84870719319342858,0.90623531116677891,0.87902110488261964,0.88811669252604508
17466,1.1492720474708629,1.2062333337680993,0.94789766056567204,0.96903241107027105,0.93027100088188064,0.99977040036727738,0.96649068073831179,0.95204793052544767,0.95146356211313077,0.97309723112273405,0.91962758209152973,0.96777301721817288,0.94690588711744539,0.95052994214790454
17467,1.0579631393276721,1.0652373158415105,0.88103431760193041,0.85524097607118166,0.82792658825280518,0.88441797172026115,0.85979297927158527,0.85290650607626284,0.85213032613702511,0.84566632820764975,0.8188722655359788,0.86750324454919703,0.83318883266213484,0.84390712472233376
17468,1.1578105634050682,1.1239420199930661,0.89365178860145866,0.84552625103306522,0.82175102908421116,0.86289407401481388,0.84703588781520012,0.83643837246457831,0.8338778390951026,0.83303118209202076,0.83548496879531875,0.88278682579579848,0.83971366150081816,0.86649832166898844
17469,1.2290322582083744,1.2067411966852926,1.0079540311098256,1.0084309063185501,0.97759124952794896,1.0239792961406862,1.0127149851356783,1.0055793755821181,1.0039449739145951,0.994942268560295,0.98735277941637356,1.017995800272659,1.0049005924658394,1.0241651797857885
17470,1.1682129390220239,1.0993172443747192,0.98834125400036654,0.95461312722919611,0.93716467195546183,0.97011394300870479,0.96610235249745069,0.95556436486573593,0.95290618987937681,0.94711863332356672,0.95451826985452193,0.98592539444239236,0.94355158895044866,0.97026685778450528
17471,1.1810063941105509,1.1825188513932383,0.98133559112979984,0.89639612217989084,0.8846022627309581,0.91310322049363024,0.91429152825072768,0.90970646350851403,0.90794702084988121,0.89562094765827582,0.94262310572926333,0.96940251467025462,0.91083834184369128,0.91611796338136298
17472,1.3281676856451978,1.3855842425204503,1.0814561881555504,1.073752631308722,1.0418262523465429,1.084772665105642,1.0834090684588948,1.0609560759771095,1.0591997258922641,1.0432474076267688,1.0444767969039475,1.0769128492738105,1.0786197247917928,1.0886399274634568
17473,1.1886966758819668,1.1934516922190195,0.95205090205948728,0.91341891749587356,0.8961519271263032,0.92137318172530946,0.90341858015063126,0.88781686129459347,0.88627078988565344,0.88345015924132375,0.89311579870485236,0.93236542454238269,0.90845449578335602,0.92314581885844316
17474,1.135165442408635,1.1129928374148881,0.84452294887543433,0.79279892678802644,0.7949078983060599,0.79372117848004753,0.77202516229120577,0.76890639028602936,0.76739548082513309,0.75806513135637532,0.77534483895051975,0.80820181339679342,0.78740625063452241,0.79292324025823424
17475,1.0920212946690906,1.0737183196150093,0.82908465016475108,0.75066250652369915,0.75051988473716458,0.76015348702176244,0.73957153995051672,0.73510936302830698,0.73283415725172585,0.72562814468657244,0.7476010568057172,0.78940643242819797,0.7515612730367246,0.77237221113568355
17476,1.3208709577000159,1.3518550402894307,0.95909683856641059,0.94489831278142755,0.93240186769809341,0.96685578849190712,0.93911673235472171,0.90050471016778999,0.89852326863008258,0.92972311118586293,0.91717952267033886,0.95512980415801285,0.96933089280401341,0.9950026472608019
17477,1.0606457897829968,1.1520867139595314,0.80289332721731299,0.84499775638411312,0.82667936946192633,0.86122338508822516,0.83146679527558986,0.81041569466250452,0.81039075994968912,0.82688065911425024,0.81844731351087685,0.83943466199056538,0.85027967693697148,0.87165415856851747
17478,0.91405739515663842,1.0284082330327262,0.68806656786429288,0.71354635972691061,0.69466234751760181,0.7499519028061794,0.70167965836458002,0.68159229530979659,0.68122690470974534,0.69646310174104464,0.69102262507650203,0.70556039731222531,0.70335529330812652,0.71768724738241874
17479,0.89294003151862877,0.9411515722667213,0.65058071520185212,0.66243843116739531,0.64669694142730427,0.68288132542452662,0.65566495787717083,0.63981219768677278,0.63796736194822834,0.6384698268140091,0.65896702396892803,0.6596965921154978,0.63128616702533813,0.64078360003128199
17480,0.89700260387274278,0.89949068635918228,0.69650530805665234,0.7136450856318115,0.70610655645695231,0.72935997829804877,0.69895923970458096,0.70079826824567537,0.69743947018654828,0.68610696535258153,0.69872147003866358,0.70679537850864316,0.67653081154391614,0.68799785353930432
17481,1.0567473863926209,0.9367233687538985,0.82557710210668112,0.83308562741134995,0.84142702118733836,0.842997645356518,0.83078817168310171,0.82826346824567565,0.82571611236508569,0.81811003880453936,0.82477037789524099,0.82331152258650231,0.81277190389405318,0.83653960520750992
17482,1.2465677988488864,1.0414556230364862,0.90490159867811748,0.86645518954639222,0.88324136093557282,0.87615284664627568,0.8632547929949671,0.8534196975193119,0.85012150595740044,0.84720701285361788,0.86930469678654365,0.88322840804642821,0.81530186590274967,0.8217261624536536
17483,1.2162438080382529,1.1522930796588222,0.9501274616532609,0.93646392388563937,0.92344609877598538,0.94386109776995508,0.94149698746355015,0.91920509373352344,0.91735128304858815,0.92682159945427933,0.92520287602170748,0.95147588164000951,0.9158900322724377,0.91465955432982149
17484,1.0947770532938093,1.1150838141190975,0.81746169342418762,0.8383692072581046,0.81827308851690561,0.83518685659191072,0.8339584753049234,0.80547825238688275,0.80512578781745181,0.81510731123094948,0.81118658649448794,0.84456267341083235,0.81718198636654671,0.80975201370476702
17485,1.1651259828223715,1.1929799649779795,0.88579790925200519,0.85088527248264401,0.84651587038949239,0.85368333264884211,0.85336090644668305,0.8293820840537629,0.82916048059895064,0.83618543013938074,0.82980508313746115,0.87532114616198375,0.83156808274207583,0.8264329615610817
17486,1.2203875302295228,1.1887844674019727,0.99338537692082296,0.93930377017075839,0.94035481208574656,0.94854991312813119,0.93081942290147868,0.93261486640714775,0.93310221197915422,0.90544572232192322,0.94561443721331739,0.97442129512009024,0.90739052915823104,0.91267302502825998
17487,1.7535402311073978,1.503783079986047,1.5799715529951577,1.7006300307395565,1.725751630779349,1.7083067573204525,1.6877524754588746,1.7084553194417473,1.7074405048983268,1.6912329988195456,1.5984306289885992,1.5853280354678096,1.7082011677262996,1.7138185025655983
17488,1.1034924327786371,1.0532121732743716,1.001403693454032,0.99335893376075413,0.99752316438138977,1.0337432709376124,1.0025969907109631,1.0112888450103883,1.0083261780205961,1.0086175654501717,1.0014429237920737,1.02553417798053,0.98794629017048652,0.9753669591618227
17489,1.2247399994330794,1.1394555546316416,1.0092329690369486,1.0184556422383899,1.0209511361424246,1.0599809033765464,1.027912249420639,1.023482101519801,1.0214146899457408,1.0036426659219457,1.0037242210309107,1.015024954317405,0.98855241191493126,0.96873866822676435
17490,1.2732254573624626,1.2348706946095278,0.96429350474722664,0.98647530882341383,0.97691915203650559,1.0339926954496554,1.0120582958465987,0.98992677785812866,0.9888270917349723,0.99617552966203293,0.93363686778132238,0.98725037076733824,1.0383345886831137,1.0244588270152575
17491,1.0714686774523361,1.0447708896021413,0.7694635036166092,0.75542455622850035,0.75661543722338265,0.77328640514331648,0.77106511398981536,0.75547620363105283,0.75568819787991437,0.74256880856127672,0.73807938652986715,0.77930305439314407,0.72168912917838179,0.72226668244386938
17492,1.0583542163624291,0.9904466563354698,0.73517134952220531,0.69193078597784463,0.70575283263934097,0.71093785806698717,0.71405126061260771,0.69883423674405776,0.70005253400830392,0.6769394359038271,0.68989685952218394,0.71821065769937298,0.66735224994747222,0.65402684921017151
17493,1.0154400515806823,0.91451680878406361,0.66192605598237297,0.59217413618343961,0.61096945454041129,0.59963831510318688,0.59930169101925379,0.59228087841575583,0.59360909622918279,0.56867016784265556,0.59238113655670033,0.6423694098219519,0.58248293649143534,0.57720641954438401
17494,1.0014726733637875,1.0219168536002547,0.6367969503928077,0.6366235126209373,0.63604083453366056,0.65035467468118391,0.63508183064827939,0.61932115537702137,0.62295798828001603,0.61468742318171277,0.61911312791390605,0.6553808022469686,0.62059759954668381,0.61822050595062294
17495,1.0007458028751155,1.0659480435513859,0.67624496640804732,0.70142262769059061,0.68501962002008454,0.72210439828452211,0.6994022499640703,0.68053036603545114,0.68318647487216,0.67849798658505833,0.71284625006235647,0.73579721332149317,0.6864653605662111,0.68853983997382051
17496,1.0423231122280578,0.94758448876613344,0.65198298437922497,0.63960230736590717,0.63620014197068986,0.64741390702104318,0.63416653211962537,0.62185339072028378,0.62346819273981791,0.6198671870603244,0.61643942957577846,0.65054587189675739,0.61466710762896093,0.61233703992891531
17497,1.1046154720218797,1.0906383657768384,0.74871982828857586,0.7568023941241121,0.73568511766861744,0.76210534138117714,0.74367290747896386,0.72479461126588174,0.72573096949994553,0.72512034261578495,0.75558831809174654,0.77441373401696079,0.74511625836100082,0.74620054444271733
17498,1.1474847647327848,1.1208501905275712,0.80909616698113562,0.79821315219610267,0.78407899135557713,0.80107699992916936,0.79340903731525536,0.77986120864259334,0.77946160562906519,0.77501382470073388,0.81322247142007376,0.83732270532122566,0.79950722287351994,0.80775390800037805
17499,1.3256287129943647,1.3280282066772149,0.9545948261207825,0.95139765976004875,0.92887351996171019,0.95787810416082098,0.93507921638131131,0.9225664532985427,0.92371227451087512,0.934055517589648,0.942728626620846,0.9565036853194836,0.95936663302868663,0.9692143571094558
17500,1.4900540604922792,1.4698397999418615,1.0717623878871489,1.10331713783804,1.0882139949511327,1.1108901566726468,1.101842546485521,1.0664100018072415,1.0694961521583668,1.0771834895476102,1.0928832027458604,1.1009022801037187,1.0958375565870064,1.09763623123534
17501,1.2376697042071758,1.2945038064024466,0.92428315196506827,0.9625022728933722,0.93907989916113388,0.98719227843320134,0.96982957187701913,0.93052267266761746,0.93208542806045902,0.94732636118238989,0.97059800419177966,0.96588078495863172,0.9883625724749785,0.98272945969235359
17502,1.2926106941055198,1.1820181262949392,0.87035435334122668,0.90643018815447673,0.89691813060738146,0.93075630778593677,0.89933637042068792,0.878286356052143,0.87905426940977227,0.89501734185666459,0.90071247511953367,0.89208719143823445,0.90560796088963313,0.89608695687361994
17503,1.1770085799846304,1.0088109000241929,0.72651003221055133,0.74106473909599846,0.74807207007039012,0.75349086352030514,0.71597293931564865,0.70111832283431497,0.70089297098807002,0.7090381920073705,0.72928854149309263,0.73634816120252033,0.69243790391038418,0.67739146770878711
17504,1.064774993336177,1.0402268956817911,0.75608363410153689,0.73455114273502431,0.73163413708303038,0.75476591287454542,0.7345069788109363,0.70486934851407479,0.70527887539175294,0.71613515222527535,0.75202964183650556,0.76557784201619961,0.70435797064027483,0.69604252180596637
17505,1.0479670858849834,1.0511200905170588,0.74227112296035558,0.74536816205226675,0.73302319353144285,0.77445694648604713,0.74602812282133169,0.72273829299926162,0.72422507133788028,0.72393027566495693,0.76410779917427119,0.78481524275318515,0.72250975139865314,0.72105111953020562
17506,1.2675276659764598,1.1171874749357431,0.86686147520608825,0.90414179378657811,0.9165315584311382,0.90812969386425446,0.91283617473087242,0.89453364036175176,0.89459466963596679,0.88390771496015275,0.89748834229818619,0.93910131503725647,0.88452744842250186,0.87835249299291129
17507,1.171390878187238,1.1088736175459744,0.76850234830914221,0.76865904098180482,0.76964533350508779,0.78145557490125694,0.77942488496758877,0.77850945824720896,0.78077484641837991,0.77230006743676916,0.77327089252067593,0.77787492646475909,0.76209547364071273,0.75268086238837684
17508,1.1878681307394783,1.2883371056646691,0.96339368123003055,1.0333313561545792,1.0057299159493189,1.0752714337355527,1.0450889097548537,1.0243574043909769,1.0262940775460161,1.0334646477074401,1.0432737003615977,0.99219580456854484,0.97054954315941455,0.9775287043761508
17509,1.1042918803856197,1.1708768405707717,0.8635792352020325,0.90281460187180096,0.89283953611253219,0.94142509772551719,0.91369433426803204,0.90330904088120112,0.90471497087796415,0.89640993010512571,0.87605692586401085,0.85417825581597273,0.83598361145319577,0.82968785068139173
17510,1.0258278783220467,1.1391320719259481,0.87601328234634557,0.86158924917880697,0.8427321085966295,0.90304413965395747,0.87982023183219837,0.85941263664047762,0.86276271643383673,0.86591367122340879,0.88116966293628318,0.86112889478723853,0.8221405963494367,0.79680011940874473
17511,0.95930795740189334,0.97282053185788497,0.74016178734470406,0.70824146486202044,0.70201079611002815,0.75162703355560789,0.72587516271890395,0.70884345148520056,0.71152347319821496,0.70150215750210199,0.72943148230745791,0.72677820595030274,0.67918793403925171,0.65252603113593954
17512,0.98478716523031895,0.98466903051351051,0.67237544078387512,0.66834788190823569,0.66352981240098741,0.69856647441471009,0.67254509207449287,0.66352759549813223,0.66726724910435953,0.64736079733645924,0.68506174067767567,0.67372845060990871,0.64068645962586468,0.63331286698954448
17513,1.0455728883685773,1.0162937815669941,0.66206195466573603,0.6240169919894436,0.61918246699112878,0.65962556119398907,0.6264059818967318,0.61296717138934198,0.61636006512090213,0.61706613161928159,0.64465012119383869,0.64292176124681133,0.6192084926361614,0.61395940760290213
17514,1.087021088464261,1.0587791245298748,0.72440218118545274,0.66385740572312379,0.66477546749509475,0.6934597228831727,0.66891499952683187,0.65209921224469913,0.65408945373273109,0.64615069800671332,0.68128277004622217,0.68882109738247344,0.6689160028757124,0.66575909353085605
17515,1.1717403857685968,1.0934695484644572,0.75905772157201046,0.73533560847608626,0.74038439937798095,0.7587972708582934,0.73496054980139669,0.71997780908461662,0.72221194381143605,0.71271311208888388,0.74056029519652777,0.74511470051407747,0.71239698831999687,0.70656739644390176
17516,1.1469619245949887,0.9879229163516946,0.73872105494315676,0.7539863488831382,0.76955735749984144,0.77596487786972501,0.76455685115929506,0.7556419885459944,0.75680144638582625,0.74021454267211184,0.77642086880517591,0.77465168913501059,0.75930627513136373,0.74626367889285894
17517,1.2737809287412907,1.0196999689505228,0.95070573492516841,0.98307952427276335,1.0151222395204935,0.98028177047293341,0.98191167550503011,0.98228633535044074,0.98242583104456194,0.9548996081929898,0.97461090251235782,0.97890024492347605,0.95568679129967016,0.9269206591422583
17518,1.1520246086636838,0.91404102582585078,0.86177902448410215,0.90162201611319104,0.93728266515051095,0.89210251361725978,0.90160516108996969,0.89544937624329579,0.8929808402614301,0.8693375163519379,0.88151460034709883,0.88655810297323823,0.84133679803407158,0.82748366286549957
17519,0.92541608858209434,0.77440957883737827,0.75213017214229927,0.72501629373084819,0.75832241653778509,0.73331800990770113,0.72760597786890502,0.73032648952792711,0.72688682029493723,0.69893579570164188,0.73449448903776615,0.7265024440307245,0.71015944701798039,0.67795402948028338
17520,0.68237558522253094,0.70717239929200737,0.60149615725538164,0.5946800512804028,0.59694745291403706,0.61595455970312729,0.6028732538840974,0.58526557868281559,0.58521807079060295,0.58690282542829797,0.60460606079821433,0.61391849103825336,0.58690315542191973,0.57297606381879984
17521,0.80193250233205837,0.77608869951080728,0.67304869586490701,0.65020418649024547,0.65250202601537743,0.67622826140487613,0.66517001948272436,0.6436476452207921,0.64228981244993522,0.6316290608722126,0.67707815184777465,0.69350458264436177,0.63482947813457302,0.62339367442488303
17522,0.83320855925465942,0.83916510887937878,0.7143596624064158,0.72557712654624207,0.71843519638184461,0.75904460067637292,0.73298189799307356,0.71911906338659204,0.71866103181676466,0.71094183178162496,0.74818353425350248,0.76140839602337285,0.71289493424346806,0.70110814508222941
17523,0.86545227386109302,0.84002839856723277,0.68137153193999578,0.69747617435718612,0.6763443469098418,0.71382401044210786,0.69622803101451636,0.6962394941093516,0.69662999360931088,0.6908272457997725,0.68800342542503123,0.71554966438774659,0.6813478480387164,0.66793398151941596
17524,0.99257961093500913,0.89694811053259638,0.72168817166925103,0.73021538302729172,0.71173346142551841,0.75390088244670017,0.7333362887750503,0.73183594824693565,0.73362094376004083,0.73072570409471427,0.71458365033108817,0.75489747078345504,0.71358274190807069,0.70622962282448432
17525,0.91605400809863846,0.84312990534928323,0.67821553125874545,0.66152339235575142,0.66098877252935873,0.68167560068730459,0.66630171228988422,0.66493692319351794,0.66490528223225798,0.65407679178745481,0.65853959595282663,0.70203917628978774,0.64787349797132021,0.64150328479748719
17526,0.97077090622939743,0.88050090398777014,0.66523215858413254,0.61517964817255555,0.62851784207556505,0.6331174304542021,0.61987199703422191,0.61362421901455733,0.61385629458654922,0.61044865414453564,0.64567613702971849,0.67715559403415526,0.62741537136458569,0.60749474780142698
17527,1.0458244053352976,0.96716999492601696,0.73424878313162512,0.68615829708298348,0.70031832587757148,0.71230838566817756,0.70296349270925229,0.70135009467685394,0.70126435543850063,0.69304137541296218,0.72301163631827081,0.74954427819411962,0.6816457751286944,0.67060077871933543
17528,1.0536706946908678,0.98801449373158612,0.72860424075727492,0.66480508407057459,0.67807918346486484,0.69270436567002713,0.67406351708620005,0.66722422961840766,0.66740751130009912,0.66482758895291316,0.68558366100953649,0.7106444350414709,0.67189217684799407,0.64934727052015051
17529,1.0818998007467417,0.99759514911117098,0.77539146138782811,0.75866697163840668,0.77467334310395797,0.79011813850286028,0.77247663902904584,0.76282257801489495,0.76224011464128838,0.74620237971502956,0.77689001361703414,0.8118218152177451,0.79594972365270122,0.77481701647593904
17530,1.2262688868011178,0.94438321025499783,0.75421734563656906,0.7511475744530608,0.77677860996022152,0.76992169283170608,0.7689282799131385,0.77753216445855111,0.7750036484516224,0.74501573798732801,0.75607460323819098,0.80264317612016112,0.74602929963660636,0.74385560280660867
17531,1.1726933836115847,0.94850702805583853,0.76721741332627269,0.77059974158360589,0.79811405770052146,0.79090366789630773,0.79105016383016913,0.79000454271547405,0.78820861823458177,0.76797448104961319,0.77056693281574662,0.82073539220137703,0.76511555617889815,0.75393653180909947
17532,1.0369281241495767,0.87846712659804782,0.72401028084027919,0.69323876184958566,0.71977133618125022,0.72709036112909409,0.70124855334851677,0.70738383331055543,0.70694566791391189,0.6991507552334979,0.70779890751503016,0.75662299016083423,0.70739543165129504,0.68970241159940249
17533,1.0459358476909597,0.87792340634979638,0.78957085446024633,0.82112711785536896,0.83907863281987971,0.84847744255806701,0.80778780460412558,0.82004201740615346,0.81929480186485482,0.81475977543968126,0.7889267351260254,0.83253899512465945,0.77848331422712647,0.76045814783329613
17534,0.96371317287983793,0.97407967465704415,0.7838840449449973,0.75476314717763693,0.75467872795405611,0.78631728084222896,0.77232569451756905,0.75426233930088116,0.75542561810006703,0.74986072558284245,0.73382110054875016,0.77485235428544674,0.77109497073377642,0.74901386746066112
17535,1.0793654863428146,0.88545836157090407,0.80856195767832217,0.7710118587327941,0.79654780915294054,0.79471669264650258,0.78379378790357535,0.76158731988788664,0.76271942762208544,0.75703032629595135,0.75756677459049337,0.81164752101845128,0.75045365830828259,0.73003900747888084
17536,0.94461688167139013,0.92129871697102472,0.77645933012214163,0.71398543027389727,0.71774741331270742,0.73406138706551438,0.72207628420690195,0.71387151661075954,0.71601682843494241,0.69666573133824505,0.73447471935814201,0.77044927894927373,0.73148459701889323,0.71928180221161486
17537,1.0124106938263451,0.96221563896700713,0.83136813281255739,0.76424018032566865,0.77009264368312991,0.78717426883638308,0.77757783639522771,0.77590729618116827,0.77631676590553667,0.76115786585220457,0.79550841138110162,0.82373464678968755,0.80359111359361068,0.78469089133366521
17538,0.99948921398205959,0.88637093838864334,0.82988322847998697,0.78464813410257561,0.79801087491663858,0.81553641620763762,0.80741841760284772,0.795163147815524,0.79588537615209709,0.77202596526935929,0.81305367888847668,0.83902559872810978,0.78699554999420029,0.76037583535215825
17539,1.158705817434126,0.94907227136345029,0.89396330723371997,0.8405709484091769,0.86235029453966439,0.86328152174273476,0.85211502046160759,0.85265793321130767,0.853223517767975,0.82762224049723521,0.88264908210040149,0.90288495132217039,0.86471369671865705,0.8537767028894091
17540,1.1209811901111124,0.86779789164174381,0.81782896791976756,0.76292298218100396,0.79305236442882687,0.77394839701440077,0.77277332763152762,0.76837172629860651,0.76742694683769686,0.74052530948150863,0.78724343955963316,0.8112384517825646,0.75006295040700555,0.75093760562223055
17541,1.0464037142546856,0.90737240280193887,0.80173401622159901,0.74875576146923839,0.76980049900499437,0.77033349485470204,0.76076364727651002,0.74831693962025303,0.7478928819599735,0.731589806576324,0.79080711193422348,0.79699638813227514,0.74494683625751279,0.74367026449666007
17542,1.1651779192972238,0.91270971254746724,0.8251385157652833,0.81248307985899215,0.85205289139000606,0.82698626869211644,0.82499234787785758,0.809925771083288,0.8101392213851627,0.786062479859582,0.83192897988216064,0.85156772863155439,0.79440207042688493,0.78759134807395714
17543,1.0536561910278208,0.89979061343742717,0.70153342949265296,0.70905226220508066,0.75028705567658049,0.73276103232643197,0.72590422120401188,0.69204106926321718,0.69246319771573406,0.69138118369929202,0.70508464582747721,0.7217609817745726,0.68651803913031806,0.67461612194146581
17544,1.1389666550070947,0.86571906179766811,0.67864143718839753,0.68699810251500504,0.72445468427658588,0.70580551837902994,0.69745362312729731,0.67071464314194129,0.66978620189957916,0.65714439454364992,0.67720452925651498,0.68850101600678415,0.634778853888887,0.63261180369646153
17545,1.1317310124280373,1.0885452235404496,0.91682207264323168,0.85925379746530073,0.85876860159313617,0.87896710534697264,0.84949838007660694,0.83399753933144138,0.83409120198671183,0.8444403785830138,0.84711334380230086,0.83197600679139494,0.85789230821287688,0.83355761298679831
17546,1.0179478064451786,0.90575223763444879,0.66795566414843144,0.62289681228638483,0.6264031073342855,0.65449719357276315,0.63156322640253704,0.61234047762301647,0.61332478060775686,0.61057764102859102,0.62296899516183679,0.64281968532317246,0.62589962095902152,0.61020336773546424
17547,1.3446991778582376,1.0054025050607931,0.80780308572384774,0.72730087967369617,0.74506113731069101,0.74117108107461949,0.72456412824943128,0.71974264440181901,0.71814842872427687,0.70517427534590682,0.71808754579835177,0.7210991240754836,0.72455192143525571,0.71160085286789876
17548,1.2112855736999053,1.0752728693645404,0.7909499518846308,0.77025124389943145,0.78267813847961287,0.8131201277264446,0.78657394272949566,0.78760162942454137,0.78749277467842305,0.77027823817928132,0.75434998558181476,0.76039416479968513,0.80990924385703311,0.78061204314698918
17549,1.0957143635949917,0.93004034615553699,0.72472756697202689,0.66787950317826272,0.68724805823551527,0.69139121439699969,0.66592705885310022,0.65614411122004157,0.65676956454728896,0.66155323766390672,0.66252590051047333,0.67255015938121521,0.6787728813581424,0.66807370079189177
17550,0.9094657925300873,0.83321545779448303,0.6541006662369464,0.60357034680923827,0.62144841663329298,0.63451668631247715,0.61429342366775519,0.60399110396372724,0.60248378539797742,0.60338778677310767,0.58779574649247968,0.59792447079289512,0.6121383649092017,0.59611728490157678
17551,1.1284333100303601,1.0092255297739465,0.79699081048509179,0.72977450394902765,0.73583773146273868,0.77890793683075865,0.75206583704150332,0.73639012212074684,0.73448587265445464,0.72547505582882932,0.75479926127210162,0.76460082926667283,0.71758723716162531,0.70513296290891503
17552,1.1095475953365546,0.93608869847973797,0.77303381686534955,0.65386160158314688,0.66028297859521301,0.70111829687354543,0.66939817366563037,0.65847325057763983,0.65742147910175297,0.65267184489952135,0.71128534889593986,0.71691685346310585,0.66522782595060681,0.63704664439639402
17553,1.2223341895396247,0.92469108892134277,0.80609883980154406,0.75454282411049545,0.77592394505947693,0.78250285953712606,0.76390447218616997,0.76718605724578071,0.7647637261268927,0.73543133273888384,0.78719862021807807,0.79596813006017397,0.74910924104534515,0.75832230162531278
17554,1.2979305080126926,0.96084474104886697,0.85701069241116257,0.86385096904477798,0.8943463006242135,0.90237140386933867,0.86588879544791764,0.87323533402389875,0.87190785174866292,0.85068187951822249,0.86181394338395179,0.8769223418152996,0.89361855783590594,0.89984866596223068
17555,1.2594754587455943,0.9954133168468956,0.85673575730767426,0.80743586438801973,0.83568252679569111,0.83541351970050115,0.81311757728126355,0.80637517670357461,0.80488449560066533,0.8023441527816465,0.83676122465834468,0.84558984204807741,0.82237378618303425,0.8162073128536691
17556,1.0612802984162288,0.98881571073676744,0.76634676261211032,0.7358944669394043,0.74727863853157761,0.77803006570855382,0.75310973125245417,0.73732314980638225,0.73750803430524015,0.74090172999979853,0.76309378177648302,0.76676548492385355,0.75188074409613359,0.73475710467542721
17557,1.1078088849182954,1.044793707784438,0.874978218967433,0.86593451059739646,0.87458113734913856,0.88200309446837544,0.86566312465084483,0.84577518182814826,0.84823975760080073,0.85397586340552922,0.86117672925403288,0.86880535676529091,0.86699157153222761,0.87586216867765154
17558,1.1573699083631948,1.1853584926695704,0.94514016075133533,0.91555334161210988,0.89805332516701575,0.94001015579411307,0.91358923504783973,0.87977459270626879,0.88340944886183792,0.91087275240823973,0.91104132284877193,0.91614096150327284,0.87795909075860556,0.88016520574871637
17559,0.9367937692813656,0.96485509304828065,0.78382755110264446,0.75755763396248077,0.75603419598096933,0.78077408471709631,0.75823685913775096,0.7343830481762309,0.73572536054934379,0.7478706518886038,0.74920149644632406,0.76871764121736086,0.7331778957520817,0.7336780814559708
17560,1.0035416071560712,1.1141643367190894,0.87515034301189365,0.81408270028402796,0.81258674921494722,0.84833213328983159,0.8302995561284241,0.79852887784349069,0.79908422932102119,0.83748224423486295,0.86119167671305918,0.86545573034486756,0.79423871605339758,0.79747846132884304
17561,0.91121950810354491,0.92507512655697099,0.69468946408896814,0.67203683665193492,0.66902664166928716,0.68736421046411955,0.68085278762104939,0.66378728405650655,0.66326885696215399,0.67133216575874344,0.6855719211162683,0.71609723160947203,0.64630355120588678,0.65629667514259871
17562,1.0450419339714121,0.87397274897664812,0.67299873721700643,0.62966174188486612,0.63691628957616586,0.64114339629801309,0.62787822550359051,0.62791712631759888,0.62706667696432328,0.61629861933484509,0.61671778590345516,0.64936961333327303,0.59818004649405099,0.60362449062246637
17563,1.2722935360731507,0.85761486099340589,0.74876265689143817,0.7202796614646042,0.74707530262972421,0.72277476194832646,0.70713150467554586,0.71215732171646806,0.7114209775151743,0.69864581035245632,0.67851888800084492,0.70201265842775407,0.6725825645304041,0.67512697092682916
17564,1.4309988044917614,0.95438012331819644,0.83746672392670773,0.83995657859905959,0.87404750361151817,0.82574623390498192,0.82972599058732543,0.8349953229708823,0.83376809759755044,0.80955755245588945,0.80315825304145294,0.82304439559451203,0.79276571141736196,0.79355070855950216
17565,1.5508938862635926,1.1282867907813403,0.95447640533877576,0.96316932529806654,0.99891093298620026,0.95666226042641711,0.96489698159992354,0.95915226833737266,0.95988951504220021,0.93112052211659146,0.95805719341193585,0.93931023133381908,0.94340947363900507,0.93832188780290171
17566,1.1974377128445335,1.0121575344284448,0.84120175168877886,0.79382752892003594,0.79602215664145126,0.80730004902959329,0.8129241544558905,0.80142782291828396,0.80019493893385529,0.79953789797258457,0.83222804350518909,0.85140995692164623,0.76236445455489887,0.75568083744914072
17567,1.3303549300795192,1.184465072621727,0.94481449412629737,0.89613046754990477,0.89148850528015711,0.89909019262658041,0.90640855500419049,0.89252443877950527,0.89073719668570339,0.89191552746665137,0.90924104295119434,0.92246096201925787,0.88889612936785922,0.88838553572129197
17568,1.2323824686849583,1.0525676957759829,0.84009781493948532,0.78920194798800725,0.78425572039178582,0.80629251515530687,0.8015012546937984,0.80204098786107814,0.79996228577064155,0.78461982082102211,0.80551004522663971,0.82188096341421657,0.76142062881598227,0.7623920399790628
17569,1.0836046604512559,0.94578333007162463,0.71238968713466588,0.65805586114749393,0.65681026469607284,0.67185065166864832,0.66024514379568733,0.65526905317645523,0.65511513060308657,0.6403641875121886,0.66988066868399232,0.68830418443880703,0.62422076203377552,0.62768083318772527
17570,1.119342160919006,0.94731371690917121,0.70016386180680279,0.6523244875667239,0.64926802140148243,0.67542578434526912,0.66325598507395056,0.65103709088813877,0.65167021158734961,0.63711958633757926,0.64280658924657308,0.67014062478660763,0.61971471245804399,0.62417804599285942
17571,1.1089641349970694,1.0038058715939528,0.77040921790602679,0.70720193975843748,0.70580179068925664,0.72466091786659836,0.70591803078271576,0.70586490128372248,0.70535778521919823,0.70933590045189154,0.70549327725548672,0.72530824092089796,0.70044846638065794,0.70227490977928753
17572,1.0263870808442925,1.0314442399059114,0.8721797100064187,0.77966275183379874,0.7653827018782724,0.80090411034373443,0.77884478757564146,0.77796845296956474,0.78046814180136959,0.78334710133007279,0.79419444508820247,0.78781814390099103,0.7575675676977156,0.76942170983582014
17573,1.0617663078060058,1.0080149730692616,0.88345275127768796,0.83332461645739353,0.83187787175379135,0.83957596895202125,0.83062003565311915,0.82102126223001826,0.82318376658697656,0.83223474173187451,0.84768763646128364,0.85225997075770565,0.8442488223767004,0.83239860926793474
17574,1.2847443484963741,1.3020979678855695,1.0612063038638675,0.99593376563305758,0.98433106637003398,1.001236206085617,0.99035520260577814,0.98840285085973145,0.98927961619135585,0.99499774912284256,1.0209964331110912,1.0269261602246609,0.97564379754300445,0.95850488316699334
17575,1.1940144271916797,1.0947496470266975,0.95276249598378127,0.97195175994331506,0.97219513172191707,0.97789314955903639,0.99961835744027738,0.984988279753929,0.98329090249402684,0.96046405941692981,0.98158091786794688,0.97018483029430991,0.95085484193229519,0.93120800519026548
17576,1.3733624234410255,1.5535543279197521,1.3503392779499264,1.4033387609102186,1.3605374503232557,1.4548043134032811,1.4442283344486646,1.4034682991521858,1.4047705826723147,1.4080296603810105,1.4157532228865728,1.3868199734748365,1.3883445922168212,1.3593260732996819
17577,1.2059400419252408,1.336315254449205,1.0886838536863506,1.0156051631468677,0.97876663835034916,1.0393373964863326,1.0393749548392004,1.0068319378673891,1.0055027646724413,1.0105249205026565,1.0501767127106785,1.0258463312567991,1.0418051514934918,1.0353975545961558
17578,1.2552764341469338,1.2837119565067974,0.98517347136120004,0.90045187116325465,0.87944827535000425,0.91973037916477629,0.9027685056162511,0.88286019864108911,0.88338390792071897,0.87016939052883668,0.92462505421400676,0.93275124756001293,0.91495181294028138,0.91879150914033536
17579,1.2477765522101096,1.146198441197082,0.85457196051776607,0.77583406825063783,0.76835132160915276,0.80290948137792451,0.79030300605118387,0.77173146809017423,0.77162920082437514,0.77563460879337898,0.81144803197954729,0.80727596238157018,0.78117963640178845,0.7946166027717988
17580,1.222087383207489,1.1623964412750656,0.84938034759808445,0.85407091084582609,0.83385005040606197,0.88907023482912217,0.87510033247850449,0.85422253446838869,0.85355174108436638,0.84881410773352317,0.86717577139733215,0.86597915125888725,0.84182667999505834,0.8220878962577306
17581,1.1448421570089333,1.1033505551218055,0.80694230453826366,0.7152608488107407,0.69761795822171369,0.75153661962415186,0.74889699291558831,0.73273315588440857,0.73278691789343076,0.72679542554444243,0.74403916409916071,0.75093360885987315,0.73087866219270647,0.71423012574461475
17582,0.99864370013445247,0.98909309441877469,0.70897944883953545,0.59190443202366516,0.58081611148483403,0.64509287144665739,0.62955545692695858,0.6253872924540701,0.62523403427410307,0.61322464731313797,0.61525910853454258,0.66246661730142564,0.61315814399581181,0.63025018541122746
17583,0.96298576096496846,1.0260315195773766,0.75133666442198555,0.60889740660203884,0.60128986414987828,0.65187327877858237,0.64675806799591407,0.64967333281092321,0.64934509937805707,0.63416339873512406,0.66005862157981643,0.72703818862021929,0.63224234891314357,0.65223092920863712
17584,0.99959152583658017,1.0773214115014043,0.78566903818180167,0.64658028751031638,0.64701707623690163,0.67466121078608554,0.68061987792488909,0.66856359007897603,0.66891530148957157,0.66101226246561606,0.64680281097066317,0.7138019174248259,0.62551324386443252,0.63526690680296916
17585,1.0550051855670384,1.1984201990804029,0.86427233203781273,0.62831990813822447,0.6395500865523176,0.66695310162524302,0.66809403506971898,0.64150151178025472,0.64156719314297539,0.63305153380628465,0.65773968392067717,0.72734239489903507,0.59911455967733196,0.59949960669955094
17586,1.0921775196804846,1.3751201052175894,0.97303400910195359,0.73811325320412324,0.73285335553631215,0.77878607151602086,0.76593940024992679,0.74765682081148188,0.74684332939180009,0.74221393250615342,0.73026123293045975,0.80416313504754267,0.73752972369717895,0.71849861901991641
17587,1.0651378058117775,1.4567989312172027,1.0811727742183899,0.82820706609230688,0.80233689677952968,0.85532480885157702,0.85609422442289285,0.82886214647097078,0.82850169653489103,0.83707222607605936,0.81327428425332793,0.88336251871842286,0.829504828975419,0.81200673808750035
17588,1.1582695689134024,1.6934270310830517,1.4170531518764546,1.1905689150553707,1.122256304322975,1.221760159338072,1.2280425996947542,1.1881818095383379,1.1889069696354961,1.2344050156407342,1.1085858153157255,1.1906204428651141,1.2107565593634853,1.1677441025413111
17589,1.1330299882451631,1.5236233015595022,1.2464528639449652,1.0413003080127179,0.98606336361767033,1.0801779026861216,1.0822129737105519,1.051166567329227,1.0504478534670805,1.0750680239601618,0.99496617425022948,1.0888095356800893,1.0430326449177094,1.0107826944025464
17590,1.3425923335471257,1.450947518972501,1.2412556597153144,1.1116714624401962,1.0798710265992182,1.1459532975830107,1.1392266108354792,1.1109683614533459,1.109759305376405,1.132799953407267,1.0699065437164526,1.1737497921252724,1.1273900346617809,1.109180292136686
17591,1.6694923291841695,1.5194474334212782,1.4984635923541936,1.4167798814262127,1.4079310198668806,1.4340345291989427,1.4361364451058405,1.4246632867414775,1.4243615388634925,1.4408165643784441,1.3887171195340684,1.4733765140051551,1.3971630969257347,1.414504896836291
17592,1.4085690188778273,1.2919277805559437,1.1363129398078773,1.072473187016048,1.0478036376654603,1.0764367469373957,1.0833019252277261,1.0698212485396181,1.0698840027658159,1.0786540878584014,1.0133915303189756,1.0632284914337153,1.0715599150353927,1.0944772962829434
17593,1.1744794610210878,1.001410999372452,0.86341941109191334,0.85932303480104588,0.85269617398595765,0.88672340421178042,0.85969124276792863,0.86115895811195042,0.85925573330001992,0.85256666798846648,0.83135851315383502,0.85014674309411153,0.84920865378996868,0.84044993395157375
17594,1.2581459984742014,1.0555750302280023,0.88306472081345055,0.84697733214396753,0.85190950224958362,0.87603897987032708,0.86027470134549855,0.85197792484120882,0.8498380000696043,0.85088928790063512,0.86641668509656722,0.87384135441628896,0.84415127608009366,0.84400535030522339
17595,1.3717783348165393,1.1372229270013081,1.0305796243228802,1.0408195923861916,1.0506568606082927,1.0503540525054387,1.0308347578490686,1.0299482596910026,1.0278098444424049,1.0209761219791442,1.0128976951578659,1.0324959822335806,1.0149987273782191,1.0278022414718475
17596,1.2852134167898204,1.0677440635925668,0.98305673446626707,1.0262585274253302,1.0428743541294088,1.0406626339085181,1.0179274477406224,1.0181450100380944,1.0154919815830248,1.0132860599066589,0.9605317151029944,0.99960624463204051,1.0178529208456653,1.0471380366962992
17597,1.3493052278634661,1.0667495134133802,0.90476761026437624,0.96860937813003634,0.99593350444480544,1.0092068946103412,0.99596883315719431,0.9742084772098708,0.9696892245378379,0.96204286105166437,0.91224976840804162,0.9548200014892263,0.94968892468085886,0.95034658421180551
17598,1.243753114424283,1.0133897937513372,0.79999148537993303,0.78063086957933436,0.79198539863879802,0.818032029623741,0.79567158228840162,0.77920307984821147,0.77644869264924377,0.76365414397878983,0.76265926333779355,0.798445420543346,0.77218943166638665,0.76807205253217181
17599,1.1364432798261501,1.0041061358637575,0.80412137345209023,0.79583768066780725,0.79307965766991462,0.83400967941313109,0.80863496018910985,0.78881049760520416,0.78841632095788627,0.77838441735461084,0.77554774639977542,0.79728057945439068,0.78968891369876526,0.7817427477505644
17600,1.2209086795949236,1.057649319331663,0.89776222792233018,0.89639099093415453,0.88851206564793694,0.93748925385870641,0.90942411390861677,0.89748687198785448,0.89701863377474167,0.8867593464018062,0.86907074732306255,0.8942881314147072,0.89158053195935971,0.8838406709679516
17601,1.0031638898639772,0.9480758978884638,0.75105729290211609,0.82937840963351095,0.79405634824473526,0.85812496112419256,0.82922104049750045,0.8089405781947886,0.80814844056011126,0.81270855305056877,0.7778167735760021,0.7876750139279185,0.80319529000160816,0.80820039974772717
17602,0.91437131878234279,0.9278835390285981,0.69024997966469803,0.74861839011500653,0.72228272792115145,0.78430082054126349,0.75736814085884641,0.74942785315096694,0.74994278916157975,0.75143688503697703,0.69262328500556236,0.72523187318331706,0.71729836711906592,0.73681280072149757
17603,0.97563378192928008,0.88981057429741606,0.6531882992316822,0.61198138530130131,0.62562698656835092,0.64315030708648169,0.63224893273117477,0.62375899203731311,0.62595618311783752,0.6005162846782407,0.62232412496907064,0.67660882089272856,0.5941697391175973,0.60552121228638711
17604,1.0529490158763437,0.89098965770447547,0.67952998129463293,0.70273459942117433,0.70541238686948249,0.73089177073515155,0.71313328771184181,0.7047450631632467,0.70566065328356953,0.69206731156417001,0.71422436693835378,0.74671760329840953,0.65385819429773795,0.66821423251032708
17605,1.0541726190613114,0.88338388826359615,0.67811697970634133,0.70008318596043961,0.71360535639705869,0.74661944142150372,0.72536906861433459,0.70256127466558049,0.70211013822823831,0.6844721998363883,0.72553745265496061,0.72871602395705448,0.67446916132670398,0.68616533975956073
17606,1.0308312629932432,0.95757655480540627,0.77142829787016487,0.75026926808948435,0.74766708629748835,0.78969321996763953,0.77008492657718164,0.73887320185868754,0.73786355639803403,0.71976556105842149,0.77684758600820858,0.7890200800028998,0.72145166122217075,0.72648141987635884
17607,1.1425597296277805,0.9641729591866427,0.8020070186842041,0.70712914062610066,0.70734717610706488,0.72584235566057442,0.71727997626001661,0.70295404453999621,0.70186458943192931,0.70243582930177706,0.75414046887047459,0.78713587026202658,0.66889860707221749,0.68174205114125652
17608,1.081946709248943,0.8401228377041563,0.70003707766745948,0.61201333402256419,0.62775814388627527,0.62429443527008188,0.62806198548999836,0.62717516414064323,0.62566883013888819,0.61060590332725251,0.65209640784347744,0.67941740880720969,0.61067666474751858,0.61581725298637124
17609,1.1067299913873445,0.81002522813722533,0.7209594916945381,0.70606430061927394,0.73502033621250895,0.71965540738122002,0.7179835732635822,0.71860785792907189,0.7177210999019068,0.70419008008601613,0.67761414001103837,0.72071891375195962,0.67675118297228287,0.68110497815485604
17610,0.99541464259251644,0.89318415763692938,0.77399823495379105,0.74417450980572075,0.73294753457512218,0.77297313380801169,0.75507512185820169,0.74928786183912433,0.74784693751553821,0.75303081082989431,0.74183385811557889,0.77365940434535019,0.71123153784654303,0.72574563742158982
17611,1.2084946058341859,1.0157251682610413,0.86428848393775082,0.85690873986714389,0.86694307813424465,0.88473285710721417,0.87239799460429113,0.86999871717117794,0.86919271650813312,0.86287467396787609,0.86186792194051076,0.88947205684889863,0.83351067644707444,0.84185282545510609
17612,1.3904116710228953,1.1199531700173835,0.95583811808833896,0.96948148505894149,0.9796053996918016,0.99511466926572378,0.97848583831419833,0.97043829332606468,0.96909938686037844,0.97108953974038992,0.97257008427175362,0.98064460784187513,0.94033333045973377,0.94644152678978932
17613,1.4209343427298315,1.0896168701567424,1.0203451473248644,1.0573594965688797,1.0768503241361378,1.0532273238581407,1.0302066163841277,1.0559330473595177,1.0540517136588277,1.023457506279901,1.0376856815225712,1.0680380866918764,1.0232827495861556,1.0008678714707353
17614,1.1472289994024536,1.0291301333078451,0.90351772819301113,0.88154141185335766,0.88174768600077569,0.90117979188502229,0.87797802838970718,0.88527377408357966,0.88365247174853323,0.87618805583566028,0.8875597958917435,0.91809697510655586,0.87472927448361126,0.86654854569935624
17615,1.17156237056418,1.0052945084238554,0.86802933548277372,0.84377349834389836,0.86020330521704613,0.87168721159741058,0.85629233179785835,0.85655777914524389,0.85561622291640826,0.84610388599565478,0.82690238740357958,0.85253879016228906,0.84294740066605311,0.84429802277446908
17616,1.1888766829423265,0.92593121827493297,0.79112023915261331,0.77037030259244776,0.80195535410199736,0.80217381028234325,0.78273488282409875,0.78947365096052258,0.78805031844584783,0.77286274680240608,0.75807021983707867,0.78877631712728191,0.78364437702557044,0.77967148369691064
17617,1.2833555589718064,0.90738063667552638,0.81484340143764922,0.79445113557112279,0.85197765504479617,0.84191241911786485,0.81846115458335889,0.82189782113592547,0.82092397676002016,0.79217090457203432,0.77643146009693464,0.7983708392482185,0.80280441903529565,0.79531057833085694
17618,1.3870725485735014,0.97565597079925459,0.88321431096368597,0.84132981325875389,0.88336493199658606,0.88252317962325744,0.86094819956253077,0.86966814013777793,0.86821863565084612,0.8397439273501156,0.83993020091727977,0.88116370686594514,0.85937237507351505,0.85546383396834935
17619,1.4278472869714598,1.0907991597980193,1.0638203272204223,1.0390460386174134,1.0714669792177536,1.0689026996247994,1.0538519141109404,1.0627334302425717,1.0606073733969061,1.0187590551684826,1.0096033771829982,1.0495402533459788,1.0313942174546893,1.0205271526741011
17620,1.2845182804991542,1.0801595035247906,0.92668129960026957,0.94236613035378125,0.95185414514308486,0.99201155500179339,0.95363688476680597,0.95658577221129215,0.95662314888690647,0.94668193362298625,0.90314716784115301,0.92573195522515583,0.93306583379352515,0.92812721921330454
17621,1.2874177084453948,1.0728610361497153,0.85969118205879458,0.77689520128878642,0.79198065735856504,0.82803015535423741,0.78419462431959164,0.78088002427918435,0.77896406271903751,0.76381168245405751,0.80163123619401055,0.82946908807371944,0.77434731175872995,0.76947135921440812
17622,1.3537841121979528,1.306478949856406,1.1344544718408458,1.059474771899781,1.0373914464182348,1.1033859053220347,1.0740277725821892,1.0573197716560914,1.0547572523703401,1.0492572302118686,1.0735095609461629,1.0957586001389084,1.0157579671089969,1.0076254419007167
17623,1.187248620337888,1.12219292949442,0.94648691399180096,0.95836403593754216,0.91284822808106136,0.99253421640339745,0.97746924685772751,0.95609732345789455,0.95337825321392333,0.93894312876605024,0.91145309684893694,0.9506255168129043,0.92994855795629894,0.94268744297575502
17624,1.2943166258247822,1.1261605875526064,0.97367661975409636,0.96217963556806019,0.932037739090394,0.97413889227466433,0.96254021323219752,0.95786602977712387,0.95437424328978104,0.93192295889181054,0.92484393634281215,0.97205012027726567,0.91974925159480281,0.94260359027120655
17625,1.7067945272114085,1.3679287163657048,1.1278095130417662,1.0678793520261156,1.0719400655467843,1.0569043486684928,1.0833587655770218,1.0658241369103829,1.0619696410078761,1.0325303766691911,1.0434421329113568,1.1027344303705369,1.0361500848728644,1.0582635918127592
17626,1.7330812617949241,1.3755807654115246,1.1351115848239819,1.0414751871701691,1.0612391988576393,1.0381556168297277,1.0576683839946348,1.0579398924553063,1.0556191990208068,1.0271054195818945,1.0226338241368642,1.0853474737376836,1.0359581562124596,1.0704455881111155
17627,1.8168924474324892,1.5085818462071081,1.3025465062493355,1.2299251656463028,1.2313003857812961,1.2404865344259557,1.2428605682526244,1.2378676897550047,1.2364147687614813,1.2157067014201872,1.1919351242912217,1.2476391209279056,1.2202978060378731,1.2467024078397928
17628,1.8637294573966694,1.5863057298165455,1.3410166635236367,1.2492528768304476,1.2563519655228135,1.2587047206924233,1.2689388886362909,1.2520490072731325,1.2499535894411116,1.234002048015306,1.2296579814424253,1.2704508141290851,1.2093641988226307,1.2375526005024
17629,1.5925405621214757,1.3973732197437534,1.1909995334331893,1.1952116843422336,1.1813609683567641,1.226395277582734,1.2125533473969949,1.1954334125638746,1.1935771311164987,1.1833722234905681,1.1439833327747604,1.1837824171280211,1.1679205794266696,1.1788627086829275
17630,1.2884305405066439,1.1740817841718698,1.0373900746863418,1.0673818177784526,1.0321144902764572,1.106232946065838,1.0956386559276146,1.0775383368033948,1.0744277780194005,1.0692342956043779,1.0444167759350222,1.0652369417240339,1.0546137264388769,1.0625835302697084
17631,1.2999229988712093,1.221705245799392,1.1614235182004462,1.2210208047053723,1.1584483969507871,1.2523913889681577,1.2228896518434604,1.2113760641834697,1.2103950540480233,1.2091266599057944,1.1898912724719066,1.1953350318181775,1.1882810607318122,1.2151565149471961
17632,1.4000030838207662,1.2510964129890429,1.1379394443243693,1.2155842579513545,1.1817451839635256,1.2491689249355578,1.2372369188650769,1.2245482269336894,1.2261025354361461,1.2191782937263738,1.1512600426870694,1.1600317479049107,1.1980071520152178,1.2230515108292166
17633,1.3684972162629732,1.2596195145827047,1.1660570290057195,1.2300538302758417,1.1718004933809605,1.2571808344851936,1.2290873149208832,1.2365420395684354,1.2330895719870838,1.2190236871004263,1.1761113798772818,1.1818580798657914,1.2184741144944153,1.2451085251910492
17634,1.1785008207808712,1.0971425174151137,1.0349182898449845,1.065894709739325,1.0203182275855611,1.0876871072402468,1.0508179387376333,1.0624218625208119,1.0595161590087299,1.0571165475942799,1.0372501853045022,1.0453688829635801,1.0451902979457,1.0872933641349176
17635,1.709773978797138,1.4154738544302454,1.1800606883520948,1.0036789843224239,1.0435592306669583,1.0250873041786763,1.0351547163448545,1.0309430170596288,1.0339660089212375,1.0096014682982228,1.0625947838932317,1.0839172828063881,1.0173170641575118,1.0399868399861059
17636,1.864535302193755,1.536901495410695,1.2677008466381827,1.0322326829358077,1.0880639795546143,1.0534673810042434,1.0870353412160687,1.0875313379280354,1.0916481776080946,1.050584925647948,1.0937854663403015,1.1279158710923392,1.0535496031818481,1.0819438304528055
17637,2.1186636189600687,1.7253476862311541,1.4235574037873844,1.1587495814455802,1.2212579535282715,1.1613684133686573,1.2110343220467668,1.2153787091271395,1.2197041143816307,1.1725567235556122,1.1908342582547624,1.2329711569274882,1.1889052962807374,1.2171394173226777
17638,2.0872662219606331,1.7152718315426492,1.4403239305856417,1.2059653018306751,1.2751215169137786,1.2148296337192106,1.2637916705759553,1.2674707237431306,1.2747433720599919,1.2140386931121789,1.20482569643244,1.2660681388654169,1.2379154080865575,1.2762840925251144
17639,2.0041860927361794,1.693921428151008,1.41056583933137,1.2063108418189048,1.2929453454640423,1.206389280130326,1.2421539767799492,1.2607187567486831,1.2692489733990899,1.2208424220082086,1.1928811222508746,1.2729770020856974,1.2391305631786751,1.2672704233691319
17640,1.6445462391614194,1.453947596540069,1.2473911932975361,1.1520733912012628,1.1570450633244309,1.1443143131342719,1.1718406913004968,1.1888656146959962,1.1903456478848422,1.1599118835616571,1.1253491672117708,1.176898146226445,1.164016390259812,1.1809572070422567
17641,1.4452332278071625,1.2415148184765805,1.0642710106484357,1.00858148380888,1.0267761232889308,1.0226053981804353,1.024829982371106,1.0450761358901763,1.0465531313550227,1.0084566083115578,0.96354114555174619,0.99832204489385368,0.99171777312879794,1.036997658485276
17642,1.3218504277972167,1.1731027812018724,0.98007815471658033,0.91585643709430742,0.92680111967054724,0.93852122841733721,0.93802404279924056,0.94185550388384554,0.94314731474534952,0.91839452744018379,0.9175126156810679,0.95024852321346076,0.91821694711059532,0.93870956526390381
17643,1.1936402663987047,1.12332238856428,0.95733201880836538,0.88160436270225184,0.8748776820995513,0.92309501551840611,0.88716257634314921,0.88418328228086029,0.88405700253426267,0.87800731179038638,0.90111345689217182,0.91473332691684273,0.85753652527726143,0.89052801759979849
17644,1.1621401552556312,1.0425570528876642,0.95138990656544153,0.8656140667984944,0.87821675242179964,0.89126621907939763,0.89168657390365813,0.87507663536881708,0.87399724262491163,0.84505473723310975,0.87052500321130433,0.90635044977171708,0.85674692348189863,0.86028308073939341
17645,1.0502129633501391,0.98179939949442119,0.84063004098485949,0.81733370619748391,0.82140079479948147,0.83052704088518448,0.81979676988700456,0.8139891261972888,0.81072236482480486,0.79256853856960252,0.80551093103977389,0.8442700295235982,0.79775199429229093,0.81126575258110112
17646,1.250415022723911,1.1578704553871826,0.99010264705290596,0.98558804901776087,0.99834269503580586,1.0046045044002307,0.98090327640584607,0.98408680997710141,0.98188813703089961,0.96086166504243253,0.95202953400787371,1.0022350116128336,0.97316602023349885,0.976728424673031
17647,1.342086281855972,1.2758873277733724,1.0726761170003194,1.0676961068598374,1.0720864236848666,1.0837734675666415,1.0796660618337111,1.0726997370789111,1.0710174023013816,1.0701597956810622,1.0686045523877534,1.1106341875787502,1.0646814388817623,1.0552399476729155
17648,1.5091892564413352,1.5049903917517502,1.2502687400138801,1.2789285053642614,1.2503996476190735,1.3319678553192191,1.3188755106813017,1.2727552373101527,1.2683581345899784,1.2961647994007697,1.2485935133560586,1.2643400617254945,1.2930173416235797,1.3142918608895835
17649,1.4404540927724627,1.4153715506532303,1.1395910599652026,1.130165645047825,1.1068666258635524,1.1712274038285713,1.1697711654278298,1.1299389958740134,1.1263471654999349,1.148714777376759,1.1127466196599387,1.1454130140419887,1.1659998102089304,1.2003164859035482
17650,1.2037832406034485,1.2046600967192196,0.97618145283620072,0.96464503860500117,0.9602980635296926,0.98629393477738381,0.98419247971781265,0.9559869953868968,0.95634654452222867,0.94966628631679939,0.93406583714671143,0.95053454837513873,0.98476548303762113,1.023926047822088
17651,1.2941687352552875,1.2128957668971063,1.0073361628097501,1.002715608130007,1.0368282877656434,1.0017832140893197,1.0236744196845478,0.98814511902552615,0.99020800430520561,1.0000410075837871,0.97555779521121488,1.0161168674306593,1.008834911910734,1.0518956687841323
17652,1.2055175955278163,1.1058115179742785,0.92328964485088916,0.88444595163982975,0.90342663869404261,0.91886144557576765,0.92896211241582993,0.90461248370197711,0.90747175176230033,0.88853424216071786,0.88719051260711868,0.91994026084122493,0.89025984069420028,0.93895724039174067
17653,1.2237220196847078,1.0699592082099449,0.90460516029302862,0.98804569813343501,0.99245996347631771,1.0314156483188723,1.0445511926477722,1.025413703649698,1.029365586881813,1.0187860032775349,0.94390527945739466,0.98499479479755381,0.99700021245009596,1.0578856708142708
17654,1.2609534903436761,1.107272018431769,0.94841312340320494,0.96454067216416262,0.93626871927752919,1.0068645488079251,1.0292343997061819,1.0207617954413863,1.0226703346111199,1.011748573408715,0.95362349184103457,1.0060170840852607,0.97397587333735669,1.0491605277903908
17655,1.2953191230394274,1.1036488652227512,0.98043783974984722,1.0080331171900667,0.9759288469332229,1.0443668019968062,1.0703583812579387,1.071343452226188,1.0723569728386535,1.0584832742268835,0.98792470002684929,1.0693148171769551,1.0113115650338576,1.0831138239056177
17656,1.3956097170612511,1.1806123821348449,1.0129989684272931,1.0419744481601039,1.0354611591381875,1.0579852272390968,1.092954033926995,1.1053448362197971,1.1063964585135253,1.0784191497451361,1.0193615270590588,1.1004676934159188,1.0419143109459823,1.1021238470384451
17657,1.4005405579606944,1.2327125098742173,1.0663898964920868,1.0426202623253158,1.0439322944612266,1.0533182323223182,1.0773922043975963,1.0893722499382292,1.0900851408908632,1.056803463093805,1.0574888161021918,1.1110818481583293,1.0664589607836306,1.1253874279201168
17658,1.2632896265802154,1.1459276993137877,1.0471265392225166,0.99786759382950996,1.0125015583439034,1.0108062273686826,1.0303554830901005,1.0403801077738704,1.0434060236027594,1.0061241052258914,1.0062131007023918,1.0679042790491451,1.0189017221677048,1.072899728355194
17659,1.4778412087505048,1.3135216202613507,1.2024839688367732,1.1823667126205959,1.2255943534228801,1.1559759707261195,1.1844225037115279,1.1888769232601153,1.1924211370634492,1.1645878624545043,1.1852238918055333,1.2355020918680453,1.1873568324216719,1.2353746811901558
17660,1.414059368383056,1.2718641402329387,1.1785229477277452,1.1021932950237394,1.154750633827343,1.0730683172413975,1.0860066532517221,1.0889041134308304,1.0929195229972877,1.1005891189690651,1.132299255183409,1.1825921669287469,1.143430912921489,1.1599275795265416
17661,1.5716103077983201,1.406553299930305,1.4098949732821,1.3177944079198436,1.3789179241192444,1.2865302453594929,1.2844011711182823,1.2951928587422235,1.2998107267400445,1.3376152341128826,1.3280331411818391,1.3633631943030975,1.3423095842588548,1.343651451227301
17662,1.0866793698358836,1.0659207074223007,0.9369088629749398,0.95535022033370265,0.99054095122536023,1.0075381169681419,0.99816975846857225,0.9828178614321873,0.98814850619680938,0.95704949660152561,0.94775572968039945,0.9822548767823529,1.0167037314739213,1.0511146261950424
17663,1.1757151121673979,1.0975946232888798,0.92950519036316093,0.91746491952604081,0.90008928029922575,0.95291830027567581,0.9442504233070067,0.94722525342228203,0.95028797427719836,0.94506846683943857,0.9361266413360595,0.95379781573328271,0.96189055259274181,1.0010237839389688
17664,0.95578995848552262,0.89683711746314876,0.78435786943137842,0.7991713629994649,0.78585657697569355,0.84663484455624549,0.8330446997523665,0.82592328539110249,0.82924718821814714,0.81440425347852097,0.79031550432242537,0.81872218596550039,0.84412899861286239,0.88297035367504306
17665,0.97087085134603102,0.93364392546253605,0.85337622322862772,0.87072948179499154,0.84685272733642591,0.94020626356846537,0.91142782369612008,0.9069761129282633,0.90849838542121764,0.90139047952012497,0.85808398218304405,0.87843132365051435,0.92861979446298504,0.95328904403370518
17666,1.2587253921573518,1.2298482935965647,1.1494318996166943,1.1806245714508845,1.1178984605077666,1.2469051396553339,1.2061121620782116,1.2143931157775087,1.2118156923098713,1.202056051092439,1.1484843882497864,1.1591096316915008,1.2208835647864349,1.2245928854549972
17667,1.0213280895863717,0.99332880641158006,0.95424362174903898,0.93224767756975246,0.88063265595211826,0.99351984315926578,0.97597475321120197,0.97797974389129672,0.97625517506631798,0.959362503645108,0.92723840593035012,0.95049196346420883,0.95869686112761709,0.96497160538130122
17668,1.2756976926635413,1.1959428839186133,1.095472695441742,1.0659605949623725,0.99630087316332838,1.1051888097577995,1.0906004793660997,1.1002282618475707,1.1006405593203634,1.0872433370098975,1.0619017832561524,1.0799461929714269,1.1231622661664098,1.1203072826986651
17669,1.1912261862945419,1.081913571359963,0.95610394926976539,0.97918302646848887,0.93082033070436587,1.0045332711857484,1.0124626617992307,1.0010888274784264,1.00268919650384,1.004868359495025,0.9500334744347898,0.976174940547749,1.0250149606043457,1.0393865527412747
17670,1.1449695352424261,1.0502239915212475,0.8905495258238777,0.87933197573336341,0.86119089574375574,0.91810362827568193,0.92709568394214026,0.91083516455874891,0.91600863765539886,0.91620079555564005,0.86939718304059621,0.89459349272851285,0.94859338555710437,0.9721659340283928
17671,1.090707178787816,1.0040880723454999,0.87248485099951023,0.89150060804842257,0.90404919296759956,0.93212233702898484,0.93654308730023539,0.9298502816798091,0.93398750319910828,0.91678523366373121,0.87715347843428959,0.91668053585578946,0.95404680104246742,0.96489581436963767
17672,0.95764342239958022,0.92141237662862474,0.80826526649652908,0.81386403396658646,0.84992325938476998,0.85562843663487331,0.84788120524564436,0.83069664639780338,0.83656402504017324,0.81719566611899375,0.79768545387167578,0.8371054046801214,0.83987480880238363,0.85252714994787382
17673,1.0598983274934297,0.99891859220172208,0.85022808373363634,0.83965799194058277,0.85887700862465133,0.87592738641484891,0.88719159194344255,0.86458172349459628,0.86873449783901635,0.85404276402952639,0.83201348997068825,0.87683948540980272,0.88412064089666087,0.92878332334125568
17674,1.1987932637289305,1.1139109970397971,0.91018885224039481,0.8947033762170481,0.92965641616279315,0.92750648438180527,0.92224520690884804,0.9142212637783107,0.91822743409763452,0.90552412231872337,0.87388558201417654,0.92591791781214339,0.91855598350110701,0.94640428591406056
17675,1.2991946447862843,1.2194699721143478,0.98612990350657692,1.0046122289101898,1.0699119378851913,1.0221865768901279,1.015212561361355,1.0216160500810039,1.0269873388542072,0.99687223412615977,0.96075605574313105,0.9982998414328883,1.0331704968686715,1.0444239420981247
17676,1.2453856338958298,1.1792959322139582,0.99803821405769366,1.0179884756037145,1.0813282170389384,1.0487281275050142,1.0435798514570911,1.0355042836601389,1.0400552338887352,1.0129850708345451,0.9714833021102105,1.0076078022650206,1.0302338356225675,1.044478656702083
17677,1.2397976373476931,1.1769112722239905,0.9947055018352905,1.0393187008238249,1.0988025164058788,1.0648737737402334,1.0479037439303898,1.0467865128560112,1.0505015272878382,1.0163420851913414,0.99193743151680469,1.0125303190012496,1.0206917356949907,1.0299401049175061
17678,1.1976453409221277,1.1124726654712671,0.96644167880519716,0.97566796649718901,1.0205834032298533,1.0013967722092105,0.99654334909412068,0.99909649780122256,0.99984435789246717,0.96407115774655605,0.95687653753344892,0.98568728953651752,0.99393255881100739,0.99266691251010508
17679,1.0783708666528116,0.99748088724909834,0.83097590232704321,0.83981390633113162,0.8672378499337996,0.8691842726970983,0.8699809390039196,0.86005898300087813,0.86146297672347127,0.84357958680476108,0.82291178669974452,0.84599388288955468,0.84552682681997771,0.8606447513148322
17680,1.0115569635669626,0.92310681868048283,0.78275984682789901,0.77036071820799423,0.78683146500264634,0.80416917699509616,0.79746830530815527,0.79001573068126563,0.79110416947008866,0.7764355631902754,0.77420611764189773,0.80596402333008443,0.7795495291612855,0.80761652524302485
17681,1.0582985909447342,0.97377282093398232,0.81643547990295495,0.79154770514235517,0.81600431468934809,0.82099038015803727,0.8160095414423516,0.81144381967206602,0.813206259284324,0.79380207693399618,0.78363674259997718,0.81544673386485,0.80631958911705637,0.83282616683237287
17682,1.0900922009095535,0.98397656192058647,0.82697201612626503,0.81211224027195295,0.84641845707243013,0.84775743097617073,0.83915747444149158,0.82962659213897161,0.83238488634704577,0.81263201464570878,0.80521163006391006,0.82724878264831747,0.83004934853425438,0.84527167020676874
17683,1.0502512583075581,0.97563114234331705,0.78384851815737344,0.80500772042055579,0.83433000807337221,0.84679481320978289,0.84160364892449691,0.82815290145715614,0.83119065385464219,0.80639157488696744,0.77737110543516219,0.79618900811597038,0.79474419422796039,0.82425740302874217
17684,1.1106697982667222,1.040922270506017,0.88501350280617352,0.92377540449609752,0.95852416121529083,0.97157203340201292,0.96418319688733289,0.96231889333281728,0.96759396222871086,0.93090313522829615,0.90063697826231737,0.93396739657733907,0.93531580288648031,0.96956072702606821
17685,1.0112843137241474,0.9574319253322513,0.81999825223434308,0.87344990238142672,0.89998440217229125,0.9250663852949752,0.92240795324695712,0.91577700239400184,0.91970711440179609,0.8852124969887003,0.84280466368581097,0.88092496037059065,0.8898099016497053,0.91749210305840145
17686,0.90405157628304278,0.8823067711650886,0.75482217815408881,0.78642080914158985,0.81424826821094065,0.83993124085400284,0.83717195638440545,0.83282734883837817,0.83661452603431696,0.79949001399621222,0.76889362689207352,0.80505758725978305,0.80644489203260095,0.80962873289198434
17687,0.86468997259364999,0.8504800546712219,0.74468390331614331,0.70731760451769909,0.72024105289538531,0.77118849831410807,0.76389772837454573,0.76172645397465488,0.76329293567096779,0.7349761329532799,0.71583083777580125,0.75842530262330832,0.71736830737732937,0.73895469674545267
17688,0.97897111168540218,0.92652619958932603,0.79874507718177989,0.76650447899097607,0.77194050590337382,0.80021895941978993,0.79040045957650673,0.79449552876789309,0.79523332670240821,0.77579346553371675,0.77597169549941869,0.81710691081175479,0.77580419348389174,0.79095431260737192
17689,0.95075451395321797,0.90883255372744032,0.74862422424395803,0.75102306057319212,0.77669460550541047,0.78412583339791753,0.78157705780931375,0.76838896083037944,0.76950431914578366,0.75093057052554446,0.73361977279595969,0.75771589966991437,0.75420301689871794,0.77317464222416854
17690,0.92523668708711559,0.85987973292090603,0.72589035003907432,0.67745507623043422,0.69824722328464517,0.73201953862057256,0.70119645212084269,0.69496210329873176,0.69625197840311615,0.68250077422932121,0.67504736161287315,0.717661878718587,0.6737325763261387,0.68530318960731829
17691,0.91333789459950887,0.87522046335966186,0.78256064265483405,0.72491930135626204,0.72912869608053266,0.79064879532675958,0.74820188324294656,0.74556319693930373,0.7464487539425978,0.73814705110351431,0.72921212367201749,0.76860861968995353,0.72398745036086476,0.73610935419788881
17692,1.0025627870180993,0.92886811643458933,0.79757309704982748,0.74006135404485862,0.75967780173926758,0.78917996490216469,0.7655877529487165,0.74948926201044841,0.75078024655187514,0.74363811982291517,0.76506782851920652,0.77943038750426097,0.73144408439383746,0.74967456149869449
17693,0.85272085378441487,0.84280557006362822,0.7597874301995724,0.72472472473431138,0.74292481916833397,0.76122603442256231,0.74879654117642358,0.73744378739260719,0.73992847945811135,0.72848634591540085,0.7428938758511574,0.77995700714028038,0.73789349747737165,0.76676652471159479
17694,0.93618404245050146,0.90065263216053426,0.83120091283038888,0.82206633795811557,0.84228000372437783,0.85215773873584433,0.83934380069248216,0.83586872614429031,0.83759952110257607,0.82083213730234417,0.80897073819687515,0.84810307371007876,0.82266568575509413,0.86936300893510254
17695,1.1129409194366866,1.0203608850396366,0.87719094217045157,0.93687145525736226,0.98294355306237691,0.95517203134978323,0.9396986552969897,0.93512750000908262,0.93813822715780182,0.91360049904278617,0.90728397308044839,0.92379261894264075,0.92710702337930861,0.99819869696416264
17696,0.94634022545678753,0.89461887722640066,0.74198071484052219,0.8209740303352312,0.86945126576730491,0.82472133945359061,0.81216203754555871,0.81007016693514144,0.81173905165377924,0.79216076357005027,0.77245154881378286,0.81045721146314864,0.80956306540735012,0.8423614432709281
17697,0.99246708729183597,0.92734505629875563,0.73908961748126945,0.79816532438972676,0.85479363434080313,0.80896097961903246,0.80817571618061279,0.79791614469842453,0.79979039201203683,0.77174727157800915,0.7457702564157761,0.78374864685585888,0.7950124648213146,0.83643754966222994
17698,0.99001044988469877,0.95788246405262378,0.77488803905632453,0.80934635723824133,0.86211969663794963,0.81309647700118881,0.83810779123468504,0.82432607679602643,0.82578688461033634,0.79194912667347239,0.77490159352016641,0.81408864715564577,0.79821417096525771,0.82575749799097609
17699,1.1528453130386764,1.1184427585681727,1.0474287370875086,1.0724175177940074,1.0929442504622127,1.0988632604779154,1.1196306225254093,1.1033804417578426,1.1032435701446233,1.086117062830527,1.037270043989605,1.0987605165164704,1.052624411965182,1.115078379014478
17700,0.92612580969385805,0.94160337489721735,0.81902177612865257,0.78452037424623855,0.78073401831192757,0.83480907434448293,0.83680340737820635,0.82021011372205643,0.81822121202333842,0.7991909463406921,0.74980149249646622,0.8124480098098551,0.78817537340689303,0.82290746624117261
17701,1.0373479393362,0.96483127963630999,0.8158010066267416,0.7907966410504067,0.82070034532430891,0.81781990085896783,0.8491620149663538,0.8254860325647102,0.82609464826294965,0.79898501917651854,0.76941771201046039,0.82212951369572107,0.78439834829621347,0.83385736968653201
17702,1.0424847614958945,0.94652297816886222,0.75671173912898559,0.70959276297754226,0.74261385112627776,0.74837278118360762,0.75736435726516582,0.73751136187386368,0.7373555983746326,0.70911977922744163,0.71342195792929897,0.7642465375486942,0.7100424201937372,0.73600722995777279
17703,0.95421835899587848,0.88919821480611427,0.72245089225889991,0.72041098301220197,0.74789934751069531,0.75751149061964018,0.75988035128198961,0.74113903709563655,0.74054953470560536,0.7165259470117793,0.72155364178024728,0.77938125815317949,0.71869225521018376,0.74249889672657343
17704,1.0287262211510826,0.95073474030560812,0.8426629440664053,0.82999954596993464,0.81711226655611713,0.86312482235518806,0.86486378198727965,0.85333837525617906,0.85004419067852321,0.83249306313418669,0.82905003238779573,0.89109462857031585,0.83823037058897598,0.86824746220312976
17705,0.98612767234905341,0.92393750838691768,0.82448070006962271,0.80876337284711741,0.81763207403545202,0.83665358538809986,0.84289569294393729,0.83997696093953178,0.84197856933366311,0.81691751843677418,0.82395771344551016,0.88099298098008505,0.81530117434919513,0.86078190394119203
17706,0.97685001256496329,0.9203540901384637,0.82987433926104082,0.80704624138109182,0.81448100078338281,0.82609457496036542,0.83629225418614106,0.83494877104405885,0.83800352759951424,0.80747242288337495,0.80779803757471969,0.84760426187043658,0.78947589349314917,0.85490288704723705
17707,0.99673259016846583,0.9590119836630675,0.87750873042912259,0.81889544431471928,0.83253574882302284,0.83464954211979014,0.8640036292131289,0.86076049476610883,0.86545549848933279,0.82893755378684086,0.82180797202072764,0.86400999964273639,0.81841223209701663,0.88245605134687688
17708,1.0172798112601993,0.97515735206441989,0.92361606378444105,0.89338957280149334,0.90777539352035319,0.88911964833806323,0.9347311375349906,0.93095798532089535,0.93883998981065409,0.90692997905762263,0.88027250141417668,0.92138698323751178,0.86899315734545435,0.96439964799933164
17709,1.0404558361492326,1.0056103277686141,0.93725886757428256,0.90715740057555672,0.93998899062734875,0.91499327739407554,0.96583775668670058,0.95511064231303711,0.96446840399441403,0.93663220490382471,0.89041432436735313,0.9403856689539456,0.89683827864771737,0.98615883600467746
17710,1.0618116647156917,1.0384817592060385,0.92627121814583357,0.86185127599531375,0.88388966907084132,0.87834513105818945,0.92601045894462142,0.9240627524147218,0.9287944264014143,0.89480290602594492,0.85898274459333168,0.92184077239585971,0.88119232785477075,0.94628677069009359
17711,1.3176063455728606,1.2401676199237641,1.0937257921969694,1.0607512308119731,1.0562722798383304,1.0517123743811463,1.1007321892767401,1.1205550040878332,1.1264944727179969,1.0856754277258727,1.0207844150115652,1.0966073572290937,1.078346865376965,1.1629700637601221
17712,1.1571955183364433,1.1018766801925561,0.98977063597481307,0.94868734387608966,0.96489403650542827,0.95244137555585062,1.0093427969582804,1.0055328985678553,1.015155492880105,0.97631400879797081,0.91712642454019322,0.99001155546078823,0.97597741684288042,1.0602028277247049
17713,1.1966994332933858,1.111516283151649,1.0271148161251755,0.98804348414333765,1.0235257108687841,0.99845624978663705,1.0491298963297042,1.0299578321293397,1.0392014620850458,1.0068832884972181,0.95108241323076925,1.0021187482322227,0.99673867372629488,1.08996895592459
17714,1.1451554763413367,1.0438232314194726,1.0133378174774981,0.91169969998580336,0.92544608932793693,0.9441162998052649,0.96548466036780434,0.94628294747042452,0.95137502860883849,0.91979622081821633,0.91383253704709255,0.95185616350574109,0.92852468353881989,0.99802565600266269
17715,1.0595941704067076,0.97932009672500364,0.97596626434053235,0.89151402189894502,0.88689385030271117,0.92103536243632733,0.92346766768464927,0.90737736923415879,0.91059804608459871,0.89386925758712765,0.89317286013775199,0.92092372695484204,0.89416044225701408,0.96694229717376556
17716,1.1291747505166612,0.99539676897756713,1.0476443182740989,0.9332888124377553,0.89856365314629305,0.97454555889714312,0.96744451570772605,0.95419235708935113,0.95256763002323941,0.93192810626582367,0.94915383889913674,1.0102686272315704,0.96713262164131597,1.0296682088106668
17717,0.97489926579406683,0.91528806870628321,0.85426006389557341,0.79123031167898461,0.79890481366713217,0.82350209144329567,0.82655632915561361,0.81443177897299457,0.81798715611841932,0.78064723255205282,0.80410733251832001,0.84952702572531147,0.79292879645639103,0.85431496921353045
17718,1.063958964269502,0.98178678838120914,0.9141196184922955,0.84857218865976669,0.84756533176545401,0.88067287993386845,0.89095563072874429,0.87332278954244802,0.87483777490700487,0.83785013531244512,0.8482539535682786,0.88538918335981165,0.83712942946474844,0.89139803753043489
17719,1.0266564618085963,0.94988138936448396,0.89273520224949732,0.86273993874031152,0.87064474502670086,0.89508487145102411,0.90587160650568976,0.89432897354993102,0.89689914853327635,0.86139941155841859,0.84567054539446174,0.88575933972323062,0.82648833960370249,0.89065991822733792
17720,1.0461494635210022,0.93752429254126513,0.91062015582399525,0.87713985449650389,0.87183690339418418,0.89653774163812638,0.91603246794321858,0.90052925973581122,0.90005251429929589,0.86895506124856281,0.85187738016797321,0.88961515490114429,0.84129185923964045,0.88720665043441982
17721,1.0356633987746724,0.93489390411848716,0.86752922863436432,0.83614324654918726,0.83250897956140746,0.86959741499924614,0.89603156195372602,0.87121521374889732,0.87236267022911196,0.84233064467619478,0.81829989674293713,0.87176485665923653,0.8275280238022743,0.8792805628344782
17722,1.2075756555035735,1.0697349106422254,0.95517757561027539,0.88874949988309659,0.87822409357252418,0.91927557917752645,0.92000363712382494,0.91342614729938987,0.91439165870842032,0.87504420596207877,0.89351053183940243,0.94460725875020191,0.89780748433846869,0.95475903639647286
17723,1.2417089322058241,1.0838635516051605,1.0318319506831897,0.92374804769774499,0.92332860678591844,0.95553992380018271,0.97516565221452911,0.96578516814947135,0.97119647095181816,0.93468543268282733,0.92777730104286515,1.01225619341817,0.96361176790017222,1.0226844585163777
17724,1.3365355074208447,1.1636024974284309,1.1390906293770902,1.0194098092343276,1.0158782248508971,1.0445553681469515,1.0651266063845679,1.0485161756591233,1.0534620097173726,1.0176855287755771,1.0258221001515557,1.0953597932635823,1.0739764211588898,1.1352897216439473
17725,1.5372030400949632,1.3418391509672236,1.2553855694775611,1.130063974772574,1.139659251301343,1.1445622508634721,1.1542887345964115,1.1411603923894575,1.1471227008547062,1.1201066020885806,1.1452561562518071,1.207854743391866,1.1876467962747885,1.2405419122952996
17726,1.3719384459341559,1.2164535859274987,1.1233848357345344,1.0233525034502964,1.0546627670008375,1.0379800254238549,1.0444931545221818,1.0464981843985395,1.0548166081195423,1.0200416900443261,1.0282515071659546,1.082116444467992,1.0764179606755122,1.1271796891781349
17727,1.4608068637233498,1.2765972386191264,1.2443127568505359,1.1120347677993112,1.1153704269597242,1.1341360326623173,1.1599367388940447,1.1454010132317278,1.1501241156089566,1.1240233979736924,1.1364587692812147,1.1978617705548891,1.1623616675918482,1.2189666048565089
17728,1.3610569155487089,1.2163391894125561,1.1587096144486724,1.0539551216491434,1.0657672944775218,1.0826995061809463,1.1091308258403709,1.1022761707808533,1.1074313513630512,1.0753457206028392,1.0657752418918893,1.1211792143715789,1.1068462085668138,1.1806880726593749
17729,1.2888221191206382,1.1500732915102085,1.0774158081537581,1.0174593904142735,1.0108082135974943,1.0522057204845718,1.0714197476603438,1.0629594786247842,1.0657839811303875,1.034210806224761,1.0118228129906428,1.0779579408168918,1.046330961967364,1.1208069392232769
17730,1.2737589859568441,1.1670755021714643,1.0775463548858111,1.0264014939010249,1.046550047989248,1.0483948824375171,1.0757091466678472,1.0688301279162389,1.0710002037197599,1.0400076115094516,1.0269045723128531,1.0768084987599689,1.0541929849729741,1.1084114329613388
17731,1.3312246139462125,1.1627212396842237,1.1301775893735673,1.0503360009099791,1.0309196835540686,1.0857698354510095,1.0906273697306603,1.0796532431888226,1.0764672652241913,1.0514416256404386,1.046357661368523,1.0940092099492473,1.0514905048806724,1.1064416394799639
17732,1.2522690472550944,1.1488403735747414,1.0424726261350832,1.0608209358772447,1.0909235470257539,1.1056161717434092,1.1115186112994657,1.0976583217387899,1.101871276031096,1.0857471424841518,1.0233333401054754,1.042427806576216,1.0804117030725575,1.1527202462045949
17733,1.2185545355620497,1.1127079451245263,1.0271364882435332,1.007772731194249,1.0477338694655061,1.0470755234912159,1.0614828531624421,1.0411265760259762,1.045190648145268,1.0216609114461319,0.97405261186556236,1.0028637960417963,1.0260342724438209,1.0908652436286024
17734,1.2494999775696294,1.224606783363041,1.1486022403996832,1.1843720282023718,1.2638425695093241,1.2111856646895511,1.2262147567826334,1.2170945154982213,1.2274720535468224,1.1927007524018636,1.1005703110936023,1.1342082187838229,1.2084171390824767,1.2760662705436363
17735,1.2037692460631162,1.1916906056720697,1.1185488977285853,1.1180952319582496,1.2006692157203276,1.1551388070198558,1.1818348994946515,1.1778676061088829,1.1887173053639433,1.1469353549303378,1.0397143985232673,1.0933751031920667,1.1726944180313674,1.2337929078143126
17736,1.3876957015317262,1.252318181315351,1.1917289153750288,1.1018595949211087,1.1406467399275697,1.1400955302751949,1.1699938598544484,1.157969742753054,1.1654502715790844,1.1266365429141545,1.0853909223354616,1.1727895468657603,1.1376902807624436,1.1926914723156081
17737,1.5889009987934881,1.4104111249285496,1.3671221418984509,1.2505520837244457,1.2759450401002161,1.2697349879643174,1.3035094363973687,1.2942704419813915,1.2991197888007135,1.2525729633519846,1.2554432519518282,1.3382415987345171,1.2731843560688583,1.3098071660902384
17738,1.4598663796304008,1.3466374009268498,1.267296544879629,1.1905513073966749,1.2232294669461861,1.2001603505312,1.2551530944316527,1.2291122384986526,1.234050530444583,1.1853957325525577,1.1779483716894408,1.2594701225679055,1.2007200094749604,1.2283886498615662
17739,1.3618844858569215,1.2932770949564603,1.1765454705261384,1.1689439321937922,1.2064206070460548,1.1649155674384648,1.1926503069757737,1.1792532154831181,1.1834368918783966,1.1356215347733392,1.1264663196588078,1.1641526936242264,1.1634797855164853,1.2162263796203601
17740,1.3272452029753254,1.2160364967923489,1.1405030248557284,1.1146952660388363,1.13448695226453,1.1198598881835666,1.1511081266539469,1.1272856524416259,1.1300442052780895,1.0935396772133454,1.08860382754063,1.1219986836909248,1.1096094452497505,1.1781105567804626
17741,1.3030264821619744,1.2275323731090555,1.1316357114334838,1.0907902463996777,1.0965601976375148,1.0997186101944953,1.1354357270633155,1.1125764934255222,1.1140999663640971,1.0806129349533038,1.0822049219527015,1.1364417564183789,1.1304118371396212,1.2050988351571745
17742,1.3383177223610212,1.2439254970886024,1.1313288430450046,1.073279894052438,1.0753728753105789,1.0867949729076416,1.1359312159774215,1.1159872395025734,1.1202933142354021,1.0874199087399037,1.095903735991236,1.166319053196881,1.1370913865291341,1.2337896247130513
17743,1.2526480232188317,1.1202967050796773,1.0511995432322796,0.95334582231718212,0.94456530721865828,0.9972798392775265,1.027571597595561,1.0070642024523488,1.0099754266614456,0.97094805797758099,0.97736921662316623,1.0659634536147533,0.98325684073981356,1.0676144006212511
17744,1.2496286704101849,1.0932856917391676,1.0702120444150272,1.0116394772477066,1.0248626253724746,1.0554897021733332,1.1034153859591687,1.0758831277548668,1.0846478857830866,1.031245073725813,0.99869858355645225,1.1118840819046865,1.0199309415283693,1.1035547400734926
17745,1.2445422454800936,1.2020081544353409,1.0913035121390506,1.0163336952198863,1.0614679807783876,1.0345367693561525,1.0726722682217791,1.0657920170014292,1.0764129560899196,1.0197207659410357,1.0408750232913886,1.0861724004524511,1.0438188528620342,1.0880668191334311
17746,1.2710849673999112,1.196903082071985,1.1358799242111803,1.0463208696546855,1.0951900885934553,1.0745747056822696,1.1337512261632137,1.1046733802016566,1.1149488950901922,1.0582885123102874,1.0457205337642212,1.123349339097353,1.086735978172042,1.148443567164678
17747,1.5246696761117733,1.2930649487974646,1.269330638557985,1.152267206084131,1.1454647647951823,1.1733194367828317,1.2248699755125432,1.1883626789441568,1.1919660747781613,1.1506292387682941,1.1536840072067713,1.2684429625246469,1.1591452575307859,1.229178423976252
17748,1.7912574077535985,1.4587170421831646,1.4008212120584824,1.1934627408246603,1.152837595343646,1.2168917020375412,1.2395617229681535,1.2179653051745731,1.2181820131542955,1.1863306224140109,1.2292980557447606,1.3555952038690262,1.2090471767291397,1.2639301870543893
17749,1.6269040262699195,1.3611553839466848,1.271808876776402,1.091690019474812,1.0585172415809729,1.1251488650112911,1.1316707892698714,1.1093643294093638,1.1049978709985737,1.0889149859909681,1.1219756058600985,1.2095399435431822,1.1108818811551262,1.1560412642698776
17750,1.6263505289459235,1.3991919360688463,1.3513571394252848,1.3024838586438825,1.2588798664347087,1.3206924494528969,1.3384944152850564,1.339065840122373,1.3339744866272336,1.3183337746750021,1.2537627080988409,1.3390526345201905,1.3007299554212486,1.3297677799872643
17751,1.3463665703963552,1.2235021425841481,1.0323587105924319,1.046550189648167,1.0442694355080453,1.0633890434133686,1.0834791322009556,1.0659681285957763,1.0675894562819246,1.0338234100707748,1.0162071359555538,1.0741667289647432,1.0664404211908967,1.1147710391742147
17752,1.2833303647831089,1.1632485054628297,1.0448448628069826,1.0227638124639491,1.0204623720091424,1.0464571558944973,1.0643520460312672,1.0353694650701966,1.0371699134649184,1.0256300334866892,1.0142159263784261,1.0511139653292518,1.0366864145986523,1.0628985766621062
17753,1.0296898344516103,0.97915867194184569,0.88313249698119489,0.81321374944408831,0.82224585904877712,0.81660563449341195,0.84554127936724821,0.8270796686445786,0.82915267057354824,0.79560432664907998,0.80571275560140587,0.84906381161735534,0.8224322655524815,0.84195390646636403
17754,1.0246587421072635,0.9576415389673455,0.90772679379621035,0.86464859044648568,0.86010210148973121,0.89155660010486526,0.9274494255093132,0.89994095026066123,0.90071061481048498,0.86309882462886478,0.84328714550205752,0.89084757844638274,0.87406392669179023,0.88921364474946352
17755,0.98846774094062007,0.92047295457830469,0.89079404818959995,0.9436099734754152,0.93230652676699521,0.96296454329524472,0.9868508857038798,0.97547548652487182,0.97477462253459324,0.94781836160190502,0.89663598096579145,0.94464469567126264,0.93135892403599785,0.97721958579521928
17756,1.0804773729021275,0.99241641246525469,0.93095229146984226,0.97722405268903156,0.95388770028605763,0.99704652911883795,1.009897160259223,0.99387604443166988,0.98883866359619499,0.95560148707979553,0.9210919766282426,0.96616581595539208,0.94645099189476123,0.95882050176314448
17757,1.0657012664802286,1.0000451450588139,0.92023792862784581,0.94478546061101187,0.92141586832846545,0.97004541059830596,0.98230467285001144,0.97461503189174647,0.97157983565549533,0.93179695490005598,0.89437984235583379,0.95423120773422399,0.93910643004084071,0.95079458669589634
17758,1.1661077773790693,1.0944979992266972,0.98620388568632511,0.9550590267380048,0.95434463665366998,0.97825128331005451,0.99135332450383529,0.98140752777966533,0.98120427707458335,0.94058719409712732,0.93540502295427841,0.98797831106561873,0.96788652824095112,0.98417574151333964
17759,1.1395850786724755,1.0768241968971775,0.90419788781540222,0.87727000638668651,0.89896348419017436,0.88332992781597064,0.8948833178208252,0.88173301734454568,0.88303940605050479,0.84323022158780336,0.85102088773385032,0.88858187642048081,0.87104213703642286,0.90526134867435237
17760,1.1813710566243276,1.0871759066576581,0.90431073423454755,0.89002589118080822,0.90769022536473465,0.90148399109623834,0.91299713137772875,0.89458189028264967,0.89537105329372157,0.8544624588995039,0.86260337747923144,0.90616202461411244,0.86428148148012462,0.90394428622714829
17761,1.1873248981636517,1.1068355751310062,0.94959161899752054,0.93661858417009303,0.9705121365947712,0.94354114975794956,0.97117377637847069,0.94571784816990756,0.94789666616667267,0.90043311590097197,0.91726624632960774,0.94107890591022592,0.91547648039443386,0.95645453640610156
17762,1.1491952252337629,1.0728337047481618,0.9341930125383372,0.98514370388043071,1.0088945460951089,0.97907622350950807,1.0181156672413061,0.98930383003459621,0.98862777349307251,0.95062223714237437,0.94570805437010397,0.97622646372095456,0.96422767905492712,0.99502364503073226
17763,1.1194227308342921,1.0307232070648722,0.90484088430795373,0.9673108968751849,0.97499837532544587,0.95980752949746651,0.9962887355990433,0.97185756565076709,0.96878631573229801,0.93373438653514096,0.91849362243021837,0.94268470019248862,0.91781945659764053,0.95647613218789629
17764,1.2635291180160684,1.1615332749408802,1.0217762463021409,1.034288703293442,1.0019958418177646,1.0566174207674104,1.0670147460897121,1.0573197492621413,1.0542528259838571,1.0165995981475429,1.0004164361251535,1.0414953935349227,1.01302278844424,1.0462828345971023
17765,1.2615714721393056,1.1348888751543516,0.978043192704113,1.0018307590725508,1.0056185265477668,1.012265672115378,1.0171360538755425,1.0159910141266253,1.0137908535993057,0.97733516980038571,0.9894227514248235,1.020289836673828,0.96653738601518657,1.0073682678009641
17766,1.1813509939279403,1.0872186724633104,0.87436451801969184,0.88773509185364785,0.90162668785687006,0.90591269401771413,0.91432029571242612,0.91483891465732048,0.91416083610191434,0.87139429645290445,0.87683828461553304,0.90662552361430282,0.86149667588362122,0.90089716510736861
17767,1.3676545227969759,1.2463462108596737,1.0970538334166182,1.2045716267374098,1.2067382334320742,1.2214722995252154,1.2357341086941245,1.2392350853095304,1.2382692665343515,1.2042974763104963,1.1404727210828656,1.1702955733235514,1.177701445142437,1.2390725242264351
17768,1.1932554423528487,1.0710622304374537,0.97098624426041502,0.93380875451156553,0.94135630883814003,0.95276982952518063,0.9745023856287458,0.96538070367293405,0.96704436116692316,0.92868614607181421,0.93169901723098503,0.96281225141217441,0.93451424284623863,0.97473924554428659
17769,1.1756567761364181,1.0831583360259229,0.99541396663344905,0.9654269781435868,0.96081907317402704,0.97341549549027928,0.98923298097565315,0.98499360624472443,0.98439527085632872,0.95363074822565963,0.95147440655434246,0.9796749873622862,0.95470595811963499,0.99453909262686002
17770,1.2566430671899298,1.1747540621706785,1.0570070150147566,0.97012620392985982,0.94696439034994817,0.98708343593362891,0.99529764358152617,0.98488566087765228,0.98359823684278891,0.96471179151210107,0.96553680456592672,1.0017089081387576,0.97494442779571799,1.026885253794187
17771,1.414681278321287,1.315706790139056,1.1730616754604619,1.0970789395198404,1.0452590782602882,1.1198494596239807,1.1234765644004752,1.1122591028313791,1.1112225915267928,1.0982569351705258,1.0991872945277659,1.1248911228132024,1.1236989301957778,1.1730927348265798
17772,1.3117845491319002,1.2208587981903121,1.0415166152836022,0.95155886800022815,0.96052655167908574,0.97466320501424542,0.97883347860596392,0.95981870851389239,0.96560444212591967,0.94737663314852216,1.0029894023350931,1.0194638913949052,0.95320312610342051,1.037319738855853
17773,1.3617602861959353,1.2490555552366251,1.1016005221499519,1.0341317796354563,1.0325494531761654,1.0453839401755887,1.0529254051049339,1.0405825844309853,1.0447574317538264,1.0277916142873047,1.0430582908876311,1.069128372934796,1.0405366414516428,1.1498269290715164
17774,1.2147583646603384,1.140277904205669,1.0452449285947438,0.9843235029081201,0.99061145696308495,0.99018293626482212,0.99156908826906986,0.9936911113441883,0.99424980671797214,0.97726305889397291,0.98332947160594297,0.98884369488937307,0.98217111571564952,1.067166645256205
17775,1.0489370815248713,0.99156490588270985,0.9882684149821005,0.96807088601454483,0.99567842033448106,0.98904552137325252,0.99786874527661051,0.98214681773729506,0.98301563792687385,0.96716444587793227,0.95877340975661551,0.95985847959185489,0.96945495337323095,1.0256246127080315
17776,1.1955101313625558,1.0815662391190446,1.1302511783503326,1.106513274323945,1.1542283834449141,1.1093187572459737,1.1177140190501953,1.1040314845935775,1.1057461260274795,1.0948145830878939,1.0922903354626847,1.0756796025951099,1.101157391497084,1.1325210535282506
17777,0.92407844898504687,0.90059277479644262,0.90654086626051555,0.8573298277999043,0.88376985726218205,0.87532439371923532,0.88412332066151367,0.87441136040468925,0.8750138727091934,0.86408955308933022,0.86146441065027679,0.86429314676992841,0.85652486795500027,0.88354043044771413
17778,0.94182040138985901,0.88834244400737339,0.86976489831080184,0.80569163908240804,0.84287695851944022,0.82487681757771181,0.83788093932721031,0.83386140711622747,0.83607332850132265,0.80890171333273786,0.82496765709808995,0.82906312764062873,0.78604765072373251,0.82252739761958271
17779,1.1002133655924518,1.0285950715579395,1.0120342398551967,1.0057589985929725,1.0311527486282475,1.0171565071572981,1.04448050715421,1.0264896094468987,1.0286899971432455,1.0029632590088904,0.99908309977157306,1.0192074308390551,0.9673480197363401,1.0198506862368355
17780,1.0465057108327755,0.98384439878224728,0.87761351077992811,0.87819895801488157,0.92045668501674427,0.87877829331626378,0.89982695269192758,0.89136059112135535,0.89394655200727735,0.86308579203816704,0.84972716896760536,0.87532449139915192,0.85820714395692776,0.90511497517918238
17781,1.1815389357452821,1.1155510817502636,1.0777136545716328,1.0125175683946084,1.0518248707905913,1.000059740062579,1.0373650080437911,1.031119195718184,1.0336033102011586,0.99425598745246735,1.0056993819389937,1.0243921509345468,0.96988325967908773,1.0205179717424859
17782,1.4568496975629663,1.3090229849112072,1.1987771520580099,1.0907140148528247,1.1254374969870089,1.0958987969038423,1.1311813202931291,1.1103800086865343,1.1126617037306288,1.0954397265231852,1.0990262879993906,1.1396315224472879,1.0636424373786137,1.1175709201825381
17783,1.5102481434082167,1.3720342378912642,1.1653918990538226,1.096878265953612,1.0888363705313984,1.1084244698318262,1.1253308608793184,1.1081735878992394,1.106699842565152,1.0828925130728757,1.0960420163446416,1.1481195412828631,1.0917711977534375,1.1433157868493693
17784,1.3739307185128211,1.2684548779496776,1.0682263303339252,1.024630537966478,1.0115346198768305,1.0393610888768396,1.0440109795944739,1.0404452745790174,1.0386691086225861,1.0070822818758858,1.0110792186448867,1.055429262290418,1.0143358400615476,1.0524899044199074
17785,1.3100490370896487,1.2327844398956544,1.088072877984849,1.0570751736551849,1.058350704981198,1.0703941295946526,1.0857279527631947,1.068478248863262,1.0673613890351583,1.0496501512950505,1.0255008275029152,1.0559480631669713,1.0667796094695436,1.1243264365176473
17786,1.4602950165236879,1.3578701040519574,1.202566021401424,1.1192059716074514,1.0945056741888586,1.1356192528610327,1.1446956157875179,1.130986822040583,1.1279909951309386,1.1019064103333636,1.1218289252667673,1.1531531641357533,1.1453440735368199,1.1718829253519079
17787,1.6296556594171925,1.4694416150912362,1.3075595061935812,1.1489315201928763,1.1366862007936831,1.1295439435053793,1.1492836332341823,1.1267449930307802,1.1231395705707501,1.0872718279532274,1.1837736193553716,1.1978581385304836,1.1389299042253678,1.1729719659956297
17788,1.480886673233605,1.3080197831261422,1.23549132323198,1.0789220948982254,1.0596322773411035,1.0631787941531943,1.093736689635378,1.067468017700528,1.0636585009201096,1.0252882314980163,1.095403983419158,1.1444817663960583,1.0407716551367923,1.0804725310949996
17789,1.4150329920765634,1.2723225089363817,1.265166846935637,1.1242656021641368,1.1029536361061092,1.1079125141248982,1.1259603908976565,1.121885709218877,1.1190007751519895,1.0741757806351757,1.1280673596485258,1.1670805138454885,1.096831481834543,1.1371619961567108
17790,1.4726544847145084,1.3590801200730973,1.330444528850143,1.246623487420079,1.2654107553855718,1.2169905187861396,1.2469538624396483,1.2513491649358683,1.251048123073953,1.192221526665584,1.228681777165973,1.2456210813909716,1.2004452144209805,1.2474715025176422
17791,1.2179312440679879,1.1684612274802,1.1354013327477592,1.0468635119040512,1.0702100236120098,1.0465373477596636,1.0697680117103123,1.0616554224042303,1.0613976723293463,1.0189780345030715,1.042412560610928,1.074499434998939,1.0122992050049706,1.0652614484544791
17792,1.0433838132519693,1.0212950872557907,0.92845288435568007,0.88869074270409054,0.90224282141272782,0.9004097160343193,0.9031615843795967,0.89913221798251786,0.89764986230124311,0.86868546912842837,0.8658599704281732,0.90214434702491819,0.8506494397121096,0.88794097090172652
17793,1.4700800365587541,1.4614562049745992,1.3168298126022244,1.3642514109671211,1.3739210448584054,1.4673708666999945,1.4065906091490501,1.4420259252643808,1.4422238122670137,1.4032145805100182,1.191580123370982,1.2454025396154049,1.3413516817015916,1.3318666651184841
17794,1.6331618361010829,1.6245088577769118,1.4178864952144958,1.2866009002064986,1.2738165752493655,1.3637336323340223,1.3141595197610214,1.3301518109277837,1.3304765522180795,1.2615720696086439,1.2345426091455987,1.3247056699949649,1.2223131635964759,1.2221410984867271
17795,1.3488093676143957,1.3768379222084473,1.0506182814705411,0.97210252732422464,0.95050970681758329,1.0314235259659892,1.0137856868445811,0.99229631419286723,0.99150132139848268,0.93957705253449009,0.94637182930363606,1.0217370845595499,0.89947617313821449,0.93730084841055195
17796,1.1955280496559788,1.1780269549150255,0.97793375959691908,0.85649193388466494,0.82367882079666555,0.88663872392436249,0.89509312038042432,0.88241181013020664,0.87987583392397672,0.85818434120922649,0.87805017491426485,0.91298850211015325,0.85656505005873629,0.89612640949439837
17797,1.3137309740149328,1.2468447679417156,1.1438316190147688,1.0052713225188827,0.97598665074760471,1.0261144614589814,1.0545379299693991,1.0417619189508618,1.0409255353673617,1.0019587778872421,1.0294148257320588,1.0472138163079581,1.0046033725758621,1.0444067052241199
17798,1.6461576038492318,1.5669430105254063,1.3591758201155133,1.1637655293745,1.1283306997617313,1.1820388658923922,1.2086425094975239,1.2014495319324099,1.1986171411120339,1.158481974737577,1.2299592020777279,1.2632943338749343,1.1813961194127971,1.2068311763936521
17799,1.6583205183380585,1.5664827155571623,1.4680601018638459,1.2287987451336237,1.1656119205167685,1.2264491077960502,1.2798004072256868,1.2565149081446507,1.2520364085335172,1.2115808614054648,1.2721916942576272,1.3172469748338358,1.1943902707893914,1.2276538798337826
17800,1.7758640106956198,1.6320093663262736,1.4919678183623177,1.3468218656502011,1.3192190852413184,1.34669199714134,1.3675778084074073,1.3664039815689117,1.36380269643151,1.3144771142149607,1.3664984324185123,1.4046018610523046,1.3270346609998325,1.3530305353315926
17801,1.4550080503566181,1.4018232399644406,1.2246058190626188,1.0767259200908643,1.0659411472028688,1.072482883976055,1.0948813331031797,1.0892529398439301,1.0878547900148041,1.0504088271446261,1.1057453831280222,1.1367525508559617,1.0354950273408519,1.0789631735113059
17802,1.2942810519583552,1.25147213557175,1.0235699219104382,0.89708871458763673,0.90554028834536515,0.89511190634058113,0.91761014095313009,0.90726350028659153,0.90677001311091454,0.87520482948914757,0.89842207880804859,0.93454001017432009,0.88212696332338725,0.91670322068347165
17803,1.1524583406580537,1.1346565161482507,0.99345268948228194,0.90711440395851184,0.91390380321509634,0.91332722349623552,0.93302729021984121,0.91212691723444272,0.91142700644434971,0.89389487553457214,0.91654684004085907,0.93913356885450783,0.90842452249454642,0.9217607038907748
17804,1.0711951964610875,1.0309873826442248,0.90442395747519866,0.87038713077828034,0.90436790846904969,0.88905151997154819,0.90365849539428589,0.88575508825723992,0.88658214539144409,0.86017790856932119,0.87518591091074649,0.89909223158692286,0.86205890244062089,0.88267916560517679
17805,1.3627572242966981,1.2382692396746546,1.053007542646919,1.0144760288811259,1.0310728274821843,1.0178767661009165,1.0289344103999529,1.0138851746557667,1.0139023958594024,0.97855990020518269,1.0183057299887812,1.0231186912924961,1.0201420976103428,1.0385556122769763
17806,1.3290593484106745,1.167269209938314,1.1527342018749416,1.0878858494216483,1.1284635985450877,1.0692446820879489,1.1018768342083767,1.0917594976353138,1.0930246308017955,1.0596969898793276,1.1067591167542878,1.1082063450410988,1.1002797969767109,1.1461023055844219
17807,1.6079656990387199,1.4954290254973306,1.4263995922694621,1.3075875187076862,1.2691207367504242,1.3148661326433191,1.315255893850874,1.3093716071542838,1.3081287968814435,1.2856162083646627,1.2951135788034747,1.3072910351077267,1.324134912395746,1.3506995568156708
17808,1.4332081170237019,1.345550150964435,1.3049973567481945,1.1443265169353001,1.1126652689477294,1.1628503229515352,1.1782576699977658,1.162710620978707,1.1620067564863605,1.1421431729212252,1.1493278125424171,1.18869466507626,1.1566796641632902,1.1967410419081908
17809,1.4319637954295865,1.3471380730068301,1.2940444140693417,1.0821388530028924,1.052090927571671,1.0806677955352235,1.0912491870855494,1.0723788224022679,1.0724456078975466,1.0666198467861769,1.0983525671219547,1.1153229724339049,1.0615076773026821,1.1169748872247107
17810,1.4242759796008955,1.316347697132711,1.2740602421379719,1.1525920912344867,1.1455314610560019,1.1710794285986896,1.1818714811339868,1.1702091607897538,1.169350986983311,1.1652388479021183,1.14387710928444,1.2096795441196997,1.1378975007654788,1.1867390658766055
17811,1.3204618248660578,1.1940298048672873,1.2002627853788503,1.1099541635529537,1.1470385205812104,1.1152913164974922,1.1402694774658348,1.1261772320211361,1.12810155300698,1.1037812825916795,1.0569917739888453,1.1037664829182123,1.1079613984665866,1.1542230029948344
17812,1.4993310059764067,1.3491454006826209,1.4047934887536773,1.2854062537260402,1.3496198571878169,1.2675967060099727,1.315773393849748,1.3058354012703453,1.3090005761344323,1.2617515512558046,1.258029595565479,1.2900439033546269,1.2704533315355679,1.3084210999420511
17813,1.4362475642266277,1.2964259096102979,1.3526502129418498,1.2706658932707176,1.3365304477569131,1.2589175315149479,1.3198569997761131,1.3108414461449767,1.31598418264808,1.2880204987796522,1.2301678847871833,1.2744754855398777,1.2988778817461903,1.3363342245032921
17814,1.2666787713336185,1.17232817908114,1.2904985828052287,1.3001288445342212,1.3754597662823096,1.2992036071773152,1.3507155273126255,1.3405612418455715,1.3432761364584229,1.313982972595839,1.2354941131193051,1.268805387855068,1.2966811791892661,1.3224022207982347
17815,1.4001936535894144,1.2814995206631554,1.4677184348105186,1.4435765744459965,1.503661669473755,1.4477174569849851,1.4854734029131975,1.4905825935140453,1.4938190855700391,1.4628140497979363,1.4218135913475225,1.4380443094357909,1.4330741403067779,1.4136494003941213
17816,1.5568235488409388,1.3796720170683492,1.6296639427338497,1.5453136386950481,1.5830451087075164,1.5427996393053525,1.5858845955097134,1.5869046724353877,1.588624149813926,1.5536181002484548,1.5619778770399111,1.5971385534839431,1.5296761244617691,1.5221799693942519
17817,1.3212830614574511,1.2367795414966034,1.3850131803651387,1.3056342876285709,1.2931617038437093,1.3191651182323407,1.3300449442344597,1.3388525262394657,1.3396515024967885,1.3105434077593587,1.2979679908332622,1.3463707889214629,1.3178726232139288,1.3090479137579427
17818,1.5242921313566693,1.3942822185370096,1.4762349331592446,1.2949508614827994,1.2648706238304535,1.3041779288190178,1.3024398388905416,1.3268477675204042,1.3252318709626496,1.2818188292769004,1.3468897069363457,1.3895681954372667,1.2856718593088079,1.3005170764468399
17819,1.4614450949137787,1.391104238266889,1.4500975641861591,1.3342327319486653,1.3386821675904514,1.3396268740238193,1.3644695709796544,1.3705047636055252,1.3704020650518525,1.3231086524434943,1.2984655639617932,1.3410697770846915,1.31117698287797,1.3383845166526058
17820,1.4569677086917885,1.4118397252232675,1.4354155037747762,1.2971165407148353,1.2746819450259859,1.3359972189574725,1.3613068374620811,1.347587485961391,1.3469607578783787,1.2906078634545197,1.2811031214833204,1.3166371781816244,1.3065322802454364,1.30102219620746
17821,1.3074434544725857,1.2675482668123901,1.2754853189896682,1.1636740571781927,1.1730752568087428,1.1940375631082334,1.2046942390639011,1.1904839759500765,1.1928995491603218,1.1583423893145308,1.1442904802534515,1.1727188596605633,1.1277306813147663,1.1582764973404256
17822,1.2724986598786809,1.3117772239308554,1.2963638717624055,1.1992497933268105,1.1993042251222141,1.2218668550385183,1.2448752759918107,1.2188876588033879,1.2209138551438681,1.1949769142658382,1.1829770729853255,1.2096141997784586,1.1862427811331813,1.2372186869930049
17823,1.4211498843398573,1.4058159376230235,1.3645357795209108,1.1957477763689248,1.1822582440302718,1.2131742369021603,1.2095877312853471,1.1908785775341972,1.1916109719554238,1.1653913264202103,1.1937588684209244,1.2163027854144641,1.1730076284298039,1.1950522220643711
17824,1.1298735335958305,1.1167439170548661,1.1408358453566418,1.0118551194443384,1.0178288249991818,1.0353885310005673,1.0301151443391903,1.0224613762183656,1.0240704328620223,0.9965589659268892,1.0278830425415371,1.0508035492879368,0.99289405391233643,1.0011022414531485
17825,1.087870444011499,1.0368748202922313,0.97791219884755398,0.8588594996752873,0.87748003661720908,0.86579453951578444,0.85869510604260413,0.85527856553664316,0.85632218656138259,0.8362521192176896,0.88233623225578606,0.90722065924048922,0.83336082040976167,0.85074166806380813
17826,1.1034554886781436,1.0843006513652569,0.89078143387167052,0.81697996343434454,0.81616475580496173,0.83752491421027375,0.81111177829881176,0.79986852392862973,0.80021287645888606,0.7871440754529353,0.85666915824861323,0.87453172447062721,0.7979321836590344,0.78544066659916179
17827,0.95222115501631543,0.95354150283976791,0.73227200746552668,0.67073607029465998,0.69072045435933793,0.69052750158703446,0.66379809001804257,0.65627226697654306,0.65803407816481541,0.64223912907570324,0.69125275416821685,0.72156513670484501,0.66168933136088448,0.66314851616898263
17828,0.88348866633404111,0.91626263693217702,0.67559858371879267,0.65649517148498704,0.68702689964999697,0.68643531961749071,0.66027455930305678,0.6575765806047883,0.65828947765172974,0.64201922766165576,0.6441362462654725,0.68216392516997493,0.64695760946895209,0.64893844986970406
17829,1.0065004763100311,1.1341695133177194,0.77525177075932439,0.7169623187665114,0.71569928144766271,0.7491869673429461,0.72242554694572536,0.71772935825735207,0.71952376893320091,0.70066748794685141,0.72353848724003555,0.76272312306531798,0.71836299206086951,0.71992534466329561
17830,0.98643074610807013,1.122524469449834,0.79941747720308087,0.76205411753109065,0.75008375982443898,0.78746158996734383,0.76327973467682197,0.75942094174139263,0.7602846869800548,0.74634410428486386,0.75828474967634441,0.78539891705674891,0.74983888211961602,0.75590827040680675
17831,1.0442632057459218,1.1580206659184991,0.86718379061664885,0.86141288111468506,0.82883987441994522,0.88475409337537247,0.86661315092368973,0.85778100431538429,0.85634599345311035,0.8456576344103216,0.84225590202967693,0.87327359655997416,0.86119939029044845,0.85759232305895772
17832,1.0037504698872488,1.0504183313944959,0.81047800386978697,0.78590884702091302,0.7670603568301243,0.80269366405517928,0.77730007327180173,0.77849924023314065,0.77598496085814972,0.75991561138914965,0.77647082970327552,0.81706701101545198,0.7577225054377914,0.74854860515612787
17833,1.4334311350503346,1.4983254802635182,1.2941053595457193,1.3659875826247809,1.3368545779008165,1.3848997755443364,1.3922468773949905,1.369344500897681,1.366715505735614,1.3627428463189806,1.2855831488002309,1.3308160715703856,1.3772559642854842,1.3854465312718474
17834,1.4943428124831724,1.5545936425461111,1.3657085842679391,1.357617649287661,1.3259418903685474,1.3896774236484242,1.3878870815689057,1.3555969216051988,1.3520621981115135,1.3626272565331514,1.3102490662523425,1.3469157645315082,1.4383807759696954,1.4268949821531514
17835,1.343745363902122,1.2836740365073234,1.1210718502515999,1.0489593902683507,1.0405995218903958,1.0423744596419171,1.0667030502420629,1.0470179653399259,1.0482185102540369,1.0252791155203556,1.0388309501585093,1.0734399629399203,1.0491210766629815,1.0850031878940456
17836,1.3477049377882828,1.2371763045764308,1.0692782672817314,0.98925328251235356,1.0153095507260606,1.0014376561117437,1.0156712691206216,0.99431059609782269,0.99585047793225889,0.96079641850089781,0.99206642205410156,1.0275246967885434,1.0067679667992757,1.0249395045425782
17837,1.4410604807610834,1.3004632140689805,1.143737357588761,1.0691410033952613,1.0985115703563499,1.0705103225547365,1.1025322447786863,1.0767686564647794,1.0775553109482932,1.0403776785666048,1.068613806231743,1.1122922646274562,1.0739780098232563,1.1226572037398852
17838,1.3420075689210604,1.1954339030287533,1.0937226348870885,1.0290209362159644,1.0727896078900585,1.029439869674013,1.0631687368980451,1.0353938433754244,1.0360222727483888,1.0085775172682332,1.0176308550640984,1.0576065220744029,1.0337363813241636,1.0760093503910426
17839,1.3358162468933812,1.1776244607343815,1.1078232845974636,1.0617321863639479,1.0941876247695526,1.0599449799217329,1.084499934792162,1.0710234636287481,1.0704857909363092,1.0363033052556379,1.0383087816730101,1.0955881426038721,1.0575513165860613,1.0940916274574932
17840,1.2282682318537492,1.0912643878521506,1.0309100479856372,0.9673982463530002,0.99002872421095112,0.9722050874278062,0.97404324686877353,0.97764383031333457,0.97512256600435254,0.94446148728134149,0.96875974330807979,1.0230545041020174,0.95918060616468925,0.98486166816925247
17841,1.1025711509740304,0.96214705113444499,0.92672894358884794,0.88718091114149289,0.92936110991166554,0.88227028584537892,0.88590700333944628,0.89135972193413704,0.88835283132043352,0.87145072319854966,0.88292895204734567,0.9305136505663989,0.85680135445395966,0.87988884691223757
17842,1.026838722297823,0.94939790708956306,0.86405669629934845,0.84546283054870386,0.86689432890493023,0.84589933261207517,0.845984794333,0.84950251664177179,0.84717436448936212,0.8307707257413165,0.82601556262303888,0.86126009388666736,0.82290906661720276,0.82324517166789279
17843,1.1102471878235589,1.0394205473431972,0.85142303059870461,0.85917232586731695,0.87062732942133048,0.87592139028352678,0.87440192392692773,0.87901507453869032,0.87812770317140731,0.84443520980511311,0.84089416831751518,0.88093757130519279,0.88417909720787602,0.86324534599504199
17844,0.9844549684415892,0.96844636462531775,0.82313169452941382,0.87010130528227558,0.85206182673686093,0.89047370669777259,0.88477631139612789,0.88182518783517472,0.88033207099438338,0.86808988831413347,0.80537648237433623,0.83718440428116925,0.8959392154595669,0.87400639693346804
17845,1.1109828932372443,1.1222484261054506,0.99212606297177086,1.004167552825713,0.96066746981107554,1.0198336057041806,1.0067123806022638,1.0117353034316081,1.0111006757458252,1.0062267859419931,0.96090777703549624,1.0058825382591663,0.99093900427678816,0.97403231141092461
17846,1.1647601077574725,1.1759553735728954,1.1213026405734192,1.0742689467043967,1.0326782400497381,1.1026917037671033,1.0817259955956904,1.0804888107043884,1.0797189652090435,1.0860564901504908,1.0341577882182287,1.0744654888352121,1.0455218942581876,1.0247094442057632
17847,1.0325667447466123,1.036657553316132,1.0030373326016759,0.93796249507194684,0.92436085072217156,0.96004678252289599,0.95262859714592596,0.94632126464088961,0.94545853633480081,0.93052005407289029,0.89882688558629742,0.95089965811112886,0.89643825836980684,0.91826451025058264
17848,1.0868443148604787,1.1159141227641085,1.1026258134572857,0.9096369601789922,0.88527548214179297,0.91616785414927193,0.93030745355844702,0.91666747166230911,0.91597151270579313,0.89373689972509118,0.89932917615148644,0.95617284914808043,0.86311814564786915,0.87836186824734919
17849,1.1739691816690807,1.2455465354691146,1.1313114530248696,0.94623676358899556,0.91968293951474767,0.9538487446236944,0.9736450969905226,0.95743765756352628,0.95855268069592459,0.93881488335047125,0.92973673319524774,1.0019816389868654,0.90069798312509786,0.9225385559022089
17850,1.058391747331463,1.0847335923413977,0.9655875383486936,0.82327878597302429,0.82286285951730054,0.84281016445307388,0.86565614590615425,0.84073901753205738,0.84169892914562272,0.81541077122396133,0.80294774594929641,0.84725493833216547,0.77608099318803236,0.79413473916645716
17851,1.0294129285159512,0.97633957941193561,0.92376278901977227,0.8263104260991766,0.84208293831916237,0.859915712577767,0.88203518246631163,0.85446593150251005,0.85655040184082076,0.82666936049270801,0.80621753549690922,0.85540751219227895,0.79591769925547773,0.80170925147994931
17852,0.94985458029451086,0.87353393482017372,0.81780328591311469,0.70555413299226055,0.72510103151399596,0.73352060567797561,0.74131213771683968,0.71556852392402159,0.71510122631178841,0.70172926008176784,0.72832123737006516,0.78745096545343485,0.67064485083063463,0.67537130113776156
17853,0.96512464221860239,0.96441814309676011,0.88345330586368953,0.8216433243004867,0.81634672712460488,0.84955816242295523,0.84679693851985538,0.82538334508723821,0.82365031076688622,0.81965218265452355,0.82262031704079996,0.88026285068815679,0.80724124321762647,0.8167328132237891
17854,0.96187351139923527,1.0373549165961842,0.96621559159398984,0.89520382367906493,0.8750840064289227,0.92081997831332674,0.91618283122171662,0.88351882689686245,0.88191447652514121,0.89568629045369352,0.8990042505756719,0.94648921606409786,0.86086306116597444,0.85462632921089987
17855,1.0080299549321292,1.0327695525295857,0.92442389087657872,0.8781484753266845,0.86367096858091874,0.8872945398754587,0.88021034877874393,0.86723846361754264,0.86664826721590327,0.86318407181729317,0.86578022717790837,0.89814485898480934,0.84788061286030725,0.84509563560607737
17856,0.98062648939287222,0.92147775861687076,0.8868629416212056,0.81300493524322126,0.82503489730711244,0.84012431054040293,0.83016293055315815,0.82456686580479188,0.82510670396374397,0.80661955528239038,0.82142306031471224,0.84126764009728938,0.81221024650083451,0.80265296273038444
17857,1.0999054635204479,0.92818842878558128,0.93519188576475754,0.87522256620088257,0.9076847634700479,0.90280827234610406,0.89557157843576352,0.89372911740828631,0.89299769877952184,0.87095499161238121,0.85833767209918332,0.88808596809642515,0.86631323997199317,0.86345981926927007
17858,1.1907541555520629,0.91595659901891791,0.94479732080063639,0.88592655658801311,0.92786616320111315,0.89450297861437078,0.89504172796140025,0.89808165772239634,0.89875930405236215,0.86315035143190644,0.86451986948578929,0.89858687913779267,0.85132700220800295,0.83480626879287456
17859,1.2658950724148292,1.074442264533902,1.1004195314964691,1.0705449678156311,1.1112069345003581,1.0538619556638422,1.0477520644027152,1.0652121223265871,1.0659012777272094,1.041046466379576,1.074539008553506,1.0862013606294858,0.94426523019852793,0.9394414512497512
17860,0.91568105534909472,0.95980698019860122,0.75886721989813211,0.71561065784995204,0.71439472564207507,0.74683182574173579,0.72893981581596778,0.72329137997421,0.72354737604549768,0.71972436562615749,0.72241709986168212,0.73382546743950938,0.72448102913946233,0.72139057111697924
17861,0.87462898168364778,0.85137437195054588,0.65527831807793457,0.62187440787757808,0.63515545038402466,0.6383960221240339,0.62400619131452695,0.61858801957400289,0.61633838910433147,0.61149794102542587,0.61144584916557532,0.63888339995772581,0.61720641185525715,0.61106831776819115
17862,0.93474153987459785,0.87438619310625187,0.71935043596534476,0.68513205537572464,0.70279899197805706,0.6931410863842582,0.68835865964154674,0.68283233766456086,0.67926128497917571,0.67395441451227278,0.66975040102112127,0.709934756555748,0.66880008034941418,0.67454244001461738
17863,0.90162516312340579,0.87547589421859762,0.74140341992979308,0.67490469257261576,0.67304472371250224,0.70963793072977444,0.69127827501998895,0.68989744877102543,0.68616894343758106,0.68468435867999811,0.69795848945216654,0.70917484133642661,0.64687946238326555,0.66025784204697768
17864,0.94296222008652419,0.88686309251559237,0.75057451216833659,0.69635545161249646,0.69384499201796612,0.72367324799330968,0.71468868487975934,0.7057427482334111,0.70412263294505728,0.70529510602925327,0.72670587204982862,0.74571598498814229,0.68621623313831137,0.68376753299832982
17865,1.0259211260298065,1.0627918082165935,0.78957976428752963,0.73981677683853631,0.73467096322258441,0.76880570367121892,0.76642676687044875,0.75097776469767596,0.74994637419980581,0.74595006475023262,0.77489540205155361,0.82341967099079427,0.80960707818211264,0.80926110572777599
17866,1.0994087281149449,1.1427758216521884,0.86772954099257749,0.83756148202814273,0.82763598922454296,0.86972303333496281,0.85376325537132125,0.83426688795582482,0.83277656301743874,0.84189831749878752,0.85981147982874362,0.88504415711381168,0.90087596212662413,0.90201354145128965
17867,1.1962945858298522,1.1362108733806493,1.0381139069310736,1.1066682350226011,1.1104029712724026,1.1339391108407251,1.1168554213794355,1.1048707445272503,1.1024232889317234,1.0951691273723336,1.06115215406327,1.0764634742728649,1.0762104692323218,1.1000724893315688
17868,0.8572855392186256,0.82218575168484487,0.68619737186061658,0.65633214541093365,0.67173046947850157,0.68295460036998756,0.65530130565714717,0.65465963323784626,0.65480052341212702,0.65003434451762676,0.65493389057830353,0.67738555988248916,0.64174659364093023,0.63549168003797729
17869,1.0140291124734646,0.87687722194911832,0.72901124941552731,0.69539809792850704,0.70091106777178791,0.71990893037689951,0.69942563143642589,0.69908678703654381,0.69924319785774691,0.68416502899540632,0.7007569703412434,0.72715816623211704,0.68249566651489546,0.68238414476595821
17870,0.80776610410786909,0.80913520945493933,0.55937728325890246,0.49543715449350673,0.49330997271764976,0.53841312333098701,0.49995880206595394,0.49427059386648425,0.49525739925056256,0.49372987094268217,0.52085881850065674,0.55288657699796784,0.50285813055740669,0.49778216263534986
17871,0.88127430726222522,0.89333137873425184,0.54422079721283489,0.51965548296469555,0.51237673623332913,0.56358103703104134,0.51497696634857704,0.50933535705846389,0.51275026381339861,0.51629943684811697,0.53978352220393122,0.56102252917594853,0.51780321897850845,0.51878180038099853
17872,0.96277616697766877,1.0150586045387404,0.66882170710857136,0.61130078142405431,0.60092288613747347,0.62738453080520451,0.60193968466389203,0.60530922284106259,0.60815391296229271,0.59566724299339735,0.64599002992582633,0.676709408501322,0.60630078551198474,0.60730334187559354
17873,1.0276058963624746,1.002978833361917,0.74000563706070999,0.66197559031775366,0.66076131283391171,0.67653480668382149,0.65612552896176302,0.66317590387594783,0.6653818749172149,0.64183231408429264,0.6952420388912981,0.72957207546871472,0.65836869003115017,0.64881384743025616
17874,1.0643795633765685,1.0535041121499868,0.76200719948234186,0.68725600299444634,0.67804867321352769,0.71098834741716077,0.68632872012447133,0.69230392914586769,0.69332846702901207,0.6772736218428056,0.71893435530582284,0.75407588700932038,0.69313813647564182,0.6848818521264245
17875,1.2116262523644861,1.0483087719174631,0.87202141769170627,0.84068168845256375,0.85031183834622426,0.8622440024688165,0.84916641877378851,0.8583130100122035,0.85874650992038037,0.84400974249941429,0.85084366866211747,0.89044400845442173,0.81285404368609959,0.80049569138774801
17876,1.4195234068417206,1.1935382859729848,1.0465789028707384,0.9806186900872601,1.0064125054012076,0.9988075273609589,0.98829148367422626,0.99107988740560582,0.99192877891080722,0.98397614172005754,0.97901440247145322,1.0259790517819694,0.9824751809133353,1.0006911251077188
17877,1.2735430048321088,1.1800047006834149,0.95914869054944518,0.9672014513144771,0.98266276613478021,0.99710579523218734,0.97685548493513663,0.95931039322544198,0.96057611091004536,0.95430383172497812,0.95052305376113666,0.99057580981062321,0.97476141901275004,0.96527357931284385
17878,1.3022487824838076,1.115727025610826,0.99880679146754359,0.98399397344655959,1.0211497918255772,0.99953505206977511,0.99516251736205041,0.98175279460192755,0.983816863523297,0.97572965512219978,0.93308376761259015,0.97030544352687975,0.96080350682730542,0.94566299649414598
17879,1.0559084124064853,0.97790300740129965,0.81946626699279868,0.80968511185591419,0.82399780704977754,0.84289404645199517,0.82377755775152084,0.80194078486226461,0.80129423207777128,0.80275742804154626,0.78478759127662823,0.79924037145615523,0.79990265231079283,0.78701322379498662
17880,1.0164370897428301,1.0116194760243733,0.77173446077175323,0.73423002264474324,0.72101180627860595,0.77530487180152075,0.7546463326824796,0.73292084447734984,0.7329909269122864,0.71899662701093714,0.75560878383126828,0.7570414482818929,0.72511634992857121,0.72522414077517028
17881,1.3113684259446972,0.967517942018007,0.89361236620216244,0.82820625665078673,0.86470850234860075,0.84395086719211576,0.83764388603373285,0.84500117614771553,0.84271532092531398,0.82936652267470468,0.81598341020972465,0.83041785625701869,0.83255213942501594,0.83512360618689652
17882,1.2848423162354108,0.95875788410065854,0.98259995335238248,0.91437608172529017,0.95644607353899891,0.90406341473810736,0.92479342765784622,0.93304076037216399,0.92798664260279751,0.90440137705481416,0.86901967276803882,0.89699529449059168,0.86710535030513036,0.8594013194095721
17883,0.99879511999908954,0.85910764780872817,0.67441770698949222,0.63689981427772158,0.6548797631461204,0.66022977121164572,0.64795385701462049,0.63866325848468886,0.63587783272193832,0.62374295507899713,0.63133783324568071,0.66282966861661519,0.62021610232228463,0.61797566890970124
17884,1.2502453271991238,1.1635145055516678,0.88789271209966425,0.84215196650095236,0.84437680937239323,0.87098137498421013,0.84186279112721019,0.82395918625220788,0.82481229891516583,0.82755453040000326,0.84400193067837914,0.86199217051981492,0.89187919425400108,0.89126314211487756
17885,1.2413554080953975,1.247404060919636,0.96385680970884169,0.89509478213094418,0.89415597715811024,0.93970029846648973,0.91439409523949255,0.89248817534700642,0.89303303525799316,0.91159000346297558,0.93663342928790727,0.95538714668877345,0.97242541459777609,0.96914797460195767
17886,1.1081135460868559,1.1379275029124414,0.97076734910102169,0.97560132257696941,0.9623940654674813,1.0242325083690094,0.99570649770023023,0.97626779166527333,0.97692169553196606,0.99703762670987517,0.99292790965768085,1.0111702970046625,1.0349640029872873,1.008254687787677
17887,1.2014018333541046,1.2601402017842041,1.2227202939073374,1.1463697467919858,1.1307731584596223,1.1889038353885006,1.1726894761783044,1.1453647623214387,1.1463353275160473,1.1784185300541286,1.1737539964257777,1.2011449265876308,1.1636799805970284,1.1327132877299522
17888,1.1415473458597098,1.1811794595516762,1.1652391021124393,1.0729025099083846,1.0495739513214404,1.1148004798693902,1.0854658327126789,1.0667112875577864,1.0672968946209549,1.1000495385662332,1.1179077087247919,1.1579268390470412,1.1328506313313873,1.1146454621899267
17889,1.1627385370504297,1.0942837955200524,1.1436229026694413,1.0684045788158079,1.0537161257310721,1.0894124442936151,1.0717283489407576,1.0652373678006408,1.0646289555261803,1.0829851254943428,1.0738552863420574,1.1150021495725566,1.0894961838353519,1.0901514680713273
17890,1.176771982272933,1.0891290707380739,1.0790376538710589,0.95536900494082755,0.95259454224697704,0.97603178001514046,0.95754351120596548,0.95221484391412192,0.94899628199668351,0.95898858144860089,0.97798702450344943,1.0125695378550794,0.95772426346724393,0.96906747134722948
17891,1.2001910974477303,1.0461893473760653,1.0599278832025218,0.98183098357486731,0.99773101297405453,0.99792070500802121,0.99301498444858682,0.99302823187826272,0.99065945502025066,0.9870173914717314,0.97854517142546926,0.99816158298243796,1.0017946414863395,1.016091736315089
17892,1.0711884840066908,0.99216491859360989,0.87750959365895698,0.80202598322682128,0.81571150785306756,0.84060748521852391,0.82990017317015141,0.81989300752546546,0.81910675979898084,0.80543601024140177,0.82520416643951555,0.86304111702025998,0.79573577169695964,0.77785006901045617
17893,1.2448683526375974,1.1204362395796978,0.91025013457679937,0.96297354372416222,0.98710583816309105,1.0173731282078902,0.98216494472566851,0.97252870090315013,0.97388647958486496,0.9724565545218532,0.93565147018768113,0.9629884991932901,0.92919292496436057,0.9174649506015955
17894,0.95994243885607289,0.86969255535954537,0.69357956590493852,0.66758085156032532,0.69424798629377071,0.71298416929343078,0.68695200092024156,0.68275498745622709,0.68170493271179056,0.67351293471796514,0.67194309870064017,0.69177104212184415,0.6910043092487147,0.66403317818921881
17895,0.9309093829713837,0.81587227479701308,0.62095161009784983,0.58742416960519872,0.61145481562293535,0.63224647021385594,0.60749056369454235,0.60496103661067391,0.60479927192161875,0.59315376455853563,0.59870942877041489,0.62244095982026448,0.6092771133442253,0.59244605765875635
17896,0.98562461654852451,0.88296653879506637,0.65356479398893741,0.59315591556079705,0.61516968408004691,0.63359997555134207,0.6103921463612596,0.59916080144339223,0.60001515319606946,0.59919591783713844,0.6049240033696055,0.62407179293626103,0.60037994886823698,0.58718803542642162
