,raw_ensemble_gauss,emos_bst_gl,nn_unk,nn_knn,nn_noemb,nn_attr,nn_hybrid,nn_hybrid_res,bias_hybrid,bias_hybrid_res,bias_raw,sigma_hybrid,sigma_hybrid_res,n_rows,fold,lat,lon,alt,dist_nearest_km,n_train_50km,n_train_100km,attr_novelty,outside_latlon_hull,alt_excess,orog_excess,alt_minus_orog_excess,lat_excess,lon_excess,any_attr_outside_range,d_hyb_minus_res,contrib
2,1.03266,0.87205,1.03214,0.83622,0.87526,0.88185,0.87116,0.83094,0.73872,0.65932,0.63157,1.21091,1.29914,366,1,52.48530,7.91260,65.00000,41.68270,1,6,0.32483,False,0.00000,0.00000,0.00000,0.00000,0.00000,False,0.04022,0.00008
3,1.24526,0.98628,0.97453,0.82083,0.92095,0.90683,0.88555,0.87390,0.42468,0.43004,0.19036,1.37234,1.38563,366,4,50.74460,9.34500,300.00000,16.99405,7,28,0.25226,False,0.00000,0.00000,0.00000,0.00000,0.00000,False,0.01165,0.00002
4,0.71019,0.82427,0.72474,0.92441,0.89424,0.79560,0.94783,0.89689,-0.99661,-0.89505,-0.31357,1.21742,1.17041,366,1,53.86170,8.12660,32.00000,168.91210,0,0,1.11985,True,0.00000,1.63535,0.00000,0.00000,0.00000,True,0.05094,0.00010
5,0.89293,0.77543,0.73133,0.75690,0.76902,0.78178,0.76165,0.75830,0.62591,0.65961,0.57131,1.29929,1.23751,366,3,51.08810,12.93260,296.00000,55.09029,0,11,0.53353,False,0.00000,0.00000,0.00000,0.00000,0.00000,False,0.00335,0.00001
6,0.86326,0.77934,0.71722,0.84430,0.72391,0.73327,0.71410,0.71864,0.04445,0.00280,0.12805,1.54271,1.51155,366,6,48.40600,11.31170,510.00000,78.04993,0,3,0.65640,True,0.00000,0.00000,0.00000,0.00000,0.00000,False,-0.00454,-0.00001
7,0.99757,0.78611,0.72223,0.81054,0.73418,0.73701,0.73154,0.72855,-0.09397,-0.05755,-0.51959,1.41366,1.40002,366,0,49.72730,8.11640,215.00000,22.51818,5,23,0.36150,False,0.00000,0.00000,0.00000,0.00000,0.00000,False,0.00299,0.00001
8,1.31524,1.03706,0.92509,0.89080,0.92870,0.89944,0.91557,0.92405,0.47474,0.53622,0.34201,1.43548,1.46404,366,6,49.46910,11.85460,383.00000,56.90050,0,8,0.38193,False,0.00000,0.00000,0.00000,0.00000,0.00000,False,-0.00849,-0.00002
9,1.26794,1.16194,1.01138,1.00828,1.10955,1.01604,1.06525,1.13789,0.53621,0.78779,0.27179,1.48376,1.41998,366,6,48.01970,12.29240,515.00000,159.16642,0,0,1.14257,True,0.00000,0.00000,0.00000,0.00000,0.00000,False,-0.07264,-0.00015
10,0.93686,0.73953,0.68772,0.71452,0.70471,0.72389,0.74693,0.70865,0.49697,0.31512,0.36084,1.40092,1.40017,365,5,53.03160,13.99070,54.00000,33.26271,1,13,0.25098,True,0.00000,0.00000,0.00000,0.00000,0.00000,False,0.03828,0.00008
11,0.86505,0.72855,0.71151,0.72589,0.71195,0.72008,0.74313,0.71763,0.43983,0.23706,0.31654,1.33870,1.32513,366,5,53.84120,13.68460,9.00000,122.22205,0,0,0.72165,True,0.00000,0.00000,0.00000,0.00000,0.00000,False,0.02550,0.00005
13,0.86187,0.61741,0.62886,0.60632,0.66923,0.69519,0.74365,0.66023,0.74084,0.48618,0.73842,1.26602,1.18975,362,5,54.67920,13.43430,42.00000,204.59643,0,0,1.13522,True,0.00000,0.00000,0.00000,0.00000,0.00000,False,0.08342,0.00017
14,1.49657,1.28219,1.17326,0.91603,1.16282,1.15925,1.19839,1.12721,1.13145,1.00677,0.65925,1.37931,1.41528,366,4,49.96950,9.91130,220.00000,22.39822,5,31,0.28366,False,0.00000,0.00000,0.00000,0.00000,0.00000,False,0.07118,0.00014
15,0.92144,0.84972,0.79062,0.98467,0.80061,0.81007,0.83329,0.81651,-0.52750,-0.46558,-0.58447,1.29365,1.33072,366,4,51.37450,11.29200,164.00000,64.90544,0,5,0.52739,False,0.00000,0.00000,0.00000,0.00000,0.00000,False,0.01678,0.00003
16,1.36700,1.04473,1.07951,1.34561,0.95553,1.12202,1.05366,1.04505,-1.24043,-1.18948,-1.44456,1.51301,1.45912,366,6,47.87740,11.36420,672.00000,92.06514,0,2,0.63305,True,0.00000,0.00000,0.00000,0.00000,0.00000,False,0.00861,0.00002
17,1.36849,0.92879,0.83063,0.87274,0.83747,0.83726,0.84522,0.83795,-0.18499,-0.23714,-1.02807,1.38628,1.39520,366,3,50.59070,12.71400,387.00000,30.60023,4,19,0.42233,False,0.00000,0.00000,0.00000,0.00000,0.00000,False,0.00727,0.00001
18,1.24206,1.01754,0.92882,0.88126,0.93947,0.90179,0.92209,0.91412,0.50259,0.46823,0.46068,1.54218,1.54153,364,6,48.42540,10.94200,461.00000,50.71785,0,12,0.38000,False,0.00000,0.00000,0.00000,0.00000,0.00000,False,0.00797,0.00002
19,1.31859,1.12849,1.02219,0.94299,1.02027,0.98138,0.99875,1.04697,0.50692,0.63099,-0.18983,1.45898,1.45547,365,2,48.72700,8.24580,240.00000,105.60805,0,0,0.99755,False,0.00000,0.00000,0.00000,0.00000,0.00000,False,-0.04822,-0.00010
20,1.57167,1.12910,1.14423,1.07441,1.12609,1.10553,1.08240,1.18830,0.43438,0.62694,-0.78108,1.49083,1.46258,366,2,47.80640,7.63870,273.00000,176.57875,0,0,1.29480,True,0.00000,0.00000,0.00000,0.00000,0.00000,False,-0.10590,-0.00021
21,1.64711,1.42784,1.23782,1.00910,1.20576,1.20933,1.28699,1.21573,1.12913,1.03812,0.59301,1.32262,1.37805,366,4,49.87420,10.92060,240.00000,25.72990,4,22,0.22388,False,0.00000,0.00000,0.00000,0.00000,0.00000,False,0.07127,0.00014
22,1.02542,0.86073,0.79364,1.08225,0.88437,0.83909,0.84681,0.86262,-0.50496,-0.61182,-0.62641,1.16081,1.21113,366,1,52.31990,9.43000,110.00000,26.51932,3,17,0.56140,False,0.00000,0.00000,0.00000,0.00000,0.00000,False,-0.01582,-0.00003
23,1.65587,1.35742,1.39015,1.19824,1.42610,1.47933,1.57013,1.45616,1.75484,1.54461,1.32559,1.25350,1.22758,366,5,54.34060,12.71080,3.00000,154.46210,0,0,1.06970,True,0.00000,0.00000,0.00000,0.00000,0.00000,False,0.11397,0.00023
24,1.66853,1.28189,1.32819,1.11726,1.32141,1.30239,1.24030,1.26400,1.15691,1.17699,1.34418,1.35423,1.32343,366,3,52.06140,13.49960,55.00000,78.74530,0,1,0.46877,False,0.00000,0.00000,0.00000,0.00000,0.00000,False,-0.02370,-0.00005
25,1.28579,1.03745,1.03437,1.12663,0.95316,0.86455,0.97413,0.97695,-0.74305,-0.77996,-1.09987,1.36089,1.33416,365,3,51.16040,14.50420,232.00000,165.05189,0,0,1.30514,True,0.00000,0.00000,0.00000,0.00000,0.13140,True,-0.00282,-0.00001
26,1.60193,1.22685,1.12404,0.98529,1.06865,1.07973,1.13972,1.04181,0.79435,0.62007,0.29531,1.34097,1.39655,366,4,49.96670,11.51970,350.00000,29.71879,2,18,0.32629,False,0.00000,0.00000,0.00000,0.00000,0.00000,False,0.09790,0.00020
28,0.87076,0.85103,0.73414,0.86292,0.74343,0.75083,0.77218,0.78542,0.48387,0.48545,-0.15919,1.24528,1.26216,261,2,49.56170,8.96730,450.00000,39.78550,2,20,0.51510,False,0.00000,0.00000,0.00000,0.00000,0.00000,False,-0.01324,-0.00002
30,1.20814,0.94573,1.07373,0.85550,0.94642,0.95182,0.96681,0.95946,0.82427,0.82351,0.79604,1.22004,1.26362,363,1,52.81520,9.92480,70.00000,68.09098,0,8,0.48871,False,0.00000,0.00000,0.00000,0.00000,0.00000,False,0.00736,0.00001
31,1.40855,1.07991,1.05722,1.26151,0.96778,0.98103,1.01599,0.96861,-0.81749,-0.77846,-1.41785,1.33422,1.35426,366,2,49.10700,7.99670,210.00000,60.57822,0,12,0.40537,False,0.00000,0.00000,0.00000,0.00000,0.00000,False,0.04739,0.00010
32,0.73482,0.79579,0.66167,0.78770,0.67774,0.64283,0.62634,0.62118,-0.06342,-0.02760,0.09306,1.32306,1.26229,366,0,50.98370,8.36830,610.00000,65.47205,0,7,0.81404,False,0.00000,0.00000,0.00000,0.00000,0.00000,False,0.00516,0.00001
34,1.04293,0.80012,0.76659,0.78323,0.76821,0.77575,0.76244,0.76501,-0.03628,-0.00243,0.24826,1.34002,1.31356,366,3,52.63090,13.50220,60.00000,39.12510,2,9,0.21199,False,0.00000,0.00000,0.00000,0.00000,0.00000,False,-0.00257,-0.00001
35,0.96062,0.78784,0.78422,0.79514,0.77568,0.78247,0.77046,0.76794,-0.06187,-0.02015,0.26625,1.33507,1.31593,366,3,52.45370,13.30170,51.00000,39.42539,1,9,0.26035,False,0.00000,0.00000,0.00000,0.00000,0.00000,False,0.00253,0.00001
36,1.73747,1.32801,1.36482,1.15035,1.37825,1.36995,1.31927,1.32234,1.25839,1.23615,1.42950,1.33646,1.32678,365,3,52.40400,13.73090,33.00000,68.21047,0,5,0.37060,False,0.00000,0.00000,0.00000,0.00000,0.00000,False,-0.00307,-0.00001
37,0.87319,0.80338,0.78869,0.82109,0.77456,0.77914,0.76094,0.75409,-0.05942,-0.04375,0.19278,1.34049,1.32313,366,3,52.38070,13.53060,46.00000,56.94257,0,6,0.31538,False,0.00000,0.00000,0.00000,0.00000,0.00000,False,0.00685,0.00001
38,0.99430,0.96047,0.92035,1.05215,0.91160,0.93649,0.94029,0.92432,-0.66970,-0.65595,-0.42467,1.33528,1.32548,366,3,52.56440,13.30880,36.00000,35.80134,2,10,0.21804,False,0.00000,0.00000,0.00000,0.00000,0.00000,False,0.01597,0.00003
39,0.88779,0.91095,0.86353,1.04257,0.84708,0.88091,0.89332,0.87059,-0.87228,-0.84220,-0.58679,1.34726,1.32841,366,3,52.46750,13.40210,48.00000,44.92943,1,7,0.25532,False,0.00000,0.00000,0.00000,0.00000,0.00000,False,0.02273,0.00005
40,0.85648,0.75532,0.70223,0.75547,0.71836,0.71416,0.71705,0.72248,-0.12639,-0.11705,0.09100,1.26269,1.30328,366,4,51.82180,11.71090,84.00000,21.98580,2,13,0.27672,False,0.00000,0.00000,0.00000,0.00000,0.00000,False,-0.00543,-0.00001
42,0.98451,0.91516,0.91049,1.06325,0.83966,0.96195,0.98724,0.98065,-0.81713,-0.72809,-0.69463,1.46463,1.45102,360,0,49.26400,6.68680,363.00000,18.20851,3,6,0.30926,True,0.00000,0.00000,0.00000,0.00000,0.00000,False,0.00660,0.00001
43,0.89409,0.82191,0.76252,0.82776,0.76856,0.77709,0.76188,0.75920,-0.02168,-0.02210,0.08064,1.40632,1.38551,366,0,50.03720,7.30790,417.00000,75.17750,0,8,0.49817,False,0.00000,0.00000,0.00000,0.00000,0.00000,False,0.00268,0.00001
44,0.74127,0.68232,0.65368,0.70503,0.63967,0.64139,0.64934,0.65427,-0.03217,-0.03175,-0.00679,1.22592,1.28031,366,1,53.39110,10.68780,45.00000,45.75133,1,11,0.28475,False,0.00000,0.00000,0.00000,0.00000,0.00000,False,-0.00494,-0.00001
45,0.84571,0.74100,0.71482,0.76651,0.70991,0.69780,0.71508,0.70285,0.24209,0.07816,0.07296,1.20768,1.22862,362,5,54.00280,11.19080,15.00000,57.62793,0,11,0.35427,False,0.00000,0.00000,0.00000,0.00000,0.00000,False,0.01223,0.00002
46,1.25010,0.77840,0.76739,0.96063,0.77459,1.09394,0.92179,0.97191,-0.88042,-0.94203,-1.21948,1.41871,1.48070,366,0,50.73490,7.19310,159.00000,150.85818,0,0,0.80281,False,0.00000,0.00000,0.00000,0.00000,0.00000,False,-0.05011,-0.00010
47,0.88636,0.79471,0.77105,0.74164,0.77216,0.75010,0.77117,0.77784,0.35019,0.40680,0.05184,1.31178,1.31454,366,0,51.87280,6.88620,48.00000,57.51478,0,5,0.34135,False,0.00000,0.00000,0.00000,0.00000,0.00000,False,-0.00667,-0.00001
48,1.33478,0.74039,0.71083,0.69726,0.73013,0.69611,0.71326,0.73469,0.37604,0.45192,1.43382,1.13961,1.14056,366,4,51.72340,10.60210,607.00000,96.95345,0,1,1.17640,False,0.00000,0.00000,0.00000,0.00000,0.00000,False,-0.02143,-0.00004
49,0.94859,0.78313,0.74169,0.99220,0.75384,0.76490,0.79536,0.78330,-0.52399,-0.49950,-0.49934,1.19538,1.21461,366,4,52.29140,10.44650,81.00000,41.67630,2,15,0.20307,False,0.00000,0.00000,0.00000,0.00000,0.00000,False,0.01206,0.00002
50,0.87635,0.82309,0.86793,0.76065,0.77657,0.77102,0.78511,0.78178,0.36080,0.35775,0.10524,1.22001,1.27993,366,1,53.04500,8.79790,4.00000,114.75950,0,0,0.78213,False,0.00000,0.00000,0.00000,0.00000,0.00000,False,0.00333,0.00001
51,0.83784,0.79807,0.75902,0.98068,0.84619,0.80292,0.86897,0.86812,-0.63357,-0.60286,-0.67352,1.20589,1.22581,358,1,53.53320,8.57610,7.00000,143.00594,0,0,0.97957,True,0.00000,0.00000,0.00000,0.00000,0.00000,False,0.00084,0.00000
52,0.90090,0.78718,0.84092,0.71885,0.73759,0.73800,0.74060,0.73121,0.38525,0.35105,0.21914,1.22128,1.26243,364,1,53.44510,9.13900,10.00000,110.27274,0,0,0.76490,False,0.00000,0.00000,0.00000,0.00000,0.00000,False,0.00939,0.00002
53,3.70978,1.27162,0.91714,0.85578,1.01102,0.96372,0.86891,0.85412,-0.11263,0.12084,3.73443,1.08414,1.11567,366,4,51.79860,10.61830,1134.00000,93.86394,0,6,2.09662,False,0.00000,0.00000,0.00000,0.00000,0.00000,False,0.01479,0.00003
54,1.48340,1.15636,1.25096,0.96092,1.21017,1.19465,1.25850,1.24161,1.24343,1.20766,0.98911,1.33648,1.38516,366,2,49.51820,9.32130,340.00000,51.37663,0,19,0.28655,False,0.00000,0.00000,0.00000,0.00000,0.00000,False,0.01689,0.00003
55,1.65469,0.97764,0.94504,0.89700,0.91065,0.87190,0.85753,0.88497,-0.29939,-0.01151,-1.54161,1.72295,1.70744,366,2,47.96250,7.99830,445.00000,173.88965,0,0,1.19982,True,0.00000,0.00000,0.00000,0.00000,0.00000,False,-0.02744,-0.00006
56,0.80739,0.87486,0.82257,0.98794,0.78624,0.91464,0.87875,0.89619,-0.55678,-0.47476,-0.08748,1.36115,1.34316,353,0,50.17460,7.05950,477.00000,93.20604,0,2,0.73514,False,0.00000,0.00000,0.00000,0.00000,0.00000,False,-0.01744,-0.00003
57,1.04289,0.85065,0.77511,0.96528,0.84948,0.82027,0.82259,0.83304,-0.38656,-0.48988,-0.67148,1.16992,1.23591,366,1,52.28170,9.08890,68.00000,31.08904,2,16,0.57826,False,0.00000,0.00000,0.00000,0.00000,0.00000,False,-0.01044,-0.00002
58,1.17308,0.94221,0.91408,0.89856,0.91235,0.91215,0.90055,0.87667,0.04769,0.00067,-0.12182,1.34532,1.37996,366,0,51.03060,8.81460,293.00000,33.96135,4,16,0.33009,False,0.00000,0.00000,0.00000,0.00000,0.00000,False,0.02388,0.00005
59,1.22075,0.82483,0.80255,0.71637,0.82094,0.79916,0.77672,0.75967,0.38391,0.36131,1.13706,1.31093,1.29879,366,3,50.43130,12.61140,897.00000,26.33660,5,23,0.91096,False,0.00000,0.00000,0.00000,0.00000,0.00000,False,0.01705,0.00003
60,0.99619,0.90149,0.94056,0.84500,0.86357,0.86804,0.90435,0.91362,0.72093,0.73927,0.47241,1.19877,1.25530,364,1,52.59590,10.02960,39.00000,44.10043,3,19,0.35110,False,0.00000,0.00000,0.00000,0.00000,0.00000,False,-0.00927,-0.00002
61,1.04594,1.06810,0.94298,1.15796,0.80872,0.95676,0.91145,0.87455,-0.93936,-0.88435,-0.86852,1.25929,1.21816,366,3,50.79130,12.87200,418.00000,49.43236,1,15,0.71461,False,0.00000,0.00000,0.00000,0.00000,0.00000,False,0.03690,0.00007
62,1.63256,1.08841,1.17590,1.38511,1.03154,1.19641,1.02986,0.97964,-0.94203,-0.72588,-1.59196,1.50298,1.41280,355,6,47.88430,12.54040,551.00000,179.27180,0,0,1.20763,True,0.00000,0.00000,0.00000,0.00000,0.00000,False,0.05021,0.00010
63,1.03891,0.78857,0.74936,0.88901,0.76192,0.75087,0.74484,0.76776,-0.14924,-0.31456,-0.65247,1.37839,1.42455,366,4,50.30670,10.96800,345.00000,73.10953,0,8,0.42701,False,0.00000,0.00000,0.00000,0.00000,0.00000,False,-0.02292,-0.00005
64,1.17279,0.98692,0.95974,0.90839,0.96844,0.97313,0.92176,0.93559,0.26501,0.22639,0.49268,1.32481,1.30458,366,3,51.77600,14.31680,69.00000,140.27489,0,0,0.66129,True,0.00000,0.00000,0.00000,0.00000,0.00000,False,-0.01382,-0.00003
65,0.71447,0.71968,0.62669,0.77355,0.71532,0.65620,0.73164,0.72869,-0.62044,-0.61735,-0.37414,1.22471,1.21395,366,1,53.87130,8.70580,5.00000,130.98903,0,0,0.94542,True,0.00000,0.00000,0.00000,0.00000,0.00000,False,0.00295,0.00001
66,1.27957,1.05231,0.95473,0.96109,0.96372,0.99142,0.98420,0.93914,0.36066,0.19261,-0.20800,1.28107,1.38242,366,4,51.07780,10.86190,170.00000,103.76517,0,0,0.71972,False,0.00000,0.00000,0.00000,0.00000,0.00000,False,0.04506,0.00009
67,1.38379,1.09965,1.05562,0.96982,1.12700,1.12668,1.08996,1.10095,0.71317,0.77826,0.33373,1.34699,1.34468,366,0,49.88090,8.67790,162.00000,33.43997,6,26,0.38508,False,0.00000,0.00000,0.00000,0.00000,0.00000,False,-0.01099,-0.00002
68,0.92254,0.88891,0.82997,1.03650,0.78848,0.95478,0.87817,0.89688,-0.82453,-0.80563,-0.44514,1.38373,1.36954,360,0,49.76190,7.05410,481.00000,48.20314,1,9,0.63567,False,0.00000,0.00000,0.00000,0.00000,0.00000,False,-0.01871,-0.00004
69,0.43369,0.76596,0.73936,0.82432,0.79086,0.75364,0.84534,0.79320,-0.71050,-0.57087,0.04269,1.23789,1.17613,347,1,54.17960,7.45870,0.00000,209.39385,0,0,1.26551,True,0.00000,1.23485,0.00000,0.00000,0.00000,True,0.05215,0.00010
70,0.96586,0.90167,1.01257,0.86578,0.88411,0.90845,0.89033,0.86206,0.68243,0.62379,0.49081,1.20450,1.28709,366,1,52.58810,8.34240,38.00000,66.83063,0,5,0.40862,False,0.00000,0.00000,0.00000,0.00000,0.00000,False,0.02828,0.00006
71,1.14930,0.93100,0.91344,0.86047,0.92340,0.89750,0.89431,0.88240,0.38401,0.40398,0.21142,1.31835,1.31249,366,0,50.73640,8.26720,314.00000,75.84732,0,5,0.65852,False,0.00000,0.00000,0.00000,0.00000,0.00000,False,0.01191,0.00002
72,1.09860,0.93107,0.84271,0.84488,0.85399,0.83050,0.83157,0.83884,0.28428,0.31059,0.00281,1.53598,1.56490,364,6,48.55620,10.55990,419.00000,22.32938,4,21,0.25197,False,0.00000,0.00000,0.00000,0.00000,0.00000,False,-0.00727,-0.00001
73,1.64447,1.23815,1.28310,1.13003,1.36658,1.36031,1.33093,1.37353,1.05104,1.03342,0.95508,1.33456,1.27119,365,3,50.91170,13.70870,365.00000,108.02715,0,0,0.89043,False,0.00000,0.00000,0.00000,0.00000,0.00000,False,-0.04260,-0.00009
74,1.24608,1.01762,1.00917,0.90827,1.03285,1.07708,0.97166,1.00413,0.74310,0.81946,0.80616,1.32415,1.30460,364,3,51.64510,13.57470,97.00000,113.21613,0,0,0.76467,False,0.00000,0.00000,0.00000,0.00000,0.00000,False,-0.03247,-0.00006
75,0.92906,0.79677,0.75898,0.83911,0.70374,0.68106,0.70174,0.68586,-0.34697,-0.31884,-0.71252,1.36102,1.31580,366,3,51.12800,13.75430,227.00000,112.61760,0,0,0.92109,False,0.00000,0.00000,0.00000,0.00000,0.00000,False,0.01589,0.00003
76,1.31872,0.92519,0.86874,0.88930,0.85261,0.86067,0.86824,0.85198,-0.27801,-0.21886,-1.04806,1.38101,1.40562,365,3,51.02210,13.84700,114.00000,118.71976,0,0,1.02180,False,0.00000,0.00000,0.00000,0.00000,0.00000,False,0.01626,0.00003
77,1.14727,0.89259,0.87832,0.80730,0.88567,0.84611,0.83329,0.83876,0.54939,0.58557,0.82625,1.32328,1.30214,365,3,52.21740,12.16410,80.00000,38.48107,2,16,0.30884,False,0.00000,0.00000,0.00000,0.00000,0.00000,False,-0.00547,-0.00001
78,1.39459,0.97247,0.89173,0.92889,0.89712,0.90815,0.91385,0.91208,0.34387,0.31432,-0.97927,1.45208,1.45066,366,2,49.47190,8.19290,107.00000,28.92914,3,23,0.29700,False,0.00000,0.00000,0.00000,0.00000,0.00000,False,0.00176,0.00000
79,0.98227,0.79351,0.77521,0.82578,0.77878,0.82583,0.77268,0.77829,-0.12968,-0.10259,-0.47784,1.31867,1.35362,366,0,51.29600,6.76860,37.00000,118.28218,0,0,0.69905,False,0.00000,0.00000,0.00000,0.00000,0.00000,False,-0.00561,-0.00001
80,0.98680,0.88890,0.93474,1.16554,0.84036,0.93536,0.89839,0.89287,-0.54042,-0.45689,-0.56099,1.54228,1.48503,329,6,48.10020,11.98720,592.00000,134.79660,0,0,0.88789,True,0.00000,0.00000,0.00000,0.00000,0.00000,False,0.00552,0.00001
81,1.58691,1.27713,1.17956,0.85418,1.18674,1.10044,1.10047,1.04846,1.09990,1.03233,1.30924,1.31306,1.33990,366,4,49.85200,10.49900,346.00000,26.38354,5,25,0.19526,False,0.00000,0.00000,0.00000,0.00000,0.00000,False,0.05201,0.00010
82,1.56247,1.25091,1.21568,0.99553,1.15457,1.14167,1.21995,1.18698,1.14398,1.13172,0.71181,1.54720,1.54802,366,6,48.87770,11.23490,384.00000,70.81084,0,6,0.67374,False,0.00000,0.00000,0.00000,0.00000,0.00000,False,0.03297,0.00007
83,1.09979,0.89666,0.95864,0.80043,0.90921,0.89905,0.88022,0.87381,0.52107,0.54192,0.20076,1.42890,1.47147,366,2,48.98950,10.13120,460.00000,32.96236,3,18,0.26421,False,0.00000,0.00000,0.00000,0.00000,0.00000,False,0.00642,0.00001
84,0.78352,0.75742,0.83572,0.75691,0.73788,0.76527,0.73816,0.73613,0.24780,0.27500,0.15878,1.22624,1.23929,366,1,54.06910,9.01050,3.00000,111.68468,0,0,0.79447,True,0.00000,0.00000,0.00000,0.00000,0.00000,False,0.00202,0.00000
85,0.96334,0.85648,0.86504,0.81197,0.84313,0.82906,0.85759,0.86098,0.54405,0.57181,0.18510,1.31811,1.34783,366,4,50.27050,12.27420,560.00000,29.86803,4,14,0.48909,False,0.00000,0.00000,0.00000,0.00000,0.00000,False,-0.00339,-0.00001
86,1.46433,0.98652,1.03746,0.92657,0.94435,0.93247,0.91166,0.94755,0.05451,0.28472,-0.92146,1.68878,1.67615,366,2,48.20120,8.10890,440.00000,157.61483,0,0,1.15206,True,0.00000,0.00000,0.00000,0.00000,0.00000,False,-0.03589,-0.00007
87,1.75400,1.17684,1.10274,0.97927,0.97021,1.01838,1.14602,1.19344,1.07580,1.06946,-1.13426,1.83554,1.78341,366,2,48.13780,7.83510,201.00000,150.93828,0,0,1.38397,True,0.00000,0.00000,0.00000,0.00000,0.00000,False,-0.04742,-0.00010
89,0.97607,0.88192,0.79272,0.79507,0.82544,0.78221,0.81771,0.79713,0.40229,0.41934,0.01212,1.43732,1.48095,366,2,49.16640,8.85230,220.00000,80.43984,0,5,0.62958,False,0.00000,0.00000,0.00000,0.00000,0.00000,False,0.02058,0.00004
90,1.41895,1.12438,1.11370,1.00764,1.08059,1.04477,1.14201,1.10257,0.87005,0.75752,0.51808,1.58965,1.56222,366,6,48.34770,11.81330,446.00000,115.63317,0,0,0.84669,True,0.00000,0.00000,0.00000,0.00000,0.00000,False,0.03944,0.00008
91,0.74479,0.66908,0.72915,0.66403,0.63929,0.67911,0.64796,0.65235,0.07857,0.14146,0.07105,1.23878,1.24483,365,1,54.29920,9.31620,18.00000,88.05879,0,1,0.63907,True,0.00000,0.00000,0.00000,0.00000,0.00000,False,-0.00439,-0.00001
92,0.86975,0.84900,0.87681,1.11847,0.82608,0.84320,0.86718,0.89952,-0.37507,-0.41415,-0.17633,1.25024,1.32632,366,4,50.98290,10.96080,316.00000,96.68793,0,1,0.74813,False,0.00000,0.00000,0.00000,0.00000,0.00000,False,-0.03234,-0.00006
93,1.05270,0.90084,0.83024,0.92683,0.83838,0.83476,0.82867,0.82684,-0.03760,0.02988,-0.26688,1.48662,1.52715,366,6,49.64970,11.00740,268.00000,25.72990,2,26,0.26911,False,0.00000,0.00000,0.00000,0.00000,0.00000,False,0.00183,0.00000
94,1.21860,0.88944,0.82484,0.83377,0.82597,0.84072,0.83923,0.81383,0.24351,0.19443,-0.55188,1.31249,1.36410,366,4,51.20410,10.01380,156.00000,72.35529,0,8,0.59833,False,0.00000,0.00000,0.00000,0.00000,0.00000,False,0.02540,0.00005
95,1.36603,1.05325,1.09683,1.01051,1.15005,1.17172,1.25006,1.24463,1.01153,0.98106,0.72957,1.22770,1.18736,361,0,51.25400,8.15650,351.00000,71.89290,0,6,0.79849,False,0.00000,0.00000,0.00000,0.00000,0.00000,False,0.00542,0.00001
96,0.88566,0.81443,0.80109,1.03003,0.74243,0.96697,0.77464,0.76757,-0.74964,-0.72179,-0.73281,1.29541,1.29360,366,0,51.40410,6.96770,150.00000,102.48538,0,0,0.71375,False,0.00000,0.00000,0.00000,0.00000,0.00000,False,0.00708,0.00001
97,1.21656,0.78263,0.74415,0.80424,0.74347,0.98002,0.81408,0.84885,-0.60600,-0.68309,-0.98973,1.42825,1.49465,366,0,50.71190,6.79050,147.00000,155.34507,0,0,0.83520,False,0.00000,0.00000,0.00000,0.00000,0.00000,False,-0.03477,-0.00007
98,0.83756,0.79108,0.76399,0.96474,0.76980,0.86881,0.72908,0.74916,0.05710,-0.23486,-0.15014,1.61126,1.56703,366,6,48.48320,12.72410,472.00000,178.51951,0,0,1.18809,True,0.00000,0.00000,0.00000,0.00000,0.00000,False,-0.02008,-0.00004
99,2.84895,1.66720,1.28257,1.02778,1.21598,1.42681,1.37656,1.61515,1.44495,1.95436,2.11185,1.47814,1.76628,366,2,47.87490,8.00380,1490.00000,174.91718,0,0,2.48507,True,0.00000,0.00000,0.00000,0.00000,0.00000,False,-0.23858,-0.00048
100,1.11662,0.81612,0.83753,0.73157,0.83155,0.87082,0.92414,0.93542,0.86150,0.89070,0.91114,1.25958,1.27885,361,4,49.98070,11.83760,654.00000,18.25479,3,20,0.47484,False,0.00000,0.00000,0.00000,0.00000,0.00000,False,-0.01127,-0.00002
101,2.00602,1.13460,0.80177,0.72883,0.76314,0.77360,0.75248,0.73028,-0.28058,-0.11399,1.83093,1.44285,1.42525,366,3,50.42830,12.95350,1213.00000,49.00412,1,14,1.54274,False,0.00000,0.00000,0.00000,0.00000,0.00000,False,0.02220,0.00004
102,1.03149,0.95132,0.71293,0.99821,0.73257,0.72382,0.69636,0.68688,-0.18040,-0.02434,0.47586,1.22095,1.24234,366,4,50.53090,10.04800,745.00000,58.26015,0,14,0.70683,False,0.00000,0.00000,0.00000,0.00000,0.00000,False,0.00948,0.00002
103,1.10427,0.91058,0.87151,0.94082,0.86947,0.85957,0.86370,0.85986,-0.00018,-0.03519,-0.62752,1.40032,1.41176,366,0,50.02590,8.52130,100.00000,48.10122,1,20,0.22616,False,0.00000,0.00000,0.00000,0.00000,0.00000,False,0.00384,0.00001
104,2.13134,1.27090,1.15325,1.09742,1.15524,1.07043,1.10182,1.18398,0.32258,0.47452,-1.71897,1.84200,1.79108,366,2,48.02330,7.83440,236.00000,161.67996,0,0,1.40318,True,0.00000,0.00000,0.00000,0.00000,0.00000,False,-0.08216,-0.00017
105,0.71576,0.68282,0.70884,0.69949,0.65187,0.65748,0.66504,0.65917,0.02343,0.02993,-0.17376,1.20787,1.23628,366,1,53.82770,9.24930,2.00000,95.19739,0,1,0.68602,True,0.00000,0.00000,0.00000,0.00000,0.00000,False,0.00586,0.00001
106,0.87902,0.88026,0.79906,0.70434,0.73373,1.08024,1.13700,1.21272,1.34459,1.44398,0.16921,1.34834,1.43476,366,2,48.45370,8.40910,797.00000,138.08061,0,0,1.45240,False,0.00000,0.00000,0.00000,0.00000,0.00000,False,-0.07571,-0.00015
107,1.13233,0.91480,0.85632,0.87374,0.83702,0.83781,0.85440,0.84215,0.35495,0.27686,0.15576,1.51372,1.50639,366,6,49.17800,11.37350,436.00000,73.25184,0,8,0.53977,False,0.00000,0.00000,0.00000,0.00000,0.00000,False,0.01225,0.00002
108,1.01545,0.83640,0.79120,0.80850,0.78349,0.78723,0.77083,0.77197,0.34760,0.36315,-0.40592,1.30007,1.33486,365,4,51.11900,9.27990,172.00000,23.43705,6,22,0.27467,False,0.00000,0.00000,0.00000,0.00000,0.00000,False,-0.00114,-0.00000
110,1.39945,1.13097,1.09930,0.99261,1.09257,1.10281,1.11461,1.09539,0.90696,0.87154,0.87792,1.32179,1.38781,362,5,52.51290,11.39410,47.00000,41.80372,4,25,0.39090,False,0.00000,0.00000,0.00000,0.00000,0.00000,False,0.01922,0.00004
111,3.14224,1.13890,0.95639,0.97820,1.18777,2.03308,1.47991,1.80354,1.71863,2.00169,-3.59100,1.70080,1.31255,366,6,47.48310,11.06230,719.00000,84.62051,0,3,3.07218,True,0.00000,442.47791,182.47791,0.07590,0.00000,True,-0.32363,-0.00065
112,1.44384,0.90409,0.84444,0.99446,0.84231,0.91300,0.85919,0.87775,-0.64377,-0.74103,-1.55120,1.46073,1.47883,365,0,49.98590,7.95490,110.00000,51.60655,0,14,0.29653,False,0.00000,0.00000,0.00000,0.00000,0.00000,False,-0.01856,-0.00004
113,0.75677,0.80045,0.74932,1.02523,0.76458,0.76351,0.68758,0.70851,-0.25894,-0.35255,-0.18229,1.50952,1.48673,366,6,48.94810,11.42890,536.00000,81.01769,0,4,0.78265,False,0.00000,0.00000,0.00000,0.00000,0.00000,False,-0.02094,-0.00004
114,0.75687,0.68595,0.65623,0.68095,0.65055,0.66602,0.63648,0.64452,0.06029,0.16775,-0.19337,1.34087,1.35137,366,0,51.49420,6.24630,37.00000,118.01448,0,0,0.73807,True,0.00000,0.00000,0.00000,0.00000,0.08700,True,-0.00804,-0.00002
115,1.35348,0.85576,0.76450,0.89631,0.78567,0.77804,0.78118,0.78656,0.25769,0.33982,-1.15631,1.53532,1.50229,366,2,48.43290,7.99310,176.00000,132.95042,0,0,0.96796,True,0.00000,0.00000,0.00000,0.00000,0.00000,False,-0.00538,-0.00001
116,1.48297,1.13241,1.18268,0.97795,1.16472,1.08677,1.06387,1.06425,0.89224,0.90123,1.18421,1.30873,1.31248,366,3,52.38750,12.16010,35.00000,24.60305,2,20,0.17499,False,0.00000,0.00000,0.00000,0.00000,0.00000,False,-0.00039,-0.00000
117,0.74304,0.72030,0.69436,0.91701,0.68660,0.67256,0.67801,0.65774,-0.11051,0.01569,0.02757,1.24579,1.24973,366,4,50.88130,12.12890,311.00000,18.33885,2,17,0.47474,False,0.00000,0.00000,0.00000,0.00000,0.00000,False,0.02027,0.00004
118,0.97663,0.78857,0.76550,0.85899,0.76476,0.78003,0.79052,0.79267,-0.24583,-0.23760,-0.56051,1.37846,1.41279,366,0,50.60170,8.64390,203.00000,51.89793,0,12,0.55276,False,0.00000,0.00000,0.00000,0.00000,0.00000,False,-0.00215,-0.00000
119,1.38145,1.20986,1.18473,1.04706,1.18760,1.15356,1.15971,1.12890,0.96567,0.92633,0.90979,1.34485,1.33771,366,0,50.96560,9.05000,340.00000,23.43705,6,19,0.30240,False,0.00000,0.00000,0.00000,0.00000,0.00000,False,0.03081,0.00006
120,0.72305,0.70136,0.62232,0.70116,0.66344,0.63050,0.69229,0.68306,-0.49689,-0.48094,-0.53826,1.26737,1.28641,366,1,54.82730,9.50570,27.00000,94.08471,0,1,0.63266,True,0.00000,0.00000,0.00000,0.14810,0.00000,True,0.00923,0.00002
121,0.88104,0.75651,0.74983,0.78149,0.74869,0.82061,0.72758,0.72699,0.10507,-0.00017,-0.41288,1.34425,1.35102,366,3,51.16220,14.95060,238.00000,196.13199,0,0,1.55716,True,0.00000,0.00000,0.00000,0.00000,0.57780,True,0.00059,0.00000
122,1.12473,0.85907,0.79376,0.81371,0.79391,0.79913,0.79463,0.78775,0.10585,0.08227,-0.27326,1.31396,1.37285,366,4,51.50030,9.95060,167.00000,74.26626,0,7,0.73698,False,0.00000,0.00000,0.00000,0.00000,0.00000,False,0.00688,0.00001
123,0.81677,0.68948,0.66295,0.71477,0.66552,0.67805,0.68637,0.67696,0.33141,0.19366,0.05172,1.28515,1.30636,366,5,53.60600,12.10330,58.00000,94.02935,0,2,0.70072,False,0.00000,0.00000,0.00000,0.00000,0.00000,False,0.00941,0.00002
124,0.74134,0.79317,0.79903,1.13286,0.75473,0.73862,0.69976,0.71926,-0.21782,-0.31384,-0.10008,1.37625,1.34845,366,6,49.66400,11.22390,506.00000,31.94923,2,22,0.69492,False,0.00000,0.00000,0.00000,0.00000,0.00000,False,-0.01949,-0.00004
125,1.07760,0.95399,0.90675,0.88688,0.89498,0.90319,0.94593,0.92503,0.61924,0.43235,-0.54059,1.73579,1.69869,366,6,48.78930,13.62910,628.00000,182.77061,0,0,1.11393,True,0.00000,0.00000,0.00000,0.00000,0.00000,False,0.02090,0.00004
126,1.02957,0.87203,0.91773,0.79977,0.83065,0.82911,0.84090,0.82613,0.51623,0.51511,0.44608,1.23897,1.29601,366,1,53.57310,10.67970,27.00000,25.53917,2,11,0.15081,False,0.00000,0.00000,0.00000,0.00000,0.00000,False,0.01477,0.00003
127,0.94180,0.78915,0.76837,0.78854,0.76146,0.77974,0.77791,0.76164,0.36090,0.16580,0.27740,1.33048,1.31467,366,5,54.09670,13.40560,2.00000,152.94627,0,0,0.87366,True,0.00000,0.00000,0.00000,0.00000,0.00000,False,0.01627,0.00003
128,0.58691,0.85876,0.91803,1.07033,0.87943,0.85820,0.78644,0.86543,-0.49798,-0.73152,-0.24661,1.27315,1.21704,366,5,54.24370,13.91020,12.00000,166.58499,0,0,0.91134,True,0.00000,0.00000,0.00000,0.00000,0.00000,False,-0.07899,-0.00016
129,0.96498,0.86177,0.81205,0.82972,0.81885,0.81348,0.81818,0.81649,0.13006,0.20866,-0.15057,1.29684,1.29823,366,0,52.13440,7.69690,48.00000,27.22801,4,14,0.25912,False,0.00000,0.00000,0.00000,0.00000,0.00000,False,0.00169,0.00000
130,0.99275,0.82382,0.78820,0.79389,0.79490,0.80244,0.81255,0.79970,0.47069,0.31832,0.30315,1.30387,1.30873,342,5,54.07140,12.32380,34.00000,121.30391,0,0,0.86342,True,0.00000,0.00000,0.00000,0.00000,0.00000,False,0.01285,0.00002
131,2.67109,1.43823,0.85696,0.85324,0.91013,0.87638,0.85016,0.84981,-0.20947,0.24685,2.34194,1.63976,1.63885,366,6,49.11300,13.13420,1436.00000,131.99719,0,0,1.85828,True,0.00000,0.00000,0.00000,0.00000,0.00000,False,0.00035,0.00000
132,0.82125,0.73678,0.72101,0.76593,0.72843,0.73298,0.75098,0.73061,0.29910,0.13760,0.25070,1.37756,1.38167,366,5,53.31530,13.93380,56.00000,63.58449,0,7,0.34931,True,0.00000,0.00000,0.00000,0.00000,0.00000,False,0.02036,0.00004
134,0.87317,0.77917,0.72307,0.75394,0.73471,0.87980,0.78472,0.79535,-0.43542,-0.39531,-0.38430,1.44502,1.46432,366,0,49.94450,6.38210,328.00000,87.83432,0,3,0.69662,True,0.00000,0.00000,0.00000,0.00000,0.00000,False,-0.01063,-0.00002
135,0.88628,0.78391,0.76395,0.76060,0.73954,0.72929,0.74119,0.73726,0.06016,0.09269,-0.15699,1.23546,1.28746,366,1,53.63320,9.98810,11.00000,50.41134,0,5,0.35855,False,0.00000,0.00000,0.00000,0.00000,0.00000,False,0.00393,0.00001
136,0.90659,0.79525,0.73397,0.77926,0.75608,0.74497,0.74683,0.74892,-0.11749,-0.11137,-0.38561,1.23174,1.29249,366,1,53.47770,9.89570,3.00000,64.08749,0,3,0.44295,False,0.00000,0.00000,0.00000,0.00000,0.00000,False,-0.00209,-0.00000
137,0.96450,0.79253,0.76990,0.78739,0.75373,0.75218,0.76452,0.75828,0.28205,0.26903,0.02918,1.19958,1.25479,366,1,52.46440,9.67790,55.00000,36.82222,2,17,0.39756,False,0.00000,0.00000,0.00000,0.00000,0.00000,False,0.00623,0.00001
138,0.90410,0.86353,0.83261,1.10370,0.85606,0.87261,0.80780,0.84113,-0.57248,-0.62516,-0.65969,1.52477,1.51415,366,6,48.79180,10.70620,502.00000,38.02759,4,20,0.34335,False,0.00000,0.00000,0.00000,0.00000,0.00000,False,-0.03333,-0.00007
139,1.52345,1.17856,1.12422,1.39202,1.10477,1.18053,1.18043,1.16001,-0.92793,-0.90370,-1.11630,1.25647,1.29372,366,4,51.90020,10.56990,201.00000,82.75895,0,6,0.75171,False,0.00000,0.00000,0.00000,0.00000,0.00000,False,0.02042,0.00004
140,1.37933,0.93525,0.94800,0.81900,0.95915,0.96977,0.99558,1.06498,0.86597,1.01416,1.31967,1.22974,1.19425,366,4,51.65200,11.13670,404.00000,61.14198,0,6,0.91414,False,0.00000,0.00000,0.00000,0.00000,0.00000,False,-0.06940,-0.00014
141,1.03409,0.86312,0.84805,0.83171,0.82770,0.84122,0.82002,0.81880,0.27721,0.25739,-0.42179,1.43566,1.46296,366,2,48.37510,8.98010,522.00000,103.50399,0,0,0.66859,False,0.00000,0.00000,0.00000,0.00000,0.00000,False,0.00122,0.00000
143,0.84780,0.70708,0.69827,0.70306,0.70924,0.76363,0.68593,0.69194,-0.06052,-0.09989,-0.30823,1.38674,1.43887,366,0,51.04110,6.10420,57.00000,164.51742,0,0,1.00782,True,0.00000,0.00000,0.00000,0.00000,0.22910,True,-0.00601,-0.00001
144,0.43059,0.71231,0.70037,0.77664,0.75477,0.72863,0.79522,0.74361,-0.63232,-0.50129,0.15415,1.22967,1.16437,366,1,54.17500,7.89200,4.00000,181.39460,0,0,1.26206,True,0.00000,1.63535,0.00000,0.00000,0.00000,True,0.05161,0.00010
146,1.04247,0.80703,0.76555,0.84507,0.77882,0.78895,0.77967,0.76659,-0.16544,-0.13512,-0.37605,1.27359,1.30905,366,4,50.85190,9.73780,272.00000,43.05668,2,15,0.36162,False,0.00000,0.00000,0.00000,0.00000,0.00000,False,0.01308,0.00003
147,0.72862,0.63127,0.66665,0.69745,0.68954,0.69044,0.71318,0.68255,0.46340,0.22174,0.13854,1.28059,1.22524,366,5,54.57500,13.10440,1.00000,182.79486,0,0,1.14992,True,0.00000,0.00000,0.00000,0.00000,0.00000,False,0.03064,0.00006
148,0.84861,0.76733,0.71510,0.77808,0.71657,0.78894,0.74941,0.76239,-0.33141,-0.36291,-0.30997,1.31455,1.33470,366,0,50.73710,7.65280,295.00000,119.07601,0,0,0.68882,False,0.00000,0.00000,0.00000,0.00000,0.00000,False,-0.01298,-0.00003
149,1.37149,1.10217,1.08187,0.99577,1.13651,1.23807,1.11019,1.12102,0.58064,0.54810,0.21800,1.36254,1.32666,365,3,50.89900,14.74570,270.00000,177.49545,0,0,1.48625,True,0.00000,0.00000,0.00000,0.00000,0.37290,True,-0.01083,-0.00002
150,0.72584,0.73647,0.72493,0.89286,0.73342,0.73477,0.71761,0.70666,-0.00986,0.02980,-0.06914,1.24935,1.27244,366,4,50.31220,11.87610,565.00000,53.80304,0,15,0.48589,False,0.00000,0.00000,0.00000,0.00000,0.00000,False,0.01095,0.00002
151,2.31026,2.30360,2.15769,2.55653,1.95116,1.93529,1.87917,1.94705,-2.27052,-2.33164,-1.99570,1.44857,1.35735,366,6,47.80090,11.01080,977.00000,68.09179,0,5,1.10712,True,0.00000,0.00000,0.00000,0.00000,0.00000,False,-0.06788,-0.00014
152,0.94781,0.84229,0.93401,0.78114,0.81804,0.86426,0.79852,0.80643,0.41324,0.45790,0.28939,1.25093,1.27494,365,1,54.31460,9.53900,10.00000,73.56539,0,3,0.53251,True,0.00000,0.00000,0.00000,0.00000,0.00000,False,-0.00791,-0.00002
153,0.97085,0.85567,0.83054,0.73213,0.83423,0.88726,0.91178,0.82722,0.88171,0.70513,0.58823,1.19333,1.18439,360,5,54.31940,10.67320,8.00000,27.00161,3,17,0.20374,False,0.00000,0.00000,0.00000,0.00000,0.00000,False,0.08456,0.00017
154,1.44617,1.08963,1.14073,0.96434,1.13165,1.08826,1.04948,1.07892,0.82419,0.85604,1.08615,1.35263,1.31468,366,3,51.76570,13.16660,81.00000,88.50966,0,2,0.51750,False,0.00000,0.00000,0.00000,0.00000,0.00000,False,-0.02943,-0.00006
155,0.99865,0.84178,0.84586,1.00913,0.78268,0.86888,0.80461,0.80230,-0.56953,-0.55173,-0.73412,1.51386,1.45372,366,6,47.88230,11.69620,685.00000,116.58504,0,0,0.80158,True,0.00000,0.00000,0.00000,0.00000,0.00000,False,0.00231,0.00000
156,1.13246,0.88437,0.83857,0.85044,0.83889,0.84428,0.84939,0.84690,0.03295,-0.06063,-0.45129,1.28645,1.31686,366,4,51.85290,9.49530,110.00000,45.74225,1,15,0.45882,False,0.00000,0.00000,0.00000,0.00000,0.00000,False,0.00249,0.00000
157,0.79011,0.79009,0.75225,1.00047,0.70878,0.83358,0.80026,0.82798,-0.55945,-0.56442,-0.30320,1.33666,1.35008,366,0,50.56510,7.48430,328.00000,123.89898,0,0,0.63244,False,0.00000,0.00000,0.00000,0.00000,0.00000,False,-0.02772,-0.00006
158,1.05841,0.84230,0.84531,0.78375,0.84714,0.80945,0.81076,0.80532,0.34265,0.33713,0.30193,1.42061,1.40218,366,0,49.69270,7.32640,376.00000,39.44317,2,10,0.37906,False,0.00000,0.00000,0.00000,0.00000,0.00000,False,0.00545,0.00001
159,0.83837,0.76003,0.78261,0.70409,0.70948,0.71476,0.70149,0.70457,0.11745,0.17555,0.04576,1.25833,1.29858,364,1,53.98970,9.56960,21.00000,76.85857,0,3,0.54961,True,0.00000,0.00000,0.00000,0.00000,0.00000,False,-0.00307,-0.00001
160,0.84377,0.78875,0.86184,0.75730,0.76048,0.81932,0.75804,0.75909,0.23378,0.27677,0.15145,1.26220,1.28620,355,1,54.45700,9.52030,21.00000,76.19863,0,3,0.55171,True,0.00000,0.00000,0.00000,0.00000,0.00000,False,-0.00105,-0.00000
161,1.07381,0.78349,0.77021,1.03874,0.76099,0.75109,0.79102,0.80564,-0.47283,-0.56967,-0.91106,1.29986,1.39129,366,4,50.92510,11.58300,155.00000,53.47496,0,10,0.47453,False,0.00000,0.00000,0.00000,0.00000,0.00000,False,-0.01462,-0.00003
162,1.18234,0.89869,0.84077,0.90586,0.84889,0.84504,0.84632,0.83850,0.11355,0.08571,-0.54219,1.40759,1.42228,366,0,50.06430,8.99300,107.00000,38.19185,5,31,0.38684,False,0.00000,0.00000,0.00000,0.00000,0.00000,False,0.00782,0.00002
163,1.48047,0.91336,0.67856,0.75371,0.69880,0.71252,0.67491,0.66669,-0.11940,-0.01066,1.41926,1.30273,1.26022,366,0,51.18030,8.48910,839.00000,55.57857,0,10,0.95688,False,0.00000,0.00000,0.00000,0.00000,0.00000,False,0.00822,0.00002
164,1.08833,0.83743,0.90090,0.83403,0.88039,0.91249,0.93757,0.92639,0.55682,0.43933,-0.12093,1.30396,1.33951,366,2,49.42620,7.75570,271.00000,26.21101,5,22,0.45084,False,0.00000,0.00000,0.00000,0.00000,0.00000,False,0.01118,0.00002
166,0.75226,0.74487,0.68622,0.77551,0.74681,0.77710,0.70420,0.71726,-0.34126,-0.41451,-0.35402,1.45246,1.39895,366,0,50.50140,6.52640,505.00000,138.22973,0,0,1.03357,True,0.00000,0.00000,0.00000,0.00000,0.00000,False,-0.01305,-0.00003
169,1.57310,1.04779,1.06034,1.08635,1.02831,1.12283,1.05197,1.03481,-0.70813,-0.57619,-1.63373,1.59962,1.52578,92,6,47.86520,10.60070,716.00000,36.81470,2,13,0.38828,True,0.00000,0.00000,0.00000,0.00000,0.00000,False,0.01716,0.00001
170,1.72320,0.95523,0.97892,0.96482,1.58652,2.61029,1.99132,2.20345,2.55657,2.66637,-1.82832,1.67413,1.38322,363,6,47.72330,10.33480,705.00000,23.98781,3,17,2.78999,True,0.00000,411.23938,165.23938,0.00000,0.00000,True,-0.21213,-0.00042
171,0.88063,0.75423,0.71550,0.71993,0.69782,0.68869,0.69828,0.69374,-0.11966,-0.13860,0.01658,1.21849,1.22835,366,1,54.37610,10.14330,27.00000,34.91739,1,8,0.27038,True,0.00000,0.00000,0.00000,0.00000,0.00000,False,0.00453,0.00001
172,0.85456,0.67174,0.64076,0.61493,0.65647,0.66290,0.70260,0.64646,0.53272,0.33602,0.27496,1.21229,1.22386,366,5,53.99950,11.43410,12.00000,68.58624,0,7,0.45408,True,0.00000,0.00000,0.00000,0.00000,0.00000,False,0.05614,0.00011
173,0.93501,0.77873,0.70839,0.86011,0.71734,0.73445,0.72620,0.72480,-0.23221,-0.26226,-0.38282,1.32916,1.36449,366,4,50.22410,10.07920,282.00000,51.20175,0,23,0.24320,False,0.00000,0.00000,0.00000,0.00000,0.00000,False,0.00140,0.00000
174,1.28959,0.97137,0.86362,0.90488,0.85811,0.86563,0.87058,0.86030,-0.03351,0.02775,-0.50673,1.47342,1.53322,366,2,49.73630,10.17810,188.00000,26.38354,5,30,0.39365,False,0.00000,0.00000,0.00000,0.00000,0.00000,False,0.01028,0.00002
175,2.33624,1.26271,0.88702,1.02414,0.90008,0.94908,0.85562,0.82710,-0.03288,0.05989,2.17995,1.24662,1.22534,366,0,50.22180,8.44690,826.00000,68.81907,0,14,1.17721,False,0.00000,0.00000,0.00000,0.00000,0.00000,False,0.02852,0.00006
176,1.39998,0.95606,0.76643,0.99312,0.74855,0.74938,0.73905,0.73126,0.05212,0.15306,1.20650,1.11967,1.12469,366,4,50.84580,10.48030,732.00000,95.05227,0,2,0.66233,False,0.00000,0.00000,0.00000,0.00000,0.00000,False,0.00779,0.00002
177,1.54047,1.27097,1.27477,1.19826,1.32873,1.39031,1.22214,1.28661,1.08781,1.17973,1.20059,1.32753,1.29839,365,3,51.55550,13.88450,128.00000,133.88847,0,0,0.86526,False,0.00000,0.00000,0.00000,0.00000,0.00000,False,-0.06447,-0.00013
178,0.81291,0.78357,0.77759,0.72180,0.76193,0.71436,0.73048,0.73930,0.36341,0.40393,0.16468,1.31212,1.32204,366,0,51.76120,6.09540,46.00000,106.04068,0,0,0.76956,True,0.00000,0.00000,0.00000,0.00000,0.23790,True,-0.00882,-0.00002
179,1.12689,1.18618,0.76009,0.86913,0.78276,0.94797,0.85336,0.93799,0.62553,0.81266,-0.15203,1.34630,1.48746,366,2,48.10540,8.75490,973.00000,122.38669,0,0,1.12560,True,0.00000,0.00000,0.00000,0.00000,0.00000,False,-0.08463,-0.00017
180,1.26461,1.00546,1.00708,0.90467,1.02173,1.02768,0.95441,0.99327,0.82066,0.89878,0.90858,1.35250,1.33706,366,3,51.51850,12.90650,85.00000,66.19444,0,8,0.51634,False,0.00000,0.00000,0.00000,0.00000,0.00000,False,-0.03886,-0.00008
181,1.17708,0.83643,0.81652,0.98133,0.79897,0.92645,0.85666,0.86941,-0.55276,-0.55557,-0.91217,1.30594,1.37220,366,0,50.86460,7.15750,92.00000,151.20967,0,0,0.94159,False,0.00000,0.00000,0.00000,0.00000,0.00000,False,-0.01275,-0.00003
182,1.50974,1.23838,1.14662,0.93631,1.06417,1.09843,1.13577,1.04939,0.88293,0.70684,0.33740,1.36483,1.41842,366,4,50.28400,10.44560,288.00000,63.83071,0,12,0.40563,False,0.00000,0.00000,0.00000,0.00000,0.00000,False,0.08638,0.00017
183,0.88406,0.81099,0.78636,0.97963,0.81316,0.81946,0.77866,0.79753,-0.07790,-0.14672,-0.36370,1.55362,1.54335,366,6,48.83020,11.48720,416.00000,89.73293,0,3,0.69650,False,0.00000,0.00000,0.00000,0.00000,0.00000,False,-0.01887,-0.00004
184,0.90525,0.76349,0.74691,0.79917,0.72518,0.73204,0.72931,0.72914,-0.07083,-0.01233,0.18759,1.34961,1.33945,366,3,51.75110,12.00940,76.00000,21.98580,4,27,0.30531,False,0.00000,0.00000,0.00000,0.00000,0.00000,False,0.00017,0.00000
185,2.08564,1.10257,1.08985,1.08907,1.62281,2.52660,1.90643,2.13741,2.05825,2.20043,-2.31228,1.61611,1.27140,363,6,47.66520,11.08040,740.00000,78.65615,0,2,3.05024,True,0.00000,442.47791,161.47791,0.00000,0.00000,True,-0.23097,-0.00046
186,2.06455,0.88665,0.97916,1.38088,1.03559,0.98792,1.01665,0.92230,-1.11924,-0.97066,-2.34275,1.39279,1.39790,366,2,47.67740,9.19010,443.00000,85.81485,0,3,1.22430,True,0.00000,0.00000,0.00000,0.00000,0.00000,False,0.09436,0.00019
187,1.56680,1.22604,1.15604,0.93827,1.06812,1.09897,1.15316,1.06285,0.95481,0.79592,0.16820,1.33948,1.39320,365,4,50.25230,11.32090,312.00000,61.98418,0,13,0.42566,False,0.00000,0.00000,0.00000,0.00000,0.00000,False,0.09032,0.00018
188,0.97428,0.84564,0.77340,0.82887,0.78197,0.76729,0.77653,0.77947,0.37184,0.34359,0.26390,1.42321,1.44829,365,6,49.42830,11.90160,417.00000,61.59653,0,7,0.58872,False,0.00000,0.00000,0.00000,0.00000,0.00000,False,-0.00295,-0.00001
189,1.11212,0.90001,0.86396,0.81129,0.86227,0.86271,0.92470,0.87845,0.74236,0.59660,0.62768,1.32078,1.35649,366,5,52.93630,12.40930,40.00000,63.29543,0,13,0.32408,False,0.00000,0.00000,0.00000,0.00000,0.00000,False,0.04626,0.00009
190,0.83366,0.71074,0.69601,0.77398,0.69289,0.70299,0.68916,0.69273,0.12804,-0.01735,-0.04881,1.30433,1.31475,365,5,53.91560,12.27900,40.00000,111.84931,0,0,0.82354,True,0.00000,0.00000,0.00000,0.00000,0.00000,False,-0.00357,-0.00001
191,1.60783,0.97996,0.90074,0.94666,0.89108,0.88518,0.91730,0.94666,0.40288,0.47341,-1.29821,1.52592,1.47086,366,2,48.36470,7.82800,155.00000,130.31156,0,0,0.94751,True,0.00000,0.00000,0.00000,0.00000,0.00000,False,-0.02936,-0.00006
192,1.49578,1.12853,1.48287,1.15556,1.38406,1.77512,1.79016,1.79556,2.05223,1.98515,1.18180,1.33213,1.34073,366,2,48.51210,9.76450,685.00000,50.43057,0,11,0.90949,False,0.00000,0.00000,0.00000,0.00000,0.00000,False,-0.00540,-0.00001
193,0.86407,0.81555,0.76919,0.89629,0.76145,0.77835,0.77254,0.77602,-0.24772,-0.10778,-0.07642,1.51579,1.47973,366,6,48.07720,10.91440,621.00000,58.66705,0,8,0.37677,True,0.00000,0.00000,0.00000,0.00000,0.00000,False,-0.00348,-0.00001
194,1.30587,1.00676,1.07100,0.91921,1.07261,1.00493,0.98918,1.01349,0.89629,0.94507,1.19357,1.36629,1.32046,364,3,51.91730,13.08780,91.00000,80.75654,0,3,0.46912,False,0.00000,0.00000,0.00000,0.00000,0.00000,False,-0.02431,-0.00005
195,0.93690,0.76201,0.74105,0.76943,0.72969,0.73599,0.74228,0.72407,0.06968,0.11032,-0.55957,1.42013,1.44343,365,2,48.21760,9.90970,539.00000,36.15294,1,17,0.43774,False,0.00000,0.00000,0.00000,0.00000,0.00000,False,0.01822,0.00004
196,1.01548,0.96079,0.84932,0.85997,0.91635,0.88551,0.89438,0.93940,0.62318,0.76133,0.23101,1.48433,1.44407,364,6,48.18490,10.85070,550.00000,55.10303,0,10,0.45070,True,0.00000,0.00000,0.00000,0.00000,0.00000,False,-0.04502,-0.00009
197,0.98925,0.82101,0.97565,0.78410,0.80813,0.97387,0.79077,0.79899,0.51603,0.57146,0.57579,1.24808,1.22671,366,1,54.79030,8.95140,7.00000,122.75245,0,0,0.85538,True,0.00000,0.00000,0.00000,0.11110,0.00000,True,-0.00822,-0.00002
198,0.81468,0.77574,0.70561,0.92304,0.71462,0.76542,0.72531,0.70991,-0.42593,-0.37158,-0.39163,1.24340,1.25569,366,4,51.39330,10.31230,356.00000,97.35440,0,1,0.73282,False,0.00000,0.00000,0.00000,0.00000,0.00000,False,0.01541,0.00003
199,0.89509,0.80259,0.74441,0.74411,0.75215,0.74889,0.73965,0.74809,0.00314,0.05384,0.15036,1.31338,1.27841,366,3,51.31510,12.44620,138.00000,37.72293,3,20,0.44934,False,0.00000,0.00000,0.00000,0.00000,0.00000,False,-0.00844,-0.00002
200,0.80418,0.78954,0.74261,0.79543,0.74037,0.73675,0.74913,0.73486,-0.05757,0.00109,0.07076,1.31137,1.27474,366,3,51.43480,12.23960,131.00000,21.90329,4,22,0.30114,False,0.00000,0.00000,0.00000,0.00000,0.00000,False,0.01427,0.00003
201,1.36994,1.01403,0.97294,0.90127,0.92744,0.93378,0.90968,0.88025,0.10301,-0.00901,-0.31110,1.42652,1.45599,366,0,51.13330,8.03480,286.00000,85.44541,0,5,0.69050,False,0.00000,0.00000,0.00000,0.00000,0.00000,False,0.02943,0.00006
202,1.05467,0.89644,0.85636,0.81228,0.85294,0.83161,0.88175,0.86160,0.64733,0.55020,0.57060,1.26207,1.31455,366,5,53.10070,11.48640,20.00000,62.17822,0,8,0.46424,False,0.00000,0.00000,0.00000,0.00000,0.00000,False,0.02015,0.00004
203,0.69039,0.80119,0.73154,0.95512,0.88962,0.77365,0.90374,0.91555,-0.94315,-0.99064,-0.52731,1.25065,1.24100,354,1,54.49960,10.27370,31.00000,32.70895,1,8,0.26177,True,0.00000,0.00000,0.00000,0.00000,0.00000,False,-0.01181,-0.00002
204,0.82442,0.78231,0.69876,0.78052,0.66323,0.67252,0.67308,0.66484,-0.14817,-0.14180,-0.31090,1.35926,1.29866,360,3,50.93830,14.20930,321.00000,142.14052,0,0,1.12277,True,0.00000,0.00000,0.00000,0.00000,0.00000,False,0.00824,0.00002
205,0.85515,0.86147,0.78796,0.92221,0.79158,0.77800,0.82284,0.80378,-0.35032,-0.34254,-0.01602,1.32241,1.27867,366,3,52.20850,14.11800,98.00000,91.92717,0,2,0.48769,False,0.00000,0.00000,0.00000,0.00000,0.00000,False,0.01905,0.00004
206,0.81275,0.73556,0.74050,0.72816,0.71561,0.70988,0.70923,0.71768,-0.06827,-0.12798,-0.39899,1.23863,1.32771,366,1,52.51810,7.30810,22.00000,50.18438,0,5,0.33328,True,0.00000,0.00000,0.00000,0.00000,0.00000,False,-0.00845,-0.00002
207,1.24100,0.97568,0.94770,1.10794,0.93907,0.91690,0.92667,0.90956,-0.35738,-0.26670,-0.73579,1.28501,1.25206,366,0,51.78550,8.83880,157.00000,31.02835,5,23,0.21436,False,0.00000,0.00000,0.00000,0.00000,0.00000,False,0.01711,0.00003
208,1.32435,0.88914,0.80927,0.79285,0.79827,0.79336,0.78460,0.78120,-0.12394,-0.11413,-0.74966,1.38531,1.45477,366,0,51.63360,8.39450,92.00000,48.86718,1,15,0.65779,False,0.00000,0.00000,0.00000,0.00000,0.00000,False,0.00339,0.00001
209,0.79074,0.55967,0.66700,0.62346,0.60329,0.72640,0.65926,0.63251,-0.18509,-0.05566,0.54329,1.25515,1.17086,366,1,55.01100,8.41250,25.00000,164.46065,0,0,1.14505,True,0.00000,0.00000,0.00000,0.33180,0.00000,True,0.02675,0.00005
210,1.39862,1.01194,1.06374,0.84759,1.02008,1.01950,1.03991,1.06139,0.79056,0.86328,0.70968,1.29693,1.31072,365,4,50.45050,11.63500,500.00000,62.22315,0,11,0.53888,False,0.00000,0.00000,0.00000,0.00000,0.00000,False,-0.02148,-0.00004
211,1.29846,0.99168,1.03693,0.85270,1.02898,1.01828,0.93847,0.95465,0.76729,0.76029,0.99124,1.32478,1.30121,366,3,51.92670,13.87970,57.00000,107.09653,0,0,0.56247,False,0.00000,0.00000,0.00000,0.00000,0.00000,False,-0.01618,-0.00003
212,0.94567,0.80422,0.78607,0.75021,0.77284,0.77944,0.79401,0.77100,0.45806,0.35565,0.22240,1.24051,1.27708,365,5,53.80250,10.69880,16.00000,25.53917,4,17,0.14459,False,0.00000,0.00000,0.00000,0.00000,0.00000,False,0.02302,0.00005
213,1.05367,0.85390,0.80798,0.75072,0.79613,0.78865,0.81868,0.79243,0.54924,0.47941,0.47705,1.27587,1.33716,366,5,52.97240,11.13740,17.00000,40.90607,2,15,0.35502,False,0.00000,0.00000,0.00000,0.00000,0.00000,False,0.02625,0.00005
214,0.72069,0.69405,0.65033,0.79190,0.65079,0.65696,0.64283,0.64499,0.03336,0.00430,0.06522,1.31760,1.26411,366,0,51.24520,7.64250,387.00000,105.96545,0,0,0.99005,False,0.00000,0.00000,0.00000,0.00000,0.00000,False,-0.00216,-0.00000
215,0.82745,0.76775,0.74008,0.95049,0.75034,0.75781,0.76677,0.77028,-0.32674,-0.32516,-0.08867,1.27521,1.32332,366,4,52.10290,11.58270,76.00000,41.65252,4,14,0.38238,False,0.00000,0.00000,0.00000,0.00000,0.00000,False,-0.00350,-0.00001
216,0.94856,0.85919,0.80858,0.75649,0.82516,0.79074,0.76070,0.75960,0.09107,0.11690,0.36137,1.39386,1.39650,365,0,50.10150,6.80090,413.00000,89.72976,0,2,0.65057,True,0.00000,0.00000,0.00000,0.00000,0.00000,False,0.00111,0.00000
217,0.96153,0.81738,0.81286,0.77900,0.80636,0.83143,0.79209,0.76905,0.32687,0.20464,0.36913,1.35162,1.35375,365,3,52.54680,14.54520,12.00000,65.54630,0,4,0.49216,True,0.00000,0.00000,0.00000,0.00000,0.17240,True,0.02304,0.00005
218,1.25533,0.93356,0.88108,0.87265,0.87919,0.89122,0.87818,0.86509,-0.14770,-0.16723,-0.58073,1.36687,1.43189,366,0,50.84920,8.77460,187.00000,41.74261,3,14,0.31717,False,0.00000,0.00000,0.00000,0.00000,0.00000,False,0.01309,0.00003
219,0.92688,0.87980,0.73769,0.80703,0.74122,0.76688,0.74849,0.75766,-0.30443,-0.32933,-0.04645,1.39786,1.37911,366,3,50.65100,13.14690,639.00000,61.83857,0,11,0.68556,False,0.00000,0.00000,0.00000,0.00000,0.00000,False,-0.00917,-0.00002
220,0.82246,0.90973,0.79214,1.00886,0.72739,0.70266,0.67367,0.67144,-0.23536,-0.26330,0.04642,1.28137,1.23418,366,0,50.66200,7.96020,547.00000,97.95298,0,1,0.76484,False,0.00000,0.00000,0.00000,0.00000,0.00000,False,0.00222,0.00000
221,0.98597,0.78624,0.77389,0.79737,0.76793,0.78807,0.79155,0.77157,0.35612,0.24701,0.22332,1.27400,1.30269,366,5,53.32230,11.93190,81.00000,82.91682,0,3,0.61412,False,0.00000,0.00000,0.00000,0.00000,0.00000,False,0.01998,0.00004
222,1.19207,0.94703,0.88012,0.82819,0.87241,0.87578,0.87917,0.85023,0.39407,0.31423,0.30545,1.33214,1.38943,366,4,51.72590,11.51090,107.00000,34.43970,1,12,0.51235,False,0.00000,0.00000,0.00000,0.00000,0.00000,False,0.02893,0.00006
223,0.87627,0.81879,0.77444,1.08064,0.81621,0.84140,0.83121,0.83043,-0.56249,-0.57649,-0.52773,1.31024,1.33936,366,4,50.56120,10.37710,450.00000,81.65815,0,8,0.66444,False,0.00000,0.00000,0.00000,0.00000,0.00000,False,0.00078,0.00000
224,1.46127,1.24032,1.14584,1.05455,1.18195,1.41720,1.22282,1.22860,1.22389,1.26649,0.64259,1.35894,1.35983,366,3,51.12940,13.43270,157.00000,90.29786,0,2,0.75620,False,0.00000,0.00000,0.00000,0.00000,0.00000,False,-0.00578,-0.00001
225,1.36861,1.07005,1.01273,0.83113,0.97219,0.91642,0.88908,0.88773,0.48330,0.50309,0.28174,1.45492,1.52512,366,2,49.47730,9.76220,250.00000,55.77001,0,20,0.31819,False,0.00000,0.00000,0.00000,0.00000,0.00000,False,0.00135,0.00000
226,0.95519,0.88044,0.78543,0.70969,0.75109,1.13985,1.03664,1.13931,1.18819,1.34387,0.31633,1.36585,1.46050,366,2,48.16940,8.94330,900.00000,107.36442,0,0,1.04639,False,0.00000,0.00000,0.00000,0.00000,0.00000,False,-0.10267,-0.00021
227,1.18568,0.97256,0.92576,0.87465,0.91199,0.88251,0.90668,0.99642,0.53191,0.86775,-0.58307,1.73823,1.73863,366,6,48.85480,12.91890,313.00000,147.58421,0,0,1.12400,True,0.00000,0.00000,0.00000,0.00000,0.00000,False,-0.08974,-0.00018
228,1.20047,0.89612,0.93022,0.82837,0.88270,0.89075,0.91400,0.92027,0.41715,0.38337,-0.12713,1.41704,1.46789,366,2,49.66910,9.00850,240.00000,28.00098,5,23,0.42693,False,0.00000,0.00000,0.00000,0.00000,0.00000,False,-0.00627,-0.00001
229,0.92945,0.97352,0.81217,1.06042,0.83140,0.81351,0.80360,0.81087,0.26851,0.32304,-0.16013,1.27068,1.28528,366,2,49.71760,9.09970,453.00000,24.38235,5,25,0.57009,False,0.00000,0.00000,0.00000,0.00000,0.00000,False,-0.00727,-0.00001
230,1.03432,0.84068,0.80161,0.94103,0.78044,0.78612,0.77751,0.78579,0.09905,-0.04312,-0.41830,1.29193,1.37138,366,4,50.72810,11.78380,355.00000,45.92654,2,10,0.40936,False,0.00000,0.00000,0.00000,0.00000,0.00000,False,-0.00828,-0.00002
231,1.12034,0.88193,0.84444,0.80698,0.85089,0.82204,0.81493,0.81787,0.27170,0.24721,-0.12652,1.37000,1.42646,365,2,49.76440,9.25300,239.00000,26.79081,6,28,0.29526,False,0.00000,0.00000,0.00000,0.00000,0.00000,False,-0.00294,-0.00001
232,1.11024,0.93009,0.88805,0.85565,0.88031,0.86466,0.85599,0.83680,0.08438,0.07128,-0.00635,1.39753,1.41160,366,0,50.43830,7.80610,265.00000,100.91062,0,0,0.65902,False,0.00000,0.00000,0.00000,0.00000,0.00000,False,0.01919,0.00004
233,0.97932,0.87910,0.85258,0.79348,0.85476,0.81637,0.81563,0.82518,0.38497,0.44400,0.41397,1.25376,1.28997,366,4,51.72090,9.83520,240.00000,68.96196,0,10,0.57070,False,0.00000,0.00000,0.00000,0.00000,0.00000,False,-0.00956,-0.00002
234,1.79575,1.64093,1.54468,1.25366,1.56233,1.43439,1.42151,1.46890,1.57287,1.65026,1.33177,1.44902,1.49829,366,2,48.97210,8.87340,244.00000,100.29103,0,0,0.72218,False,0.00000,0.00000,0.00000,0.00000,0.00000,False,-0.04738,-0.00010
235,1.33128,1.10307,1.05904,0.94139,1.03295,0.98161,1.12010,1.07554,1.03482,0.91068,0.59490,1.62242,1.57322,362,6,48.27910,12.50240,406.00000,167.16023,0,0,1.19311,True,0.00000,0.00000,0.00000,0.00000,0.00000,False,0.04456,0.00009
236,1.10578,0.87726,0.89417,0.82112,0.88767,0.88792,0.85947,0.85795,0.38972,0.35876,0.60911,1.35953,1.32888,366,3,52.51760,14.12320,63.00000,57.84496,0,7,0.27361,False,0.00000,0.00000,0.00000,0.00000,0.00000,False,0.00152,0.00000
237,1.35513,0.93104,1.09542,1.35349,0.93465,0.99919,0.94409,0.88940,-0.89418,-0.71205,-1.41321,1.51160,1.46539,366,6,48.16310,11.54290,515.00000,101.43854,0,0,0.78814,True,0.00000,0.00000,0.00000,0.00000,0.00000,False,0.05469,0.00011
238,0.99527,0.79470,1.02022,0.76151,0.96707,1.46130,1.46371,1.51759,1.85860,1.88883,0.65599,1.34579,1.37868,366,2,48.38510,9.48370,750.00000,66.54208,0,5,0.96406,False,0.00000,0.00000,0.00000,0.00000,0.00000,False,-0.05388,-0.00011
239,1.43896,1.15268,1.16347,0.98543,1.24001,1.39220,1.10932,1.14490,1.17074,1.19691,1.22569,1.32532,1.30609,361,3,51.56600,14.70090,125.00000,169.97008,0,0,0.96653,True,0.00000,0.00000,0.00000,0.00000,0.32810,True,-0.03559,-0.00007
240,1.22981,0.83972,0.85484,1.07190,0.83484,0.89802,0.88834,0.90451,-0.51238,-0.56804,-1.03418,1.40514,1.43869,365,0,50.35740,8.75060,149.00000,56.97709,0,20,0.48361,False,0.00000,0.00000,0.00000,0.00000,0.00000,False,-0.01617,-0.00003
241,1.06593,0.97489,0.86633,0.84131,0.89453,0.85840,0.86852,0.88904,0.53336,0.61648,0.22638,1.52457,1.52853,365,6,48.70970,11.20960,380.00000,70.08587,0,8,0.62320,False,0.00000,0.00000,0.00000,0.00000,0.00000,False,-0.02052,-0.00004
242,1.12090,0.89791,0.86514,0.85766,0.85978,0.83390,0.81977,0.81468,0.15134,0.17605,0.08981,1.51670,1.51910,366,6,48.31150,10.37730,486.00000,21.41034,6,25,0.22900,False,0.00000,0.00000,0.00000,0.00000,0.00000,False,0.00508,0.00001
243,1.65705,1.17542,1.05347,1.05035,1.05596,1.13132,1.06503,1.07220,-0.16959,-0.30110,-0.94428,1.45643,1.52911,340,0,50.53460,7.08530,111.00000,132.24079,0,0,0.90079,False,0.00000,0.00000,0.00000,0.00000,0.00000,False,-0.00718,-0.00001
244,1.16119,0.90325,0.85622,0.79733,0.86365,0.89744,0.94688,0.90304,0.91203,0.76563,0.84048,1.34993,1.35275,366,5,53.10200,13.04210,77.00000,60.81028,0,13,0.36031,False,0.00000,0.00000,0.00000,0.00000,0.00000,False,0.04384,0.00009
245,1.10574,0.80056,0.63792,0.68925,0.64635,0.64606,0.62877,0.64534,0.15581,0.23169,1.00906,1.25911,1.29637,366,4,50.50020,11.13440,845.00000,92.00086,0,4,0.78472,False,0.00000,0.00000,0.00000,0.00000,0.00000,False,-0.01657,-0.00003
246,0.86819,0.86338,0.80026,1.14475,0.74102,0.74266,0.71920,0.73394,-0.21738,-0.30735,0.04420,1.15313,1.15255,366,4,50.89230,9.40500,500.00000,21.40196,7,23,0.49550,False,0.00000,0.00000,0.00000,0.00000,0.00000,False,-0.01474,-0.00003
247,0.97476,0.81801,0.77799,0.79781,0.76537,0.86521,0.78077,0.80753,-0.23625,-0.28904,-0.49622,1.39214,1.42380,366,0,50.84460,7.37200,195.00000,136.99839,0,0,0.79460,False,0.00000,0.00000,0.00000,0.00000,0.00000,False,-0.02676,-0.00005
248,1.34109,1.11804,1.18160,0.98802,1.11571,1.13322,1.13379,1.20297,1.02864,1.13412,0.11726,1.44209,1.44841,366,2,49.34360,7.22950,236.00000,20.00895,6,21,0.41407,False,0.00000,0.00000,0.00000,0.00000,0.00000,False,-0.06918,-0.00014
249,0.82395,0.72621,0.68904,0.70782,0.69499,0.69181,0.72644,0.70114,0.43352,0.26635,0.29117,1.33750,1.36414,366,5,52.90370,12.80720,38.00000,50.63625,0,15,0.31318,False,0.00000,0.00000,0.00000,0.00000,0.00000,False,0.02530,0.00005
250,1.07842,0.83524,0.75135,0.92392,0.85745,1.18199,0.92259,0.99487,-1.02525,-1.15793,-1.04535,1.49074,1.47661,366,0,50.67430,6.42400,350.00000,158.76663,0,0,0.82368,True,0.00000,0.00000,0.00000,0.00000,0.00000,False,-0.07228,-0.00015
251,0.78430,0.73860,0.67221,0.83734,0.69468,0.70842,0.70031,0.71710,0.30101,0.38688,0.01161,1.27363,1.29432,366,2,49.38950,9.96660,459.00000,50.00839,0,19,0.59865,False,0.00000,0.00000,0.00000,0.00000,0.00000,False,-0.01679,-0.00003
252,1.05278,0.82286,0.82607,0.91163,0.82033,0.82062,0.78441,0.78663,-0.19797,-0.25311,-0.51256,1.55016,1.57021,366,6,48.82530,10.50670,435.00000,29.69606,5,27,0.31181,False,0.00000,0.00000,0.00000,0.00000,0.00000,False,-0.00222,-0.00000
253,1.14010,0.80679,0.78333,0.95137,0.75330,0.98030,0.84523,0.82983,-0.76704,-0.72974,-1.06198,1.31214,1.34849,366,0,50.82940,6.66020,111.00000,169.85710,0,0,0.92346,True,0.00000,0.00000,0.00000,0.00000,0.00000,False,0.01541,0.00003
254,0.80761,0.76118,0.85041,0.90789,0.87083,0.82443,0.92603,0.91344,-0.54125,-0.40790,-0.12094,1.16424,1.14813,360,1,53.71230,7.15190,12.00000,179.21656,0,0,0.99546,True,0.00000,0.00000,0.00000,0.00000,0.00000,False,0.01259,0.00002
255,0.87964,0.73939,0.85207,0.68923,0.66998,0.73708,0.68036,0.67718,0.34021,0.35201,0.65926,1.22040,1.21530,365,1,53.76470,8.65830,25.00000,134.11806,0,0,0.98017,True,0.00000,0.00000,0.00000,0.00000,0.00000,False,0.00318,0.00001
256,0.71997,0.77024,0.71865,0.89417,0.69676,0.76121,0.69937,0.71853,-0.42342,-0.44835,-0.13624,1.34659,1.31945,366,0,50.36010,6.86970,485.00000,115.93530,0,0,0.84854,False,0.00000,0.00000,0.00000,0.00000,0.00000,False,-0.01916,-0.00004
257,1.70576,1.45633,1.36473,1.10055,1.33661,1.31018,1.37639,1.33209,1.44619,1.39793,1.20079,1.48522,1.51289,366,6,49.42580,11.25380,368.00000,55.33000,0,14,0.50088,False,0.00000,0.00000,0.00000,0.00000,0.00000,False,0.04430,0.00009
258,1.00856,0.84043,0.82278,1.03284,0.80897,0.82591,0.81266,0.81670,-0.33741,-0.34115,-0.53538,1.49256,1.53219,366,6,49.50300,11.05490,314.00000,42.39118,1,21,0.51276,False,0.00000,0.00000,0.00000,0.00000,0.00000,False,-0.00404,-0.00001
259,3.04330,1.03195,1.06850,1.11119,1.26746,2.53421,1.69043,2.05730,2.08893,2.44277,-3.46738,1.72968,1.32575,366,6,47.61870,12.16660,518.00000,156.77761,0,0,3.48768,True,0.00000,399.12451,340.12451,0.00000,0.00000,True,-0.36687,-0.00074
260,2.94159,1.16002,0.95186,0.96638,1.21908,1.73807,1.48446,1.68238,1.68711,1.78206,-3.32284,1.70603,1.42139,366,6,47.39860,10.27600,806.00000,44.89725,2,8,2.74114,True,0.00000,411.23938,64.23938,0.16040,0.00000,True,-0.19792,-0.00040
261,1.05851,0.80386,0.73144,0.85819,0.75201,0.75066,0.77417,0.75936,-0.11138,-0.11882,-0.60008,1.48991,1.52914,365,2,49.12800,9.35250,230.00000,90.71313,0,5,0.69594,False,0.00000,0.00000,0.00000,0.00000,0.00000,False,0.01481,0.00003
262,0.73388,0.74035,0.68955,0.86243,0.68569,0.68518,0.65648,0.67619,-0.05459,-0.13987,0.09522,1.42443,1.40583,366,6,49.45210,12.43660,596.00000,72.47999,0,5,0.42599,False,0.00000,0.00000,0.00000,0.00000,0.00000,False,-0.01971,-0.00004
263,1.08097,0.74931,0.74042,1.01438,0.74201,0.82613,0.86034,0.84648,-0.80528,-0.80085,-0.99869,1.45370,1.51732,366,2,49.20700,9.51750,276.00000,79.25996,0,9,0.58184,False,0.00000,0.00000,0.00000,0.00000,0.00000,False,0.01385,0.00003
265,1.00162,0.82454,0.78113,0.76839,0.78710,0.79545,0.76862,0.79298,0.06531,0.14243,0.25659,1.30809,1.26554,366,3,51.29600,13.09280,150.00000,72.05631,0,5,0.75020,False,0.00000,0.00000,0.00000,0.00000,0.00000,False,-0.02436,-0.00005
267,0.83653,0.78638,0.79534,1.06865,0.76003,0.75365,0.77002,0.79395,-0.38892,-0.39832,-0.29635,1.28078,1.33777,366,4,51.08730,11.92920,246.00000,31.35314,3,14,0.48461,False,0.00000,0.00000,0.00000,0.00000,0.00000,False,-0.02393,-0.00005
268,1.54386,1.28166,1.24799,1.01510,1.16364,1.15827,1.16187,1.10390,0.85329,0.77191,0.34908,1.36332,1.41737,364,4,50.45380,10.22110,312.00000,70.76262,0,11,0.49448,False,0.00000,0.00000,0.00000,0.00000,0.00000,False,0.05797,0.00012
269,1.92780,1.00482,0.95458,0.96672,1.22262,1.54962,1.29558,1.33345,1.35823,1.33741,-2.20941,1.64493,1.38268,366,6,47.63620,10.38920,885.00000,32.03583,3,13,2.82666,True,0.00000,411.23938,0.00000,0.00000,0.00000,True,-0.03787,-0.00008
270,0.80550,0.75769,0.70155,0.86161,0.71259,0.69836,0.67438,0.67925,0.08961,-0.01504,0.16665,1.48926,1.46934,360,6,49.15100,11.68960,549.00000,91.52580,0,4,0.73727,False,0.00000,0.00000,0.00000,0.00000,0.00000,False,-0.00487,-0.00001
271,0.91095,0.79644,0.81065,0.89179,0.79932,0.80030,0.80344,0.80044,-0.00544,-0.17429,-0.28440,1.21405,1.24198,364,5,54.08930,10.87730,2.00000,35.26464,2,17,0.31283,False,0.00000,0.00000,0.00000,0.00000,0.00000,False,0.00300,0.00001
272,1.53883,1.29973,1.23273,1.11901,1.28097,1.11029,1.14456,1.09951,0.61487,0.47511,-0.15872,1.53159,1.55596,366,0,49.53560,6.38040,152.00000,51.84531,0,4,0.56180,True,0.00000,0.00000,0.00000,0.00000,0.00000,False,0.04506,0.00009
273,0.93003,0.77989,0.78421,0.74574,0.83794,0.80400,0.85169,0.82666,0.65033,0.51548,0.24204,1.28491,1.31692,364,2,48.93290,8.69730,333.00000,97.84996,0,2,0.68544,False,0.00000,0.00000,0.00000,0.00000,0.00000,False,0.02503,0.00005
274,1.16793,0.98743,1.25013,0.94426,1.11286,1.24606,1.23516,1.20076,1.33476,1.21158,0.41026,1.42885,1.43644,366,2,47.93440,9.28690,630.00000,81.67126,0,6,0.74573,False,0.00000,0.00000,0.00000,0.00000,0.00000,False,0.03439,0.00007
275,0.91432,0.87715,0.72082,0.84982,0.71945,0.71882,0.71372,0.71383,0.24341,0.07241,-0.39511,1.26530,1.31560,321,2,49.19120,7.58790,385.00000,50.71239,0,18,0.41271,False,0.00000,0.00000,0.00000,0.00000,0.00000,False,-0.00011,-0.00000
276,1.14933,0.85522,0.78663,0.79041,0.80326,0.80403,0.81598,0.77779,0.32643,0.18743,-0.33335,1.30836,1.37787,357,4,50.48190,12.13000,386.00000,31.32919,3,13,0.38191,False,0.00000,0.00000,0.00000,0.00000,0.00000,False,0.03819,0.00007
277,0.76833,0.74832,0.67597,0.88375,0.68511,0.67131,0.65160,0.66336,-0.01071,-0.08759,0.09562,1.43152,1.41092,366,6,49.47770,11.53570,522.00000,54.38673,0,11,0.58297,False,0.00000,0.00000,0.00000,0.00000,0.00000,False,-0.01176,-0.00002
278,0.78202,0.74391,0.69751,0.76582,0.69404,0.69904,0.71916,0.69799,-0.25703,-0.18280,0.16918,1.30224,1.25690,366,3,52.38130,13.06220,81.00000,32.42022,1,8,0.33437,False,0.00000,0.00000,0.00000,0.00000,0.00000,False,0.02117,0.00004
279,1.29204,0.85800,0.92220,0.84841,0.97270,1.04129,1.12108,1.00227,1.33607,1.09397,1.16772,1.28180,1.22838,366,5,54.36430,13.47710,40.00000,181.54813,0,0,0.96369,True,0.00000,0.00000,0.00000,0.00000,0.00000,False,0.11881,0.00024
280,1.18264,0.91020,0.83746,1.06046,0.83210,0.88976,0.89335,0.87286,-0.62607,-0.59795,-0.70237,1.24770,1.29535,362,4,51.79530,11.13200,142.00000,60.56868,0,9,0.60555,False,0.00000,0.00000,0.00000,0.00000,0.00000,False,0.02049,0.00004
281,1.11618,0.97040,1.02431,0.86448,0.92209,0.91692,0.91951,0.91838,0.57393,0.60628,0.34560,1.22996,1.27440,366,1,53.73310,9.87760,11.00000,54.52015,0,5,0.39689,False,0.00000,0.00000,0.00000,0.00000,0.00000,False,0.00112,0.00000
282,1.04896,0.87375,0.93194,0.80740,0.84481,0.85479,0.86523,0.82170,0.54045,0.45290,0.32605,1.20637,1.29282,366,1,52.44610,8.59060,41.00000,68.79649,0,10,0.46145,False,0.00000,0.00000,0.00000,0.00000,0.00000,False,0.04353,0.00009
283,1.40898,0.86901,0.86232,0.86546,0.86012,0.83136,0.82564,0.83774,-0.09022,0.04840,-1.23455,1.51784,1.51906,366,2,47.80620,9.62060,440.00000,54.17095,0,7,0.81653,False,0.00000,0.00000,0.00000,0.00000,0.00000,False,-0.01210,-0.00002
284,0.92814,0.79778,0.75327,0.86327,0.76202,0.75555,0.74259,0.75247,0.06958,0.02266,-0.25227,1.55188,1.57429,366,6,49.04240,12.10210,365.00000,106.06736,0,0,0.68566,True,0.00000,0.00000,0.00000,0.00000,0.00000,False,-0.00988,-0.00002
285,1.00684,0.87116,0.84895,1.02559,0.81904,0.88148,0.80659,0.80528,-0.72209,-0.69954,-0.98735,1.34329,1.30049,366,0,50.99060,7.69580,350.00000,111.63443,0,0,0.87756,False,0.00000,0.00000,0.00000,0.00000,0.00000,False,0.00131,0.00000
286,1.00494,0.94900,1.01706,0.77748,0.97842,0.91487,0.88931,0.88364,0.86934,0.85556,0.66294,1.44009,1.48410,366,2,48.74250,8.92400,478.00000,116.32156,0,0,0.73776,False,0.00000,0.00000,0.00000,0.00000,0.00000,False,0.00567,0.00001
287,1.31265,1.10730,0.92336,0.87291,0.91422,0.97699,1.08952,1.09321,1.11295,1.07952,-0.43346,1.52916,1.48572,366,2,48.67030,7.99390,131.00000,108.87728,0,0,0.83397,False,0.00000,0.00000,0.00000,0.00000,0.00000,False,-0.00369,-0.00001
288,0.87233,0.80589,0.87424,0.77044,0.79289,0.79190,0.78931,0.77124,0.31395,0.20764,0.01354,1.21237,1.29551,366,1,52.28870,7.38660,40.00000,27.22801,2,11,0.24840,False,0.00000,0.00000,0.00000,0.00000,0.00000,False,0.01807,0.00004
289,1.33788,0.92004,0.90123,0.86933,0.87746,0.86266,0.90071,1.00902,0.43422,0.72111,-0.86837,1.67999,1.61176,184,2,47.55900,7.77210,282.00000,189.00938,0,0,1.70123,True,0.00000,0.00000,0.00000,0.00000,0.00000,False,-0.10831,-0.00011
290,1.14671,0.97154,1.08327,0.88261,0.97836,0.98101,0.95297,0.95618,0.63112,0.65387,-0.09809,1.47154,1.49839,366,2,48.14790,9.45960,533.00000,70.36752,0,6,0.67226,False,0.00000,0.00000,0.00000,0.00000,0.00000,False,-0.00321,-0.00001
291,1.50837,0.98294,0.93368,1.00029,0.92903,0.91437,0.90690,0.94889,-0.01668,0.26701,-1.33559,1.55005,1.48508,366,6,47.87540,12.12800,444.00000,148.70749,0,0,1.20850,True,0.00000,0.00000,0.00000,0.00000,0.00000,False,-0.04199,-0.00008
292,0.91242,0.82328,0.85067,1.04341,0.83013,0.84704,0.75691,0.83641,-0.54224,-0.72739,-0.70478,1.24329,1.23980,366,5,54.18030,12.08080,4.00000,112.53839,0,0,0.77855,True,0.00000,0.00000,0.00000,0.00000,0.00000,False,-0.07951,-0.00016
293,0.87273,0.76127,0.78678,0.70439,0.71075,0.70855,0.73152,0.71832,0.34156,0.31773,0.17854,1.21131,1.25561,366,1,53.12880,9.33980,32.00000,113.41815,0,0,0.75601,False,0.00000,0.00000,0.00000,0.00000,0.00000,False,0.01320,0.00003
294,1.17922,0.96115,0.90308,0.86213,0.87857,0.87576,0.88771,0.86582,0.47884,0.42390,0.10667,1.52356,1.54124,365,6,49.21640,11.10360,386.00000,53.92515,0,11,0.62121,False,0.00000,0.00000,0.00000,0.00000,0.00000,False,0.02189,0.00004
295,0.88291,0.73614,0.71329,0.73582,0.72168,0.72133,0.72571,0.74119,0.33088,0.40589,0.11449,1.30673,1.34054,366,2,49.38480,10.17320,415.00000,36.22883,2,22,0.54049,False,0.00000,0.00000,0.00000,0.00000,0.00000,False,-0.01548,-0.00003
296,1.45381,1.12574,1.58556,1.18813,1.21296,1.35176,1.32808,1.36951,1.40340,1.44019,0.32057,1.58648,1.58958,366,2,48.18140,8.63560,588.00000,129.77501,0,0,0.95926,True,0.00000,0.00000,0.00000,0.00000,0.00000,False,-0.04143,-0.00008
297,1.40487,0.88328,0.78398,0.88228,0.79146,0.82915,0.79971,0.80704,-0.24611,-0.33949,-1.27052,1.44002,1.45003,366,0,49.85020,7.87100,102.00000,44.81292,3,19,0.28893,False,0.00000,0.00000,0.00000,0.00000,0.00000,False,-0.00733,-0.00001
298,0.99513,1.04628,0.93303,1.08882,0.84504,0.84002,0.78824,0.76827,-0.39773,-0.37446,-0.25452,1.31898,1.29268,366,0,49.64680,7.88370,461.00000,26.21101,4,22,0.60337,False,0.00000,0.00000,0.00000,0.00000,0.00000,False,0.01997,0.00004
299,0.86808,0.76545,0.74578,0.71646,0.77184,0.79996,0.79714,0.77781,0.56177,0.44956,-0.20883,1.27339,1.31345,366,2,49.21280,7.10770,320.00000,29.45063,3,17,0.29329,False,0.00000,0.00000,0.00000,0.00000,0.00000,False,0.01933,0.00004
300,1.07075,0.89136,0.82303,0.78664,0.84270,0.80271,0.79671,0.79732,0.24237,0.30161,-0.03917,1.44910,1.50432,366,2,48.95690,9.07100,248.00000,105.97722,0,0,0.69559,False,0.00000,0.00000,0.00000,0.00000,0.00000,False,-0.00061,-0.00000
301,1.21591,1.00554,1.14426,1.02731,1.06097,0.99158,1.16852,1.21771,1.22023,1.31374,-0.29117,1.79104,1.78333,366,6,48.78320,13.31460,456.00000,169.30944,0,0,1.14839,True,0.00000,0.00000,0.00000,0.00000,0.00000,False,-0.04920,-0.00010
302,0.86291,0.74189,0.70228,0.81898,0.70575,0.70567,0.70574,0.73018,0.02065,-0.11820,-0.37577,1.25698,1.32948,366,1,52.10420,8.75210,135.00000,35.93251,3,18,0.23923,False,0.00000,0.00000,0.00000,0.00000,0.00000,False,-0.02445,-0.00005
303,1.25360,1.27691,1.20270,1.68419,1.23213,1.23197,1.18280,1.17960,-1.16396,-1.17295,-1.09868,1.28779,1.29484,366,4,50.35170,10.00340,510.00000,56.22051,0,19,0.52933,False,0.00000,0.00000,0.00000,0.00000,0.00000,False,0.00320,0.00001
304,0.92611,0.74467,0.88852,0.73219,0.73928,0.84795,0.72500,0.72890,0.29903,0.38747,0.79675,1.22387,1.17012,366,1,54.32790,8.60310,5.00000,134.24354,0,0,0.97354,True,0.00000,0.63411,0.00000,0.00000,0.00000,True,-0.00390,-0.00001
305,1.42529,1.04317,0.98731,0.98998,1.00605,1.00854,1.00265,0.99209,0.11150,0.13354,-0.35272,1.38831,1.39371,366,0,49.91950,8.96710,155.00000,24.38235,5,32,0.33315,False,0.00000,0.00000,0.00000,0.00000,0.00000,False,0.01056,0.00002
306,1.98893,0.88656,1.12122,0.91586,1.22109,1.19506,1.18062,1.27410,0.81218,0.96943,2.14633,1.07878,1.04836,354,4,51.76580,10.65330,609.00000,93.34958,0,3,1.08230,False,0.00000,0.00000,0.00000,0.00000,0.00000,False,-0.09348,-0.00018
307,0.76776,0.73023,0.68562,0.90126,0.67884,0.69379,0.68288,0.66965,-0.35770,-0.29155,-0.34477,1.26956,1.30367,366,4,50.56790,11.80410,501.00000,46.31398,1,11,0.61994,False,0.00000,0.00000,0.00000,0.00000,0.00000,False,0.01324,0.00003
308,0.70379,0.67145,0.67019,0.66540,0.62052,0.65796,0.64928,0.65256,-0.13191,-0.09128,-0.07350,1.25869,1.27475,366,1,54.52750,9.54870,43.00000,76.33677,0,3,0.58184,True,0.00000,0.00000,0.00000,0.00000,0.00000,False,-0.00328,-0.00001
309,1.47675,1.17937,1.12097,0.95840,1.04260,1.06250,1.09858,1.04438,0.86380,0.71028,0.04422,1.39863,1.41578,366,4,50.34470,9.55340,230.00000,27.53658,4,31,0.38612,False,0.00000,0.00000,0.00000,0.00000,0.00000,False,0.05419,0.00011
310,1.19895,0.90792,0.81457,0.79548,0.79392,0.80724,0.81444,0.78470,0.20380,0.07917,-0.33180,1.34101,1.40288,366,4,50.72500,10.45390,296.00000,90.00570,0,3,0.58677,False,0.00000,0.00000,0.00000,0.00000,0.00000,False,0.02975,0.00006
311,1.71816,0.93601,0.68654,0.68722,0.67632,0.67545,0.66109,0.67918,0.15870,0.37566,1.71357,1.23587,1.29011,365,4,50.65460,10.76930,937.00000,110.26176,0,0,1.14437,False,0.00000,0.00000,0.00000,0.00000,0.00000,False,-0.01810,-0.00004
312,0.83847,0.74889,0.66810,0.71989,0.68956,0.68039,0.66753,0.67218,0.04194,-0.05267,0.54415,1.42199,1.37443,366,0,50.29680,6.41940,649.00000,120.87715,0,0,1.12831,True,0.00000,0.00000,0.00000,0.00000,0.00000,False,-0.00465,-0.00001
313,1.62785,1.25208,1.15301,1.00856,1.15443,1.10229,1.17412,1.13793,0.76235,0.71105,0.36801,1.50903,1.52618,366,6,49.16430,12.61750,399.00000,106.78625,0,0,0.82246,True,0.00000,0.00000,0.00000,0.00000,0.00000,False,0.03619,0.00007
314,0.98503,0.90126,0.84927,0.89671,0.85755,0.83846,0.84026,0.84401,-0.01586,0.00316,-0.15579,1.37995,1.38736,366,0,50.49250,9.12260,265.00000,32.12455,4,27,0.26000,False,0.00000,0.00000,0.00000,0.00000,0.00000,False,-0.00374,-0.00001
315,1.15606,0.95087,0.87801,0.90649,0.88905,0.87200,0.85804,0.88013,0.21055,0.36644,-0.01912,1.45961,1.47655,366,6,49.32780,12.08700,356.00000,74.78614,0,4,0.45927,False,0.00000,0.00000,0.00000,0.00000,0.00000,False,-0.02208,-0.00004
316,1.47783,1.06014,0.96552,0.81573,0.88588,0.92080,0.97057,0.90461,0.54538,0.40518,-0.28520,1.36966,1.42488,366,4,50.64400,11.19370,277.00000,87.47344,0,2,0.52883,False,0.00000,0.00000,0.00000,0.00000,0.00000,False,0.06596,0.00013
317,0.72393,0.68392,0.65601,0.76318,0.64911,0.64793,0.64245,0.65985,0.00241,-0.10271,-0.03926,1.24962,1.27293,366,5,53.64250,11.38720,59.00000,47.30934,1,8,0.38085,False,0.00000,0.00000,0.00000,0.00000,0.00000,False,-0.01740,-0.00003
318,1.16361,0.92182,0.89869,0.82666,0.88381,0.88475,0.91800,0.88354,0.64493,0.55316,0.59312,1.26349,1.31793,366,5,52.89110,11.72970,21.00000,63.08057,0,12,0.36081,False,0.00000,0.00000,0.00000,0.00000,0.00000,False,0.03446,0.00007
319,1.37714,1.06545,1.02646,1.07900,1.01358,1.03746,1.04662,1.03135,-0.14985,-0.14958,-0.32437,1.22578,1.25738,366,4,51.90400,10.18850,186.00000,69.43637,0,7,0.63524,False,0.00000,0.00000,0.00000,0.00000,0.00000,False,0.01527,0.00003
321,1.38108,1.18414,1.52696,1.16947,1.27100,1.34673,1.33286,1.33757,1.41827,1.40276,0.61811,1.52810,1.54332,365,2,48.07190,9.19420,580.00000,91.65621,0,2,0.77169,False,0.00000,0.00000,0.00000,0.00000,0.00000,False,-0.00470,-0.00001
322,2.16909,1.05471,1.06907,1.33048,1.06791,1.04289,1.03742,0.98604,-0.71463,-0.55453,-2.38700,1.37492,1.39340,366,2,47.57760,9.74040,507.00000,44.89725,3,10,1.49830,True,0.00000,0.00000,0.00000,0.00000,0.00000,False,0.05139,0.00010
323,1.18226,1.00762,0.97208,1.00058,0.97824,0.98638,0.97040,0.97485,0.28501,0.30360,-0.09148,1.57846,1.53946,366,6,48.27190,13.02730,360.00000,205.71965,0,0,1.19187,True,0.00000,0.00000,0.00000,0.00000,0.00000,False,-0.00445,-0.00001
325,0.97750,0.78740,0.85433,0.71277,0.75761,0.76712,0.76357,0.75958,0.50238,0.52404,0.50995,1.23028,1.26988,366,1,52.96040,9.79310,76.00000,86.47921,0,4,0.58787,False,0.00000,0.00000,0.00000,0.00000,0.00000,False,0.00398,0.00001
328,1.27723,1.07222,1.01653,0.85218,0.99678,0.98323,0.96747,0.93686,0.62238,0.61256,0.42447,1.29892,1.34461,366,4,51.06070,9.92660,265.00000,62.22934,0,9,0.50366,False,0.00000,0.00000,0.00000,0.00000,0.00000,False,0.03061,0.00006
329,1.03680,0.89336,1.02885,0.82437,0.86402,0.89368,0.86093,0.85515,0.67488,0.67509,0.59369,1.21700,1.23754,366,1,53.69460,8.87350,1.00000,120.61362,0,0,0.86247,True,0.00000,0.00000,0.00000,0.00000,0.00000,False,0.00578,0.00001
330,0.93637,0.78970,0.86117,0.72320,0.73970,0.74522,0.75202,0.75373,0.47578,0.49768,0.26447,1.21889,1.25977,366,1,53.55270,9.60940,1.00000,76.93997,0,1,0.53859,False,0.00000,0.00000,0.00000,0.00000,0.00000,False,-0.00171,-0.00000
332,1.02915,1.02703,0.74175,0.94832,0.78747,0.86999,0.78033,0.75836,0.50771,0.47716,-0.18585,1.29864,1.32161,365,2,48.66570,9.86460,734.00000,50.31381,0,10,0.91614,False,0.00000,0.00000,0.00000,0.00000,0.00000,False,0.02197,0.00004
333,0.84976,0.73805,0.79862,0.63875,0.65933,0.79362,0.64912,0.65199,0.35425,0.34595,0.47915,1.23815,1.23797,366,1,54.66540,9.80500,40.00000,68.00056,0,5,0.49080,True,0.00000,0.00000,0.00000,0.00000,0.00000,False,-0.00287,-0.00001
334,1.07167,0.89604,0.87342,0.93903,0.86651,0.88003,0.85240,0.85391,0.02129,0.07739,-0.29828,1.56376,1.57908,366,6,48.82750,12.55980,350.00000,138.46731,0,0,0.80826,True,0.00000,0.00000,0.00000,0.00000,0.00000,False,-0.00151,-0.00000
336,1.42343,0.99387,0.97286,1.48449,0.91065,1.07666,1.05910,1.03651,-1.27518,-1.26675,-1.62376,1.37263,1.42841,366,2,48.82820,9.20000,314.00000,95.65483,0,1,0.72971,False,0.00000,0.00000,0.00000,0.00000,0.00000,False,0.02259,0.00005
337,1.07120,0.76298,0.70748,0.85031,0.73640,0.75879,0.78680,0.74677,-0.37848,-0.27475,-0.91183,1.51528,1.55572,366,2,48.68830,9.22350,371.00000,94.77483,0,3,0.76734,False,0.00000,0.00000,0.00000,0.00000,0.00000,False,0.04003,0.00008
338,1.16313,0.89816,0.82493,0.87397,0.84451,0.88353,0.85068,0.84225,-0.23311,-0.25249,-0.31385,1.33596,1.36735,366,4,50.63900,10.02280,395.00000,58.20097,0,13,0.46765,False,0.00000,0.00000,0.00000,0.00000,0.00000,False,0.00843,0.00002
339,1.23857,1.10431,0.97037,0.87452,1.08487,1.19698,1.09253,1.13155,1.21093,1.24571,0.81015,1.28650,1.25844,366,3,50.97710,12.34190,193.00000,14.75431,7,24,0.15569,False,0.00000,0.00000,0.00000,0.00000,0.00000,False,-0.03902,-0.00008
340,0.85635,0.69908,0.69770,0.71374,0.69140,0.70531,0.69286,0.69037,0.17117,0.02421,0.02185,1.28402,1.28714,366,5,53.76100,12.55740,38.00000,125.45175,0,0,0.78628,True,0.00000,0.00000,0.00000,0.00000,0.00000,False,0.00249,0.00001
341,1.02488,0.88519,0.99149,0.79702,0.84810,0.84806,0.86046,0.84237,0.61311,0.60286,0.43805,1.21484,1.25456,366,1,53.27580,8.98570,7.00000,127.45016,0,0,0.86452,False,0.00000,0.00000,0.00000,0.00000,0.00000,False,0.01808,0.00004
342,0.76673,0.74284,0.69103,0.77171,0.69185,0.69861,0.68426,0.68428,0.33271,0.33242,0.38795,1.23842,1.25268,365,4,50.40020,11.38890,633.00000,73.11952,0,9,0.73271,False,0.00000,0.00000,0.00000,0.00000,0.00000,False,-0.00002,-0.00000
343,1.07445,1.00337,0.95110,1.17632,0.92616,1.04107,1.03529,1.04681,-0.90244,-0.87812,-0.91749,1.48724,1.46277,366,0,49.47380,7.03860,386.00000,20.00895,3,9,0.33446,False,0.00000,0.00000,0.00000,0.00000,0.00000,False,-0.01152,-0.00002
344,0.89948,0.77123,0.76013,0.76133,0.76047,0.75697,0.74199,0.75322,0.13056,0.23809,-0.17901,1.31500,1.32990,366,0,51.28970,6.44370,37.00000,128.62675,0,0,0.70304,True,0.00000,0.00000,0.00000,0.00000,0.00000,False,-0.01123,-0.00002
345,1.06100,0.81130,0.78743,0.74836,0.78170,0.79547,0.83248,0.79144,0.58945,0.42689,0.39836,1.31706,1.31437,363,5,54.06610,12.76750,10.00000,147.59674,0,0,0.89691,True,0.00000,0.00000,0.00000,0.00000,0.00000,False,0.04103,0.00008
346,1.12273,0.77377,0.75056,0.91216,0.72323,0.97997,0.89983,0.89537,-0.92019,-0.88923,-1.15825,1.45465,1.46078,366,0,49.74790,6.65820,265.00000,59.84900,0,5,0.42589,True,0.00000,0.00000,0.00000,0.00000,0.00000,False,0.00446,0.00001
347,0.84053,0.73404,0.71739,0.77951,0.71410,0.72307,0.70914,0.70628,0.17046,0.00802,-0.01446,1.35269,1.33880,366,5,53.59970,13.30390,69.00000,101.48152,0,0,0.55198,True,0.00000,0.00000,0.00000,0.00000,0.00000,False,0.00287,0.00001
348,1.12681,0.99079,0.89604,1.04531,0.89889,0.91267,0.89766,0.90808,-0.06161,0.09583,-0.10945,1.48680,1.41773,364,6,48.03110,12.53960,559.00000,176.17414,0,0,1.18731,True,0.00000,0.00000,0.00000,0.00000,0.00000,False,-0.01042,-0.00002
349,1.05960,0.84710,0.83989,0.80345,0.84156,0.85284,0.85358,0.84526,0.43627,0.41257,0.12616,1.32036,1.29184,360,0,51.33440,8.91320,295.00000,23.35186,4,20,0.31042,False,0.00000,0.00000,0.00000,0.00000,0.00000,False,0.00831,0.00002
350,1.13192,0.95461,0.91311,0.93958,0.91285,0.92028,0.95141,0.92297,0.50967,0.29052,0.35660,1.36957,1.36488,365,5,53.74440,14.06970,1.00000,112.02845,0,0,0.71680,True,0.00000,0.00000,0.00000,0.00000,0.00000,False,0.02844,0.00006
351,1.05957,0.83857,0.91170,0.74197,0.81560,0.81806,0.83740,0.82661,0.64487,0.64380,0.50377,1.24499,1.30634,366,1,52.94140,10.52890,50.00000,40.90607,1,12,0.34193,False,0.00000,0.00000,0.00000,0.00000,0.00000,False,0.01079,0.00002
352,1.12841,0.87279,0.84266,0.75963,0.81938,0.79572,0.76546,0.75554,0.07570,0.05931,0.12011,1.40984,1.49677,366,2,49.57410,10.19160,308.00000,32.82151,4,25,0.27465,False,0.00000,0.00000,0.00000,0.00000,0.00000,False,0.00992,0.00002
354,0.83857,0.74860,0.73988,0.94048,0.73694,0.72702,0.73531,0.75052,-0.11186,-0.07035,0.06047,1.23973,1.28259,366,4,52.16010,11.17590,162.00000,41.93754,1,14,0.55242,False,0.00000,0.00000,0.00000,0.00000,0.00000,False,-0.01521,-0.00003
355,1.32432,1.03312,1.55817,1.18963,1.24585,1.69786,1.72223,1.75973,1.98113,1.98296,0.45022,1.52595,1.54421,366,2,48.04530,8.46080,720.00000,144.25511,0,0,1.09591,True,0.00000,0.00000,0.00000,0.00000,0.00000,False,-0.03750,-0.00008
356,1.13062,0.91316,0.86514,0.91623,0.86956,0.89817,0.94511,0.90095,0.61075,0.51717,-0.60718,1.44246,1.43657,366,2,49.24450,8.53740,105.00000,61.70000,0,12,0.51019,False,0.00000,0.00000,0.00000,0.00000,0.00000,False,0.04416,0.00009
358,0.95252,0.78663,0.75667,0.77864,0.76114,0.75228,0.75286,0.75739,0.07967,0.08251,-0.27385,1.28123,1.32036,366,4,51.61940,9.57490,176.00000,53.98391,0,14,0.65402,False,0.00000,0.00000,0.00000,0.00000,0.00000,False,-0.00453,-0.00001
359,1.08740,0.98698,0.91149,1.06083,0.87702,0.87245,0.86670,0.86122,-0.24000,-0.23574,-0.07699,1.32459,1.29527,366,0,50.25960,8.36070,380.00000,72.77835,0,14,0.67689,False,0.00000,0.00000,0.00000,0.00000,0.00000,False,0.00548,0.00001
360,1.01101,0.83965,0.79667,0.98143,0.80511,0.84649,0.82046,0.81698,-0.30455,-0.30691,-0.32081,1.25384,1.30225,365,4,50.89630,10.54840,348.00000,100.14699,0,0,0.63592,False,0.00000,0.00000,0.00000,0.00000,0.00000,False,0.00348,0.00001
361,0.92363,0.76382,0.74019,0.77374,0.74498,0.73388,0.72903,0.72987,0.07276,0.11492,-0.17744,1.31133,1.33660,366,4,51.50400,9.11180,236.00000,23.35186,3,21,0.41517,False,0.00000,0.00000,0.00000,0.00000,0.00000,False,-0.00084,-0.00000
362,0.74513,0.66000,0.65572,0.71479,0.65072,0.65390,0.64768,0.65083,0.19740,0.03325,-0.12781,1.28423,1.26831,366,5,53.51960,12.66540,73.00000,113.53207,0,0,0.65125,True,0.00000,0.00000,0.00000,0.00000,0.00000,False,-0.00315,-0.00001
363,1.50487,0.97907,0.69690,0.86824,0.72433,0.72652,0.70524,0.71376,-0.05705,0.15941,1.33815,1.22329,1.26800,366,4,50.49730,9.94280,921.00000,50.80197,0,19,0.84627,False,0.00000,0.00000,0.00000,0.00000,0.00000,False,-0.00852,-0.00002
364,1.00726,0.84695,0.85029,1.03176,0.81377,0.84317,0.78384,0.79527,-0.33104,-0.34343,-0.58361,1.38658,1.39555,365,6,49.66630,12.18450,440.00000,42.91219,2,13,0.56232,False,0.00000,0.00000,0.00000,0.00000,0.00000,False,-0.01142,-0.00002
366,1.28011,1.15976,0.82655,0.92353,0.83389,0.85121,0.79282,0.76357,0.30273,0.27917,0.33248,1.17881,1.21724,365,2,49.37580,8.12130,553.00000,34.67444,2,24,0.65845,False,0.00000,0.00000,0.00000,0.00000,0.00000,False,0.02925,0.00006
367,0.99875,0.94057,0.88160,1.02520,0.87407,0.96844,0.95268,0.97436,-0.65536,-0.64537,-0.64906,1.48904,1.47026,366,0,49.55340,6.81200,380.00000,35.90420,3,7,0.36141,True,0.00000,0.00000,0.00000,0.00000,0.00000,False,-0.02168,-0.00004
368,0.96777,0.79203,0.75501,0.83722,0.74755,0.74757,0.73425,0.73143,0.02912,-0.04960,-0.21287,1.54102,1.54786,366,6,49.01160,10.93080,439.00000,44.39932,1,18,0.38299,False,0.00000,0.00000,0.00000,0.00000,0.00000,False,0.00281,0.00001
370,1.08841,0.75040,0.69443,0.76490,0.69783,0.73735,0.73035,0.74756,-0.40581,-0.45103,-0.75341,1.33629,1.41809,366,0,51.57630,7.88790,85.00000,67.51170,0,6,0.92834,False,0.00000,0.00000,0.00000,0.00000,0.00000,False,-0.01721,-0.00003
371,1.35812,1.15894,1.11542,1.40627,1.07588,1.13134,1.17856,1.10234,-0.91643,-0.70112,-0.78051,1.19042,1.18293,364,4,51.84540,10.76860,233.00000,85.60260,0,4,0.84807,False,0.00000,0.00000,0.00000,0.00000,0.00000,False,0.07622,0.00015
372,0.68655,0.64974,0.68998,0.70829,0.67567,0.68817,0.69493,0.67559,0.29997,0.07627,0.14667,1.18809,1.15547,366,5,54.52840,11.06050,3.00000,50.88786,0,10,0.42137,True,0.00000,0.00000,0.00000,0.00000,0.00000,False,0.01934,0.00004
373,1.28970,0.93992,0.90611,0.92251,0.92301,0.89395,0.90111,0.92611,0.24342,0.41026,-0.72204,1.52379,1.47452,366,6,47.88270,11.15760,550.00000,76.72986,0,4,0.62251,True,0.00000,0.00000,0.00000,0.00000,0.00000,False,-0.02500,-0.00005
374,0.98573,0.91016,0.85281,0.90061,0.85104,0.84028,0.84308,0.84518,0.03156,0.09631,-0.01164,1.30801,1.29384,366,0,50.13200,8.31700,263.00000,58.69347,0,16,0.46431,False,0.00000,0.00000,0.00000,0.00000,0.00000,False,-0.00210,-0.00000
375,0.92883,0.74598,0.70669,0.74594,0.70064,0.67986,0.70730,0.69041,-0.08995,0.04579,0.66852,1.33590,1.27301,366,3,52.12070,12.45850,187.00000,59.43267,0,12,0.87808,False,0.00000,0.00000,0.00000,0.00000,0.00000,False,0.01688,0.00003
376,0.99869,0.79014,1.13047,0.79659,0.92085,1.14510,1.22454,1.22296,1.47514,1.43550,0.58106,1.44530,1.45142,362,2,48.65160,8.68010,570.00000,124.90240,0,0,0.99663,False,0.00000,0.00000,0.00000,0.00000,0.00000,False,0.00157,0.00000
377,0.86259,0.82231,0.75553,0.84491,0.76317,0.75568,0.76442,0.75664,-0.08882,-0.04611,0.19762,1.34714,1.29976,366,3,51.88920,12.64450,105.00000,63.51111,0,7,0.50718,False,0.00000,0.00000,0.00000,0.00000,0.00000,False,0.00778,0.00002
378,0.80005,0.77972,0.93930,0.77026,0.74947,0.81150,0.71659,0.74319,0.36681,0.47087,0.41328,1.21090,1.23844,365,1,53.55040,7.66720,8.00000,157.46469,0,0,0.90262,True,0.00000,0.00000,0.00000,0.00000,0.00000,False,-0.02660,-0.00005
379,1.36560,0.98222,0.95516,0.85864,0.95174,0.98152,1.05327,0.98587,1.05873,0.91975,0.99117,1.29753,1.30545,363,5,53.18640,12.49490,66.00000,88.13033,0,7,0.50027,False,0.00000,0.00000,0.00000,0.00000,0.00000,False,0.06740,0.00013
380,1.63808,1.00046,0.95550,0.97619,0.93896,0.93223,0.87770,0.92847,-0.07522,0.09962,-1.13159,1.42556,1.42821,366,2,48.29530,8.23910,291.00000,152.50222,0,0,1.09991,True,0.00000,0.00000,0.00000,0.00000,0.00000,False,-0.05077,-0.00010
381,1.18300,0.93671,0.88377,0.86582,0.88562,0.94857,0.97091,0.97312,0.74559,0.73393,-0.48656,1.39043,1.40475,366,2,49.60510,8.36590,88.00000,22.51818,6,27,0.25184,False,0.00000,0.00000,0.00000,0.00000,0.00000,False,-0.00221,-0.00000
382,0.97163,0.78070,0.74490,1.00505,0.74307,0.81191,0.84904,0.85839,-0.74241,-0.79358,-0.75046,1.36554,1.44988,366,2,49.77030,9.95770,268.00000,22.39822,5,30,0.27487,False,0.00000,0.00000,0.00000,0.00000,0.00000,False,-0.00935,-0.00002
383,0.82438,0.77001,0.74942,0.87834,0.75940,0.75162,0.76046,0.74841,0.07394,0.03712,-0.16494,1.20617,1.26918,357,1,52.46050,9.43110,57.00000,42.13964,2,14,0.50265,False,0.00000,0.00000,0.00000,0.00000,0.00000,False,0.01205,0.00002
384,0.98291,0.83076,0.75341,0.77444,0.79461,0.79009,0.74062,0.73773,-0.02504,-0.05681,-0.06693,1.29058,1.35661,366,0,51.22480,7.10530,130.00000,119.87399,0,0,0.88471,False,0.00000,0.00000,0.00000,0.00000,0.00000,False,0.00289,0.00001
386,1.28651,1.16936,1.03270,0.84610,1.02045,1.00839,0.98882,1.11355,0.94262,1.14640,-0.13437,1.39005,1.38188,366,2,47.67830,8.38010,398.00000,145.67434,0,0,1.45917,True,0.00000,0.00000,0.00000,0.00000,0.00000,False,-0.12473,-0.00025
387,1.15968,0.90522,0.85423,0.80018,0.85931,0.89393,0.95752,0.89659,0.94636,0.77182,0.79284,1.37669,1.38880,366,5,52.96640,13.32680,51.00000,39.12510,5,14,0.22425,False,0.00000,0.00000,0.00000,0.00000,0.00000,False,0.06093,0.00012
388,0.89006,0.83611,0.90844,1.15427,0.88504,0.85399,0.87477,0.93956,-0.16171,-0.26309,-0.34311,1.31875,1.40921,358,4,51.03140,12.14950,170.00000,14.75431,4,16,0.14113,False,0.00000,0.00000,0.00000,0.00000,0.00000,False,-0.06479,-0.00013
389,1.82202,0.89607,0.67707,0.74197,0.69844,0.74019,0.74060,0.69670,-0.55370,-0.36868,1.99695,1.31357,1.29939,366,3,50.73140,13.75160,877.00000,105.35264,0,0,1.60110,False,0.00000,0.00000,0.00000,0.00000,0.00000,False,0.04391,0.00009
390,5.34377,2.20693,1.80797,1.72161,1.56705,1.30947,1.19346,1.15396,-0.02675,-0.23562,5.30670,1.85323,1.76653,366,6,47.42090,10.98470,2964.00000,82.65366,0,3,9.27798,True,1474.00000,442.47791,741.56525,0.13810,0.00000,True,0.03950,0.00008
391,1.17645,0.83629,0.82685,0.90341,0.81342,0.80281,0.81336,0.81756,-0.25851,-0.27276,-0.83298,1.39366,1.40724,366,3,50.68780,12.43290,353.00000,18.79228,8,28,0.45484,False,0.00000,0.00000,0.00000,0.00000,0.00000,False,-0.00420,-0.00001
392,1.49975,1.15663,1.15285,1.07892,1.13384,1.10749,1.17445,1.14234,0.64183,0.42489,-0.23914,1.63072,1.61326,358,6,49.02800,13.23850,615.00000,144.12396,0,0,0.82061,True,0.00000,0.00000,0.00000,0.00000,0.00000,False,0.03211,0.00006
393,0.86262,0.77962,0.84803,0.71277,0.74208,0.73984,0.75083,0.73355,0.43175,0.39544,0.34579,1.20284,1.25238,366,1,52.86300,8.69880,40.00000,99.25197,0,1,0.69749,False,0.00000,0.00000,0.00000,0.00000,0.00000,False,0.01728,0.00003
394,0.92993,0.74140,0.68883,0.70122,0.69481,0.69747,0.70260,0.68763,0.26851,0.12294,0.24913,1.30949,1.33990,366,5,52.61980,12.78670,40.00000,32.42022,8,20,0.24553,False,0.00000,0.00000,0.00000,0.00000,0.00000,False,0.01497,0.00003
395,0.88521,0.80440,0.98001,0.82709,0.80420,0.85959,0.76371,0.78353,0.24990,0.34980,0.20378,1.20189,1.23464,366,1,53.38810,7.22870,0.00000,142.91976,0,0,0.82317,True,0.00000,0.00000,0.00000,0.00000,0.00000,False,-0.01981,-0.00004
396,0.78035,0.77101,0.78781,0.96106,0.74837,0.86699,0.74536,0.75893,0.02233,-0.01407,-0.08908,1.52421,1.47973,365,6,48.54510,13.35310,476.00000,193.16224,0,0,1.23555,True,0.00000,0.00000,0.00000,0.00000,0.00000,False,-0.01357,-0.00003
397,0.82964,0.89082,0.79370,0.98110,0.77475,0.82383,0.76625,0.79417,-0.39612,-0.45165,-0.16768,1.38079,1.35212,366,0,49.94620,7.26450,497.00000,67.05344,0,8,0.67882,False,0.00000,0.00000,0.00000,0.00000,0.00000,False,-0.02792,-0.00006
398,1.19980,0.92755,0.88430,0.92978,0.88820,0.90582,0.91614,0.92473,0.39529,0.38830,-0.73893,1.41327,1.43061,366,2,49.50900,8.55410,96.00000,39.79316,2,22,0.28787,False,0.00000,0.00000,0.00000,0.00000,0.00000,False,-0.00859,-0.00002
399,0.87335,0.76847,0.74008,0.71478,0.71204,0.71792,0.70592,0.71022,-0.05581,-0.09584,-0.02745,1.22667,1.22941,366,1,54.64100,10.02380,1.00000,55.12513,0,5,0.36776,True,0.00000,0.00000,0.00000,0.00000,0.00000,False,-0.00430,-0.00001
400,0.78514,0.69405,0.70063,0.70437,0.65435,0.65722,0.65956,0.66716,0.22872,0.23311,0.14448,1.24493,1.29462,366,1,53.21390,10.47040,62.00000,52.00731,0,10,0.42918,False,0.00000,0.00000,0.00000,0.00000,0.00000,False,-0.00760,-0.00002
401,0.90096,0.81628,0.83178,0.70954,0.72762,0.76783,0.72311,0.72320,0.26798,0.27195,0.19186,1.24564,1.27481,365,1,54.31940,9.80510,14.00000,56.30130,0,7,0.40883,True,0.00000,0.00000,0.00000,0.00000,0.00000,False,-0.00009,-0.00000
402,0.94319,0.80487,0.79237,0.82225,0.80200,0.80591,0.84391,0.80820,0.51049,0.32731,0.37227,1.38874,1.38217,365,5,53.38370,14.37280,50.00000,79.25288,0,3,0.47282,True,0.00000,0.00000,0.00000,0.00000,0.00000,False,0.03570,0.00007
403,1.93863,1.57257,1.59278,1.43783,1.71368,1.84315,1.66917,1.68391,1.70155,1.67656,1.45599,1.36248,1.31143,366,3,51.05930,14.42660,290.00000,159.21329,0,0,1.28941,True,0.00000,0.00000,0.00000,0.00000,0.05380,True,-0.01474,-0.00003
404,1.10521,0.90631,0.88202,0.76857,0.85212,0.82947,0.85452,0.81669,0.63486,0.55689,0.52814,1.51115,1.52934,364,6,49.22470,10.60840,455.00000,18.91822,5,23,0.20303,False,0.00000,0.00000,0.00000,0.00000,0.00000,False,0.03784,0.00008
405,0.93767,0.78498,0.79983,0.71604,0.72649,0.74138,0.72321,0.71489,0.21875,0.21925,0.20452,1.21818,1.24410,364,1,54.16540,10.35190,27.00000,27.00161,3,9,0.20045,True,0.00000,0.00000,0.00000,0.00000,0.00000,False,0.00832,0.00002
406,1.61984,1.29002,1.37231,1.23080,1.35027,1.43311,1.26983,1.23663,1.24518,1.13438,1.31908,1.36156,1.35157,366,3,52.01920,14.72540,40.00000,123.05674,0,0,0.67361,True,0.00000,0.00000,0.00000,0.00000,0.35260,True,0.03320,0.00007
408,1.42967,1.10553,1.10697,0.99936,1.12125,1.07057,1.08145,1.05774,0.49374,0.47690,0.28445,1.37279,1.36955,366,0,50.19890,7.86510,268.00000,75.14014,0,5,0.39614,False,0.00000,0.00000,0.00000,0.00000,0.00000,False,0.02372,0.00005
409,0.86824,0.74782,0.71526,0.77229,0.71419,0.71905,0.72173,0.72231,0.10374,0.10656,0.09118,1.19718,1.17560,365,4,51.86640,9.27090,258.00000,31.02835,3,20,0.61570,False,0.00000,0.00000,0.00000,0.00000,0.00000,False,-0.00058,-0.00000
410,1.48595,1.08976,1.05694,0.95336,1.06314,1.08023,1.16423,1.10048,1.24679,1.07181,1.24295,1.27931,1.23836,365,5,54.24840,13.04180,16.00000,171.96243,0,0,0.96168,True,0.00000,0.00000,0.00000,0.00000,0.00000,False,0.06375,0.00013
411,1.28105,0.90581,0.91121,0.88495,0.91725,0.93196,0.92104,0.97016,0.44983,0.58940,-0.77356,1.40289,1.39813,357,2,49.24060,6.93510,190.00000,18.20851,3,17,0.49231,False,0.00000,0.00000,0.00000,0.00000,0.00000,False,-0.04913,-0.00010
412,1.76631,0.77943,0.88110,1.22964,0.90350,0.84466,0.84727,0.78985,-0.51254,-0.41850,-2.00162,1.38285,1.39539,366,2,47.68450,9.44090,459.00000,67.02912,0,6,1.77891,True,0.00000,0.00000,0.00000,0.00000,0.00000,False,0.05742,0.00012
413,1.01800,0.95975,0.77812,1.03061,0.80302,0.81455,0.75190,0.72418,0.28187,0.23805,-0.19446,1.28764,1.30185,366,2,49.02100,9.60320,523.00000,69.50610,0,8,0.72506,False,0.00000,0.00000,0.00000,0.00000,0.00000,False,0.02773,0.00006
414,0.88477,0.72718,0.71704,0.80373,0.71723,0.71715,0.74113,0.74863,0.25600,0.25592,-0.08283,1.30009,1.32930,366,2,49.33280,9.70400,385.00000,66.69798,0,14,0.47381,False,0.00000,0.00000,0.00000,0.00000,0.00000,False,-0.00750,-0.00002
415,1.47798,1.07443,1.06609,1.07934,1.02722,1.05033,1.03699,1.03060,-0.37833,-0.39679,-0.74147,1.43987,1.49261,366,2,48.76950,9.87370,413.00000,46.77828,1,10,0.31952,False,0.00000,0.00000,0.00000,0.00000,0.00000,False,0.00639,0.00001
416,1.37041,0.92225,0.91617,0.83596,0.85717,0.85030,0.82617,0.86938,0.15540,0.40243,-0.88424,1.60250,1.57559,366,2,47.77380,8.82190,445.00000,113.25070,0,0,1.08779,True,0.00000,0.00000,0.00000,0.00000,0.00000,False,-0.04321,-0.00009
417,0.67786,0.68780,0.66991,0.80149,0.65470,0.64177,0.64954,0.65987,0.04152,0.00670,-0.08198,1.25399,1.18324,361,0,51.41400,8.65000,457.00000,33.52333,1,17,0.54799,False,0.00000,0.00000,0.00000,0.00000,0.00000,False,-0.01033,-0.00002
418,1.12452,0.89721,0.88399,0.86074,0.89036,0.86656,0.86030,0.85732,0.14810,0.16920,0.43501,1.30113,1.29840,364,3,52.36130,12.38670,36.00000,39.49239,2,16,0.25237,False,0.00000,0.00000,0.00000,0.00000,0.00000,False,0.00298,0.00001
419,0.91454,0.77069,0.72948,0.89757,0.74262,0.74630,0.74280,0.75094,-0.17427,-0.20284,-0.28678,1.27529,1.33706,365,4,52.03040,10.96260,112.00000,61.15966,0,9,0.52716,False,0.00000,0.00000,0.00000,0.00000,0.00000,False,-0.00814,-0.00002
420,1.02596,0.82881,0.79181,0.86595,0.79127,0.79939,0.79123,0.78667,-0.00653,-0.00700,-0.30129,1.26553,1.32100,366,4,50.84260,10.25180,283.00000,79.00583,0,6,0.53941,False,0.00000,0.00000,0.00000,0.00000,0.00000,False,0.00456,0.00001
421,1.12573,0.90392,0.86181,0.78534,0.85385,0.86587,0.88171,0.85290,0.67651,0.61665,0.76577,1.30258,1.36227,366,5,52.50750,11.85510,36.00000,24.60305,4,20,0.16463,False,0.00000,0.00000,0.00000,0.00000,0.00000,False,0.02880,0.00006
422,1.47598,1.14471,1.10508,0.93513,1.00229,0.97487,0.96106,0.98538,0.45558,0.53752,-0.38415,1.61577,1.66549,366,2,48.67050,9.46270,325.00000,78.33345,0,5,0.92924,False,0.00000,0.00000,0.00000,0.00000,0.00000,False,-0.02432,-0.00005
423,1.24623,0.99572,0.94676,0.96294,0.94861,0.96248,0.95721,0.92771,0.25139,0.13516,-0.50860,1.28946,1.37164,362,4,51.20610,10.49780,193.00000,104.59974,0,0,0.72042,False,0.00000,0.00000,0.00000,0.00000,0.00000,False,0.02950,0.00006
424,1.52970,1.18207,1.14332,1.07619,1.14029,1.15991,1.25378,1.17214,1.16762,0.93391,1.22517,1.30508,1.28073,366,5,54.10490,13.82390,1.00000,151.09669,0,0,0.86655,True,0.00000,0.00000,0.00000,0.00000,0.00000,False,0.08164,0.00016
425,1.39672,1.13131,1.10774,0.91286,1.07941,1.08738,1.13869,1.07396,1.07035,0.97121,0.80629,1.47297,1.48337,366,6,49.53140,10.64180,362.00000,32.82151,6,27,0.23601,False,0.00000,0.00000,0.00000,0.00000,0.00000,False,0.06472,0.00013
426,0.85447,0.82870,0.79407,0.90504,0.72199,0.71765,0.73163,0.70692,-0.38896,-0.36088,-0.53559,1.34111,1.27257,366,3,51.05070,13.30030,308.00000,80.48632,0,5,0.68429,False,0.00000,0.00000,0.00000,0.00000,0.00000,False,0.02471,0.00005
427,1.21326,1.01730,0.98652,0.80991,0.97439,0.93840,0.94232,0.92823,0.69555,0.66687,0.44631,1.36831,1.36993,366,4,50.01320,9.65400,285.00000,16.45171,7,36,0.35173,False,0.00000,0.00000,0.00000,0.00000,0.00000,False,0.01409,0.00003
428,1.00393,0.80944,0.77144,0.81341,0.78115,0.79021,0.77871,0.78453,0.04398,0.11214,-0.31809,1.29892,1.29598,366,0,51.76630,7.51930,59.00000,58.79339,0,7,0.30274,False,0.00000,0.00000,0.00000,0.00000,0.00000,False,-0.00582,-0.00001
429,1.18003,0.94667,0.91083,0.82176,0.87634,0.82802,0.84662,0.81767,0.33319,0.25637,-0.22370,1.41813,1.45169,366,0,50.39400,8.14230,168.00000,89.16579,0,2,0.54340,False,0.00000,0.00000,0.00000,0.00000,0.00000,False,0.02895,0.00006
430,0.92783,0.86104,0.73762,0.77132,0.80760,0.79461,0.81201,0.85399,0.55800,0.70459,0.03268,1.48644,1.43839,366,6,48.20700,11.20350,530.00000,76.34994,0,7,0.62935,True,0.00000,0.00000,0.00000,0.00000,0.00000,False,-0.04199,-0.00008
431,0.88087,0.78900,0.80578,1.12203,0.77446,0.80946,0.84569,0.88247,-0.51398,-0.59252,-0.46049,1.32505,1.37041,366,4,50.05790,10.29720,304.00000,36.76354,2,24,0.23920,False,0.00000,0.00000,0.00000,0.00000,0.00000,False,-0.03678,-0.00007
432,1.17605,0.96016,0.90152,0.85530,0.88973,0.85640,0.93303,0.92487,0.67683,0.61077,0.35529,1.56575,1.54475,365,6,48.70200,11.84930,425.00000,116.64369,0,0,0.83553,True,0.00000,0.00000,0.00000,0.00000,0.00000,False,0.00817,0.00002
433,1.06691,0.83062,0.78419,1.04811,0.78551,0.81869,0.81375,0.83175,-0.63606,-0.64966,-0.82939,1.27418,1.32186,366,4,52.01110,10.39660,187.00000,69.65012,0,8,0.70970,False,0.00000,0.00000,0.00000,0.00000,0.00000,False,-0.01800,-0.00004
434,1.56568,1.24728,1.24213,1.52502,1.05037,1.26274,1.04952,1.09566,-1.13746,-1.20761,-1.42571,1.46919,1.36013,366,6,47.83500,12.65480,721.00000,188.26429,0,0,1.36301,True,0.00000,0.00000,0.00000,0.00000,0.00000,False,-0.04614,-0.00009
435,1.27780,1.01971,1.05547,0.94640,1.00045,1.02288,1.03467,0.96606,0.67047,0.52105,0.32384,1.23526,1.31936,363,1,52.07140,8.45650,105.00000,37.24773,4,19,0.32144,False,0.00000,0.00000,0.00000,0.00000,0.00000,False,0.06861,0.00014
436,1.21576,0.96198,0.88813,0.80297,0.89569,0.86749,0.85579,0.85938,0.39735,0.39599,-0.23150,1.39888,1.45007,366,2,49.76360,9.40630,193.00000,27.23875,5,29,0.30492,False,0.00000,0.00000,0.00000,0.00000,0.00000,False,-0.00358,-0.00001
437,0.95808,0.78611,0.86406,0.70388,0.71701,0.82332,0.70553,0.72470,0.31351,0.39590,0.36923,1.25158,1.23106,365,1,54.52680,9.04250,5.00000,107.98291,0,0,0.77538,True,0.00000,0.00000,0.00000,0.00000,0.00000,False,-0.01917,-0.00004
438,0.91320,0.79618,0.75792,0.90614,0.76197,0.75961,0.75277,0.76508,-0.09046,-0.09914,-0.29845,1.49820,1.51788,362,6,48.73510,10.74150,434.00000,37.49295,2,17,0.27817,False,0.00000,0.00000,0.00000,0.00000,0.00000,False,-0.01232,-0.00002
439,1.12052,1.08904,0.99798,0.95610,0.99975,1.02760,0.99363,0.95741,0.65805,0.53521,0.27366,1.28835,1.38020,366,4,51.15070,11.33210,160.00000,70.56789,0,6,0.54649,False,0.00000,0.00000,0.00000,0.00000,0.00000,False,0.03622,0.00007
440,0.92053,0.77982,0.74268,0.81046,0.73834,0.74067,0.72985,0.72961,0.00552,-0.03214,-0.51546,1.34401,1.39877,366,4,50.54670,12.28630,465.00000,18.79228,6,15,0.38874,False,0.00000,0.00000,0.00000,0.00000,0.00000,False,0.00024,0.00000
441,1.72714,1.44201,1.32265,1.16302,1.33951,1.24310,1.26201,1.19538,0.84375,0.79000,0.63079,1.32548,1.37460,366,0,51.46340,7.97800,159.00000,75.19809,0,8,0.68980,False,0.00000,0.00000,0.00000,0.00000,0.00000,False,0.06663,0.00013
442,1.21231,1.03476,1.09119,0.87348,1.05134,0.99604,0.93774,0.93005,0.59505,0.59073,0.43685,1.39457,1.45222,366,2,48.60990,10.26740,468.00000,22.32938,5,22,0.21250,False,0.00000,0.00000,0.00000,0.00000,0.00000,False,0.00768,0.00002
443,1.12825,0.86471,0.80484,0.83709,0.81541,0.80907,0.81117,0.80265,0.11568,0.06430,-0.48319,1.39056,1.41207,366,0,50.09000,8.78620,119.00000,47.10392,3,25,0.33410,False,0.00000,0.00000,0.00000,0.00000,0.00000,False,0.00852,0.00002
444,2.01780,1.29673,1.39083,1.22936,1.46448,1.37688,1.34510,1.34364,0.84839,0.86790,1.92766,1.31764,1.31066,366,3,50.61990,13.48160,688.00000,84.78346,0,5,1.19906,False,0.00000,0.00000,0.00000,0.00000,0.00000,False,0.00146,0.00000
445,0.83904,0.78151,0.69180,0.77917,0.70608,0.70621,0.68820,0.68931,0.15779,0.01021,-0.29331,1.60237,1.59563,366,6,49.10880,12.82310,588.00000,119.46125,0,0,0.70179,True,0.00000,0.00000,0.00000,0.00000,0.00000,False,-0.00111,-0.00000
446,1.05690,0.80613,0.78604,0.75462,0.79980,0.82090,0.85714,0.81768,0.65964,0.49667,0.67462,1.34205,1.33564,366,5,53.31750,13.41750,115.00000,69.60823,0,7,0.45586,True,0.00000,0.00000,0.00000,0.00000,0.00000,False,0.03946,0.00008
447,1.10798,0.89644,0.85415,0.83510,0.86605,0.85325,0.82855,0.84664,0.33034,0.39974,0.36574,1.32070,1.31887,365,3,51.68200,12.30420,74.00000,30.80054,2,19,0.22965,False,0.00000,0.00000,0.00000,0.00000,0.00000,False,-0.01809,-0.00004
448,1.23801,0.98679,0.94163,0.87201,0.94527,0.91962,0.99562,0.98401,0.71232,0.69156,0.39594,1.45075,1.43568,366,6,49.39090,12.68380,499.00000,87.60645,0,3,0.70019,True,0.00000,0.00000,0.00000,0.00000,0.00000,False,0.01161,0.00002
449,0.89145,0.72169,0.89569,0.74222,0.69539,0.76225,0.68150,0.69373,0.10715,0.23334,0.59995,1.20896,1.18436,366,1,53.59840,6.70240,3.00000,169.44181,0,0,0.94062,True,0.00000,2.87020,0.00000,0.00000,0.00000,True,-0.01223,-0.00002
450,0.90956,0.80803,0.79235,0.77328,0.78360,0.77205,0.78810,0.79231,0.29030,0.31928,-0.02209,1.31274,1.31879,366,0,52.08140,6.94100,46.00000,38.13384,1,7,0.26739,False,0.00000,0.00000,0.00000,0.00000,0.00000,False,-0.00421,-0.00001
451,1.01039,0.78815,0.76674,0.74091,0.77834,0.76181,0.74828,0.75091,0.26248,0.27877,0.56479,1.32726,1.28648,366,3,52.74610,13.84270,82.00000,33.26271,2,9,0.24490,False,0.00000,0.00000,0.00000,0.00000,0.00000,False,-0.00263,-0.00001
452,0.73658,0.76540,0.69485,0.86692,0.71466,0.70108,0.67799,0.66746,-0.07249,-0.04677,-0.14072,1.28406,1.29841,365,4,50.03150,11.97450,622.00000,25.09112,3,17,0.36840,False,0.00000,0.00000,0.00000,0.00000,0.00000,False,0.01054,0.00002
453,1.27962,1.01962,0.99485,0.82007,1.01175,1.03605,1.03643,1.03578,1.01204,1.02662,0.87222,1.35112,1.32652,366,0,50.00830,9.42390,340.00000,16.45171,8,37,0.25187,False,0.00000,0.00000,0.00000,0.00000,0.00000,False,0.00066,0.00000
454,0.92293,0.81795,0.78092,0.78119,0.77170,0.77748,0.77976,0.75559,0.44475,0.31314,0.02327,1.29524,1.36874,365,4,50.66100,12.07570,390.00000,25.34671,4,14,0.41047,False,0.00000,0.00000,0.00000,0.00000,0.00000,False,0.02418,0.00005
455,1.98088,1.12348,1.10452,1.20408,1.03346,1.07747,1.00823,1.03940,-0.36328,-0.00668,-2.05691,1.56814,1.45427,366,6,47.77240,12.90730,458.00000,207.80644,0,0,1.55005,True,0.00000,0.00000,0.00000,0.00000,0.00000,False,-0.03118,-0.00006
456,0.41586,0.85322,0.81095,0.88777,0.88102,0.83058,0.96540,0.90344,-0.92041,-0.77412,-0.00009,1.24140,1.19513,323,1,54.16510,6.34600,0.00000,235.07140,0,0,1.28894,True,0.00000,1.63535,0.00000,0.00000,0.00000,True,0.06196,0.00011
457,1.41380,1.01667,0.93060,0.94228,0.90531,0.90002,0.93648,0.91304,-0.31762,-0.25179,-1.05152,1.37575,1.39664,366,3,51.02400,13.77370,119.00000,113.58983,0,0,0.97185,False,0.00000,0.00000,0.00000,0.00000,0.00000,False,0.02344,0.00005
458,1.03474,0.82276,0.79433,0.76914,0.79156,0.79231,0.78045,0.78601,0.28983,0.41080,0.46228,1.28240,1.29477,365,4,51.38950,11.54120,204.00000,48.69776,1,8,0.47292,False,0.00000,0.00000,0.00000,0.00000,0.00000,False,-0.00556,-0.00001
459,0.84523,0.73266,0.78421,0.69282,0.70775,0.71269,0.69747,0.69494,0.19508,0.21833,0.14632,1.24316,1.28433,366,1,53.92240,10.22670,35.00000,33.70645,2,9,0.26596,False,0.00000,0.00000,0.00000,0.00000,0.00000,False,0.00253,0.00001
460,1.50647,1.08577,1.05096,1.00512,1.85289,2.98926,2.26057,2.61552,2.90203,3.13249,-1.34631,1.67580,1.29127,366,6,47.67540,12.46980,685.00000,177.34078,0,0,3.13787,True,0.00000,412.10718,186.10718,0.00000,0.00000,True,-0.35495,-0.00071
461,0.91052,0.80531,0.93170,0.78423,0.79204,0.80050,0.77683,0.76001,0.48879,0.46764,0.44831,1.20555,1.25706,366,1,52.93350,8.23700,44.00000,96.07174,0,1,0.62546,False,0.00000,0.00000,0.00000,0.00000,0.00000,False,0.01682,0.00003
462,1.10823,0.95533,0.84746,0.80444,0.88200,0.80755,0.84628,0.87403,0.52012,0.63508,0.15425,1.54923,1.52386,364,6,48.61590,13.05060,340.00000,175.40069,0,0,1.04784,True,0.00000,0.00000,0.00000,0.00000,0.00000,False,-0.02775,-0.00006
463,1.57761,0.92994,2.04681,1.51468,1.67944,2.56836,2.73115,2.92851,3.22926,3.46673,1.36597,1.43292,1.56116,366,2,47.85970,8.23080,852.00000,157.90259,0,0,1.45718,True,0.00000,0.00000,0.00000,0.00000,0.00000,False,-0.19736,-0.00040
464,0.91081,0.80123,0.83409,0.74281,0.76488,0.76136,0.78840,0.77376,0.49023,0.45901,0.13972,1.20322,1.26653,366,1,52.67110,9.22290,25.00000,66.71727,0,6,0.67694,False,0.00000,0.00000,0.00000,0.00000,0.00000,False,0.01464,0.00003
465,0.78837,0.76489,0.78518,0.99700,0.75588,0.74161,0.75576,0.79189,-0.10989,-0.17382,-0.05826,1.25798,1.34345,366,4,51.10440,11.71120,246.00000,46.31196,1,12,0.41240,False,0.00000,0.00000,0.00000,0.00000,0.00000,False,-0.03613,-0.00007
466,1.28180,0.98795,1.16885,1.00796,1.11758,1.16824,1.14239,1.12008,0.92750,0.78075,-0.40912,1.38833,1.38702,366,2,47.79550,10.03240,672.00000,23.98781,5,19,0.34923,False,0.00000,0.00000,0.00000,0.00000,0.00000,False,0.02231,0.00004
467,1.27771,1.00209,1.00450,0.81646,0.90781,0.89189,0.92231,0.88660,0.57908,0.51827,0.30874,1.36706,1.40113,366,4,50.41670,10.81560,397.00000,86.37947,0,5,0.54448,False,0.00000,0.00000,0.00000,0.00000,0.00000,False,0.03571,0.00007
468,1.12225,0.92812,0.93613,0.84935,0.88050,0.88238,0.90653,0.89906,0.68113,0.67457,0.57074,1.19783,1.25459,366,1,52.64230,10.66270,72.00000,27.42391,4,22,0.15945,False,0.00000,0.00000,0.00000,0.00000,0.00000,False,0.00746,0.00001
469,1.02516,0.82995,0.85075,0.70729,0.81629,0.77617,0.73417,0.73014,0.26857,0.30478,0.21661,1.43222,1.49254,366,2,49.18040,9.98000,426.00000,45.92023,1,15,0.31545,False,0.00000,0.00000,0.00000,0.00000,0.00000,False,0.00403,0.00001
470,0.87137,0.84216,0.87199,1.19645,0.79987,0.83345,0.85368,0.83619,-0.56505,-0.48323,-0.30287,1.25136,1.27797,354,4,51.01760,11.35440,325.00000,69.25254,0,6,0.73072,False,0.00000,0.00000,0.00000,0.00000,0.00000,False,0.01749,0.00003
471,1.02294,0.81135,0.77136,0.89327,0.75420,0.87019,0.75549,0.73815,-0.44173,-0.32592,-0.80464,1.31300,1.32462,366,0,51.50880,6.70180,25.00000,98.63066,0,1,0.54063,False,0.00000,0.00000,0.00000,0.00000,0.00000,False,0.01734,0.00003
472,0.90656,0.83699,0.90563,0.78977,0.80842,0.82099,0.79391,0.78417,0.32172,0.30141,0.05847,1.20910,1.28437,366,1,52.71980,7.74720,22.00000,65.18275,0,3,0.38594,True,0.00000,0.00000,0.00000,0.00000,0.00000,False,0.00974,0.00002
473,0.96705,0.81808,0.79576,0.74946,0.79012,0.78370,0.82423,0.83341,0.49457,0.53287,0.47556,1.25879,1.28079,366,4,50.20460,12.14350,609.00000,41.41586,3,17,0.39991,False,0.00000,0.00000,0.00000,0.00000,0.00000,False,-0.00918,-0.00002
475,0.91086,0.94269,0.89656,1.09385,0.87715,0.90376,0.92403,0.89982,-0.88559,-0.85656,-0.59509,1.35121,1.32548,366,3,52.54470,13.55980,60.00000,49.44303,1,8,0.26125,False,0.00000,0.00000,0.00000,0.00000,0.00000,False,0.02421,0.00005
476,0.92298,0.73821,0.73665,0.75525,0.73267,0.73081,0.73601,0.74246,0.27018,0.27762,-0.32175,1.42242,1.45747,366,2,49.29420,8.90540,237.00000,67.26771,0,12,0.45172,False,0.00000,0.00000,0.00000,0.00000,0.00000,False,-0.00645,-0.00001
477,0.81445,0.71902,0.75950,0.67262,0.66926,0.67897,0.66805,0.67327,0.19044,0.23091,0.05944,1.26695,1.31021,366,1,54.01880,9.92550,17.00000,56.07022,0,6,0.38494,True,0.00000,0.00000,0.00000,0.00000,0.00000,False,-0.00523,-0.00001
478,1.04504,0.87685,0.86409,1.05190,0.80906,0.89071,0.86625,0.85553,-0.80126,-0.73739,-0.83456,1.48214,1.42792,361,6,47.83420,10.86670,756.00000,56.71772,0,9,0.74404,True,0.00000,0.00000,0.00000,0.00000,0.00000,False,0.01071,0.00002
480,0.74630,0.67409,0.64751,0.70173,0.64431,0.63273,0.67522,0.67061,-0.31925,-0.24792,-0.10844,1.18183,1.17990,366,1,53.64100,8.08080,8.00000,169.49398,0,0,0.96781,True,0.00000,0.00000,0.00000,0.00000,0.00000,False,0.00461,0.00001
481,0.90736,0.77805,0.79403,1.10454,0.78760,0.84539,0.83698,0.84300,-0.57694,-0.56520,-0.64125,1.27799,1.34063,366,4,51.00070,10.36210,312.00000,89.04217,0,4,0.59550,False,0.00000,0.00000,0.00000,0.00000,0.00000,False,-0.00602,-0.00001
482,1.06685,0.86023,0.92979,0.74428,0.86886,0.87078,0.84155,0.85364,0.59280,0.64308,0.40784,1.40607,1.44513,366,2,49.16230,10.36620,475.00000,18.91822,5,26,0.18026,False,0.00000,0.00000,0.00000,0.00000,0.00000,False,-0.01209,-0.00002
483,1.07603,0.92904,0.80338,0.75277,0.88638,0.80168,0.82654,0.84426,0.47114,0.57157,0.48777,1.53255,1.49243,361,6,48.01300,11.55240,604.00000,105.26720,0,0,0.67078,True,0.00000,0.00000,0.00000,0.00000,0.00000,False,-0.01772,-0.00004
484,1.19312,0.90855,0.86020,0.85075,0.84581,0.85473,0.85780,0.84078,0.29143,0.18290,-0.24831,1.29073,1.32737,366,4,52.08180,9.40770,77.00000,26.51932,5,19,0.58598,False,0.00000,0.00000,0.00000,0.00000,0.00000,False,0.01702,0.00003
485,0.90970,0.81761,0.77751,0.76184,0.78455,0.78232,0.82036,0.82827,0.47225,0.48206,0.36573,1.32708,1.27543,366,0,51.08990,7.62900,380.00000,112.90944,0,0,0.91268,False,0.00000,0.00000,0.00000,0.00000,0.00000,False,-0.00792,-0.00002
486,0.98086,0.83051,0.80915,1.01804,0.79369,0.81227,0.83652,0.84398,-0.43308,-0.40342,-0.53139,1.36627,1.37137,366,0,50.26670,9.18540,258.00000,27.53658,3,29,0.25837,False,0.00000,0.00000,0.00000,0.00000,0.00000,False,-0.00746,-0.00001
487,1.08592,0.83176,0.78629,0.80443,0.78916,0.79888,0.79671,0.79175,0.04960,-0.00525,-0.27093,1.24660,1.28633,355,4,51.96440,9.80720,144.00000,47.17155,1,13,0.53278,False,0.00000,0.00000,0.00000,0.00000,0.00000,False,0.00495,0.00001
488,1.36594,1.12113,1.06473,0.93591,1.03550,0.98139,1.06616,1.04715,0.84980,0.79405,0.34375,1.62159,1.61252,366,6,48.65960,12.53880,350.00000,155.44123,0,0,0.93981,True,0.00000,0.00000,0.00000,0.00000,0.00000,False,0.01901,0.00004
489,1.26328,1.02784,0.96881,0.91276,0.96941,0.93151,0.94987,0.92775,0.32196,0.26782,-0.06041,1.34297,1.39498,362,0,51.59660,7.40490,68.00000,76.96829,0,4,0.74827,False,0.00000,0.00000,0.00000,0.00000,0.00000,False,0.02212,0.00004
490,1.15929,0.77707,0.71925,0.88859,0.74076,0.71129,0.71099,0.72624,-0.10393,-0.26832,-0.91020,1.34042,1.40821,366,4,50.68190,11.51500,289.00000,64.67034,0,8,0.52964,False,0.00000,0.00000,0.00000,0.00000,0.00000,False,-0.01525,-0.00003
491,1.09518,0.82576,0.77076,0.79845,0.78201,0.82955,0.78682,0.77759,-0.06753,-0.12272,-0.29481,1.34488,1.39185,361,0,51.47890,7.26970,101.00000,90.40229,0,1,0.74548,False,0.00000,0.00000,0.00000,0.00000,0.00000,False,0.00922,0.00002
492,1.30191,1.04379,1.17521,0.92633,1.05306,1.06456,1.07462,1.05689,0.95191,0.95574,0.91346,1.22800,1.27504,366,1,52.91570,10.18850,73.00000,63.89280,0,8,0.48614,False,0.00000,0.00000,0.00000,0.00000,0.00000,False,0.01773,0.00004
493,1.20194,0.97956,0.92753,0.88902,0.93829,0.91411,0.95136,0.93893,0.57730,0.58573,0.15609,1.38817,1.40575,365,6,49.81740,11.86380,452.00000,18.25479,4,20,0.50368,False,0.00000,0.00000,0.00000,0.00000,0.00000,False,0.01243,0.00002
494,1.42349,0.94202,0.84988,0.85057,0.84963,0.96386,0.87342,0.87859,-0.39205,-0.49704,-1.01711,1.45313,1.50105,366,0,50.85340,7.99660,229.00000,94.55726,0,3,0.77465,False,0.00000,0.00000,0.00000,0.00000,0.00000,False,-0.00517,-0.00001
495,1.45099,1.11387,1.04894,0.93622,1.06048,1.03871,1.10994,1.11565,0.82674,0.84140,0.32130,1.39561,1.38740,366,6,49.85760,12.35420,500.00000,33.34868,4,17,0.47362,False,0.00000,0.00000,0.00000,0.00000,0.00000,False,-0.00571,-0.00001
497,2.77894,1.51220,1.24301,1.28532,1.17212,1.22665,1.11692,1.08860,0.25261,0.21689,-3.19038,1.65683,1.33055,366,6,47.47790,11.26530,981.00000,98.89573,0,1,3.20322,True,0.00000,419.41614,0.00000,0.08110,0.00000,True,0.02832,0.00006
498,0.87037,0.87535,0.86745,1.16975,0.86329,0.97863,0.77631,0.83090,-0.39273,-0.61898,-0.53269,1.57629,1.53829,366,6,48.57340,12.25760,490.00000,146.42472,0,0,0.99275,True,0.00000,0.00000,0.00000,0.00000,0.00000,False,-0.05458,-0.00011
499,1.31037,0.98995,0.98983,1.25197,0.94370,1.02233,1.02259,1.03413,-1.00205,-1.01872,-1.37429,1.43133,1.43376,366,0,49.96560,8.21390,195.00000,41.54462,1,18,0.43272,False,0.00000,0.00000,0.00000,0.00000,0.00000,False,-0.01154,-0.00002
500,1.35674,1.11335,0.91605,1.18873,0.83199,0.81875,0.79805,0.79251,-0.25891,-0.18769,0.86216,1.24553,1.20960,366,0,50.50840,9.22470,743.00000,27.60092,4,30,0.74007,False,0.00000,0.00000,0.00000,0.00000,0.00000,False,0.00554,0.00001
501,0.92374,0.75084,0.76434,0.97145,0.75200,0.88021,0.76591,0.78633,-0.45252,-0.52273,-0.49204,1.29785,1.30032,366,0,51.33290,7.34110,205.00000,106.32603,0,0,0.82452,False,0.00000,0.00000,0.00000,0.00000,0.00000,False,-0.02042,-0.00004
502,1.23466,1.12315,1.10570,0.97931,1.08052,0.99350,1.01970,0.99940,0.54754,0.52326,0.21977,1.39512,1.42288,366,0,50.56170,8.23860,230.00000,80.60711,0,5,0.67642,False,0.00000,0.00000,0.00000,0.00000,0.00000,False,0.02030,0.00004
503,1.50766,0.89058,0.83586,0.89819,0.84513,1.00406,0.88555,0.91069,-0.51733,-0.66361,-1.43334,1.48885,1.52115,366,0,49.73260,6.61310,132.00000,59.44710,0,5,0.64491,True,0.00000,0.00000,0.00000,0.00000,0.00000,False,-0.02514,-0.00005
504,1.20794,0.99893,0.94483,0.91743,0.93282,0.91389,0.93132,0.92256,0.40574,0.37460,0.33583,1.25386,1.31226,366,4,52.24670,10.95920,110.00000,41.80372,2,15,0.48074,False,0.00000,0.00000,0.00000,0.00000,0.00000,False,0.00875,0.00002
505,1.17466,0.92321,0.89476,0.95295,0.88381,0.89451,0.89752,0.89523,-0.17291,-0.18627,-0.17991,1.33916,1.37029,366,4,50.73340,10.88150,427.00000,106.03234,0,0,0.67764,False,0.00000,0.00000,0.00000,0.00000,0.00000,False,0.00229,0.00000
506,1.61115,1.04087,1.13087,1.39599,1.00427,1.04908,1.11155,1.11041,-1.28144,-1.29011,-1.80730,1.35291,1.36730,354,0,50.12690,8.66940,124.00000,54.95698,0,22,0.34185,False,0.00000,0.00000,0.00000,0.00000,0.00000,False,0.00115,0.00000
508,1.20909,0.99482,0.90777,0.86338,0.92412,0.95285,1.01751,1.00714,0.94697,0.92987,-0.22898,1.46926,1.45286,366,2,48.97260,8.33010,116.00000,81.65427,0,2,0.56356,False,0.00000,0.00000,0.00000,0.00000,0.00000,False,0.01038,0.00002
509,1.01723,0.85157,0.80737,0.81616,0.80729,0.79153,0.81969,0.79980,0.39943,0.31693,0.30351,1.55758,1.52685,366,6,48.40250,11.69460,477.00000,106.18687,0,0,0.76427,True,0.00000,0.00000,0.00000,0.00000,0.00000,False,0.01989,0.00004
510,1.22376,0.76802,0.83632,1.12072,0.76596,1.02338,0.93606,0.98280,-1.05573,-1.11476,-1.38916,1.36008,1.45312,366,0,50.98940,6.97770,43.00000,147.20486,0,0,1.03084,False,0.00000,0.00000,0.00000,0.00000,0.00000,False,-0.04675,-0.00009
511,0.92738,0.85385,0.97079,0.81367,0.83143,0.84649,0.79744,0.79584,0.36224,0.39750,0.16963,1.20211,1.27917,366,1,52.95420,7.31960,8.00000,94.66064,0,1,0.57998,True,0.00000,0.00000,0.00000,0.00000,0.00000,False,0.00160,0.00000
513,1.44990,0.89082,0.80567,0.95698,0.87107,0.88379,0.88280,0.85084,-0.60562,-0.48310,-1.44274,1.61167,1.65066,366,2,48.53760,9.27330,355.00000,85.25411,0,3,0.82568,False,0.00000,0.00000,0.00000,0.00000,0.00000,False,0.03197,0.00006
514,1.10547,0.95366,0.89204,0.91957,0.89474,0.87998,0.87341,0.88710,0.27200,0.32558,-0.06587,1.54480,1.55085,364,6,48.71120,11.53620,364.00000,93.86585,0,3,0.71847,True,0.00000,0.00000,0.00000,0.00000,0.00000,False,-0.01369,-0.00003
515,1.22624,0.98293,1.33895,1.03249,1.07603,1.33069,1.36421,1.37578,1.46875,1.41024,0.05858,1.54198,1.55188,366,2,47.92420,8.64730,672.00000,127.94738,0,0,0.99147,True,0.00000,0.00000,0.00000,0.00000,0.00000,False,-0.01158,-0.00002
516,0.88306,0.80265,0.89575,0.72263,0.86529,0.86594,0.83987,0.81052,0.70561,0.60342,-0.04403,1.41638,1.44041,365,2,47.98200,10.13840,615.00000,32.28358,5,22,0.36554,False,0.00000,0.00000,0.00000,0.00000,0.00000,False,0.02936,0.00006
517,0.80731,0.77199,0.77970,0.68870,0.71699,1.01685,0.91794,0.94846,0.97733,0.95342,-0.02024,1.41759,1.43677,366,2,48.21560,8.97840,759.00000,104.09699,0,0,0.84001,False,0.00000,0.00000,0.00000,0.00000,0.00000,False,-0.03052,-0.00006
518,1.28588,1.08583,1.06407,1.02217,1.10270,1.18326,1.02372,1.05547,0.60429,0.65951,0.62159,1.31962,1.30707,365,3,51.44930,14.25330,116.00000,153.64287,0,0,0.94870,True,0.00000,0.00000,0.00000,0.00000,0.00000,False,-0.03175,-0.00006
519,0.96885,0.82333,0.79088,0.85797,0.78404,0.78067,0.79274,0.79323,-0.02544,-0.00504,0.09813,1.20279,1.22742,366,4,52.39620,10.68920,82.00000,27.42391,3,17,0.13637,False,0.00000,0.00000,0.00000,0.00000,0.00000,False,-0.00049,-0.00000
520,1.08043,0.88896,0.87338,0.92248,0.87158,0.87530,0.88066,0.89775,-0.11409,-0.11240,-0.40829,1.29611,1.34647,366,4,51.62550,10.36950,238.00000,100.51519,0,0,0.78036,False,0.00000,0.00000,0.00000,0.00000,0.00000,False,-0.01709,-0.00003
521,0.84069,0.76366,0.72140,0.73166,0.72758,0.73135,0.72176,0.73030,-0.01858,-0.16775,-0.02629,1.18227,1.25352,366,1,52.31700,8.16940,103.00000,38.05291,1,12,0.43681,False,0.00000,0.00000,0.00000,0.00000,0.00000,False,-0.00854,-0.00002
522,0.75923,0.77133,0.72976,0.94702,0.70838,0.77851,0.72491,0.74047,-0.29700,-0.28132,-0.00009,1.35501,1.32327,366,0,51.18000,7.25050,345.00000,123.63748,0,0,0.98370,False,0.00000,0.00000,0.00000,0.00000,0.00000,False,-0.01556,-0.00003
523,0.74093,0.74204,0.77748,0.98461,0.74007,0.76194,0.78880,0.81748,-0.43300,-0.44945,-0.41142,1.32993,1.31861,361,0,50.75130,9.02240,350.00000,22.70931,4,21,0.34608,False,0.00000,0.00000,0.00000,0.00000,0.00000,False,-0.02868,-0.00006
524,0.95225,0.84966,0.83549,1.08725,0.75005,1.02733,0.81935,0.81516,-0.88072,-0.84839,-0.92600,1.32400,1.32195,366,0,50.79830,6.02440,231.00000,183.19313,0,0,1.31484,True,0.00000,0.00000,0.00000,0.00000,0.30890,True,0.00419,0.00001
525,1.28025,0.98761,1.11782,0.85047,1.17987,1.27059,1.32892,1.32177,1.45043,1.41918,0.96557,1.29452,1.31514,366,2,48.91710,9.68720,489.00000,60.80003,0,8,0.58049,False,0.00000,0.00000,0.00000,0.00000,0.00000,False,0.00715,0.00001
526,1.51619,1.05565,0.95762,1.00250,0.96003,1.00277,0.97467,0.97336,-0.18552,-0.35398,-1.03909,1.40047,1.46826,366,0,50.42370,7.42020,75.00000,113.36264,0,0,0.81885,False,0.00000,0.00000,0.00000,0.00000,0.00000,False,0.00132,0.00000
527,0.85666,0.82050,0.72776,0.85790,0.73147,0.73786,0.72182,0.72100,-0.05177,-0.07336,0.06603,1.40272,1.37094,365,0,49.99960,7.59810,445.00000,64.75809,0,9,0.48186,False,0.00000,0.00000,0.00000,0.00000,0.00000,False,0.00081,0.00000
528,0.91630,0.82710,0.94693,0.77279,0.80493,0.82715,0.77839,0.77311,0.42667,0.45200,0.27577,1.21867,1.28242,357,1,53.06430,7.90220,6.00000,104.32568,0,0,0.61744,True,0.00000,0.00000,0.00000,0.00000,0.00000,False,0.00527,0.00001
529,0.91535,0.80233,0.75759,0.83905,0.75610,0.75832,0.76684,0.75939,0.33245,0.21636,0.08565,1.53683,1.51511,366,6,48.77260,12.21770,418.00000,137.12397,0,0,0.98705,True,0.00000,0.00000,0.00000,0.00000,0.00000,False,0.00746,0.00001
530,0.81399,0.77743,0.78067,1.03275,0.76268,0.77167,0.79148,0.79564,-0.39023,-0.37597,-0.34099,1.22104,1.22768,366,4,51.28350,9.35900,317.00000,31.50023,3,18,0.28137,False,0.00000,0.00000,0.00000,0.00000,0.00000,False,-0.00416,-0.00001
531,1.01995,0.94483,1.08470,0.91885,0.94244,0.96096,0.91717,0.89956,0.53382,0.51188,0.23604,1.22646,1.30590,354,1,52.71560,7.31760,19.00000,69.55582,0,3,0.42404,True,0.00000,0.00000,0.00000,0.00000,0.00000,False,0.01761,0.00003
532,1.03221,0.83880,1.01883,0.76237,0.91586,1.04404,1.06767,1.02445,1.16895,1.04123,0.48262,1.38553,1.39635,366,2,48.44180,9.92160,593.00000,36.64349,2,16,0.63124,False,0.00000,0.00000,0.00000,0.00000,0.00000,False,0.04322,0.00009
533,0.79153,0.68134,0.64195,0.76719,0.63113,0.64791,0.63888,0.62309,-0.32406,-0.24600,-0.51883,1.26954,1.26145,362,0,51.84180,8.06070,104.00000,37.24773,2,15,0.32683,False,0.00000,0.00000,0.00000,0.00000,0.00000,False,0.01579,0.00003
534,1.57837,1.44962,1.44162,1.85885,1.30357,1.44840,1.47975,1.50312,-1.89517,-1.91376,-1.56241,1.49822,1.46003,245,6,47.87610,10.58480,816.00000,35.28251,2,14,0.90096,True,0.00000,0.00000,0.00000,0.00000,0.00000,False,-0.02338,-0.00003
535,1.49314,1.25160,1.21385,0.98540,1.15953,1.10842,1.04587,1.04994,0.56434,0.57490,0.61968,1.56030,1.63449,122,2,48.48780,10.26070,444.00000,21.41034,5,24,0.22335,False,0.00000,0.00000,0.00000,0.00000,0.00000,False,-0.00407,-0.00000
