,raw_ensemble_gauss,emos_bst_gl,nn_unk,nn_knn,nn_noemb,nn_attr,nn_hybrid,nn_hybrid_res,bias_hybrid,bias_hybrid_res,bias_raw,sigma_hybrid,sigma_hybrid_res,n_rows,fold,lat,lon,alt,dist_nearest_km,n_train_50km,n_train_100km,attr_novelty,outside_latlon_hull,alt_excess,orog_excess,alt_minus_orog_excess,lat_excess,lon_excess,any_attr_outside_range,d_hyb_minus_res,contrib
2,1.03266,0.86824,0.90331,0.77933,0.86940,0.85501,0.87338,0.86485,0.76833,0.75087,0.63157,1.25629,1.23257,366,5,52.48530,7.91260,65.00000,25.56824,9,23,0.24227,False,0.00000,0.00000,0.00000,0.00000,0.00000,False,0.00853,0.00002
3,1.24526,0.98732,0.98116,0.84081,0.91824,0.89275,0.90062,0.89535,0.51627,0.52452,0.19036,1.41430,1.43579,366,0,50.74460,9.34500,300.00000,16.95588,10,52,0.26839,False,0.00000,0.00000,0.00000,0.00000,0.00000,False,0.00527,0.00001
4,0.71019,0.72845,0.72366,0.93180,0.74446,0.74242,0.76463,0.74488,-0.73690,-0.69697,-0.31357,1.09597,1.08158,366,0,53.86170,8.12660,32.00000,24.72470,6,16,0.21869,False,0.00000,0.00000,0.00000,0.00000,0.00000,False,0.01974,0.00004
5,0.89293,0.78396,0.73082,0.77443,0.77893,0.79744,0.79064,0.80002,0.71347,0.74827,0.57131,1.35531,1.33746,366,6,51.08810,12.93260,296.00000,25.67201,7,34,0.19005,False,0.00000,0.00000,0.00000,0.00000,0.00000,False,-0.00938,-0.00002
6,0.86326,0.77572,0.69551,0.76812,0.71616,0.74153,0.71113,0.72144,0.27740,0.33000,0.12805,1.44236,1.41299,366,4,48.40600,11.31170,510.00000,23.53014,9,37,0.35813,False,0.00000,0.00000,0.00000,0.00000,0.00000,False,-0.01031,-0.00002
7,0.99757,0.78416,0.72146,0.77518,0.73541,0.73272,0.73140,0.73285,0.14792,0.12779,-0.51959,1.39010,1.41943,366,6,49.72730,8.11640,215.00000,18.98295,13,52,0.26870,False,0.00000,0.00000,0.00000,0.00000,0.00000,False,-0.00145,-0.00000
8,1.31524,1.04161,0.94277,0.87098,0.92228,0.88674,0.88737,0.88217,0.39067,0.39240,0.34201,1.39595,1.42027,366,5,49.46910,11.85460,383.00000,5.66819,8,30,0.22406,False,0.00000,0.00000,0.00000,0.00000,0.00000,False,0.00519,0.00001
9,1.26794,1.18555,1.07349,0.99283,1.18220,1.12828,1.10501,1.10866,0.74515,0.74867,0.27179,1.35525,1.35691,366,0,48.01970,12.29240,515.00000,20.18357,9,29,0.27258,False,0.00000,0.00000,0.00000,0.00000,0.00000,False,-0.00365,-0.00001
10,0.93686,0.73934,0.69453,0.72587,0.70652,0.71491,0.71583,0.70764,0.32877,0.29493,0.36084,1.33761,1.32143,365,1,53.03160,13.99070,54.00000,31.77303,5,21,0.16923,False,0.00000,0.00000,0.00000,0.00000,0.00000,False,0.00819,0.00002
11,0.86505,0.72763,0.71080,0.73462,0.70948,0.71561,0.70534,0.71173,0.15496,0.17023,0.31654,1.27678,1.26165,366,3,53.84120,13.68460,9.00000,27.48972,5,19,0.15828,False,0.00000,0.00000,0.00000,0.00000,0.00000,False,-0.00638,-0.00001
13,0.86187,0.61822,0.57553,0.68588,0.58158,0.57538,0.57043,0.57442,-0.12669,-0.12224,0.73842,1.29732,1.24177,362,4,54.67920,13.43430,42.00000,35.12400,1,8,0.16712,True,0.00000,0.00000,0.00000,0.00000,0.00000,False,-0.00399,-0.00001
14,1.49657,1.27189,1.13996,0.95414,1.16943,1.11544,1.12543,1.08964,1.01112,0.95618,0.65925,1.42859,1.46412,366,2,49.96950,9.91130,220.00000,19.02465,10,46,0.28901,False,0.00000,0.00000,0.00000,0.00000,0.00000,False,0.03579,0.00007
15,0.92144,0.85139,0.79459,0.98537,0.79286,0.76427,0.76084,0.76643,-0.20063,-0.25007,-0.58447,1.32893,1.32335,366,4,51.37450,11.29200,164.00000,17.37459,11,41,0.26240,False,0.00000,0.00000,0.00000,0.00000,0.00000,False,-0.00560,-0.00001
16,1.36700,1.00463,0.86209,1.12450,0.79814,0.80878,0.81187,0.78751,-0.61864,-0.51248,-1.44456,1.38719,1.33889,366,1,47.87740,11.36420,672.00000,15.41877,10,36,0.18360,False,0.00000,0.00000,0.00000,0.00000,0.00000,False,0.02436,0.00005
17,1.36849,0.92534,0.82105,0.83663,0.82999,0.82461,0.84026,0.82544,-0.04843,0.00159,-1.02807,1.44315,1.45782,366,3,50.59070,12.71400,387.00000,19.15154,8,31,0.27321,False,0.00000,0.00000,0.00000,0.00000,0.00000,False,0.01482,0.00003
18,1.24206,1.02545,0.97575,0.85901,0.96329,0.95132,0.93207,0.93367,0.59974,0.60796,0.46068,1.47294,1.45736,364,3,48.42540,10.94200,461.00000,27.36985,7,38,0.30690,False,0.00000,0.00000,0.00000,0.00000,0.00000,False,-0.00160,-0.00000
19,1.31859,1.13356,1.00954,0.93148,1.04078,1.00503,0.97653,1.01315,0.44547,0.55768,-0.18983,1.45851,1.47602,365,4,48.72700,8.24580,240.00000,19.53271,9,39,0.44240,False,0.00000,0.00000,0.00000,0.00000,0.00000,False,-0.03662,-0.00007
20,1.57167,1.13045,1.03906,1.03795,1.13285,1.10700,1.07626,1.07222,0.32295,0.19530,-0.78108,1.49621,1.49584,366,2,47.80640,7.63870,273.00000,28.18516,5,16,0.50726,False,0.00000,0.00000,0.00000,0.00000,0.00000,False,0.00403,0.00001
21,1.64711,1.42684,1.23220,0.99231,1.23165,1.20003,1.18995,1.18052,0.98410,0.97499,0.59301,1.40754,1.42379,366,4,49.87420,10.92060,240.00000,25.72990,7,41,0.24673,False,0.00000,0.00000,0.00000,0.00000,0.00000,False,0.00943,0.00002
22,1.02542,0.86019,0.86072,0.97413,0.86698,0.84003,0.87274,0.86579,-0.64617,-0.58413,-0.62641,1.19932,1.18032,366,4,52.31990,9.43000,110.00000,15.63400,6,26,0.31679,False,0.00000,0.00000,0.00000,0.00000,0.00000,False,0.00695,0.00001
23,1.65587,1.33728,1.21607,1.04981,1.20548,1.20147,1.23531,1.23171,1.12195,1.10552,1.32559,1.25065,1.20230,366,0,54.34060,12.71080,3.00000,23.80138,6,14,0.18962,False,0.00000,0.00000,0.00000,0.00000,0.00000,False,0.00359,0.00001
24,1.66853,1.28397,1.25553,1.08656,1.24109,1.22164,1.23057,1.20111,1.14717,1.12875,1.34418,1.36708,1.40314,366,6,52.06140,13.49960,55.00000,35.56703,8,25,0.18669,False,0.00000,0.00000,0.00000,0.00000,0.00000,False,0.02945,0.00006
25,1.28579,1.01385,1.01777,1.29186,0.91032,0.92671,0.92015,0.89973,-0.61520,-0.56110,-1.09987,1.40664,1.37596,365,5,51.16040,14.50420,232.00000,12.47910,5,15,0.32277,False,0.00000,0.00000,0.00000,0.00000,0.00000,False,0.02042,0.00004
26,1.60193,1.22315,1.10790,0.92061,1.05765,1.04511,1.04810,1.01816,0.60498,0.55442,0.29531,1.40793,1.44821,366,0,49.96670,11.51970,350.00000,22.78744,7,38,0.27416,False,0.00000,0.00000,0.00000,0.00000,0.00000,False,0.02993,0.00006
28,0.87076,0.85444,0.76061,0.91453,0.75281,0.74500,0.74591,0.74415,0.25085,0.24630,-0.15919,1.34105,1.31240,261,6,49.56170,8.96730,450.00000,12.30598,14,51,0.10470,False,0.00000,0.00000,0.00000,0.00000,0.00000,False,0.00175,0.00000
30,1.20814,0.94792,0.97633,0.82921,0.92514,0.93865,0.95274,0.94806,0.80264,0.78705,0.79604,1.24936,1.25202,363,0,52.81520,9.92480,70.00000,18.40513,6,24,0.10683,False,0.00000,0.00000,0.00000,0.00000,0.00000,False,0.00468,0.00001
31,1.40855,1.09060,1.11133,1.35957,0.97837,1.02715,1.05029,1.08212,-0.91952,-1.00931,-1.41785,1.36234,1.36361,366,1,49.10700,7.99670,210.00000,27.83480,9,38,0.38418,False,0.00000,0.00000,0.00000,0.00000,0.00000,False,-0.03183,-0.00006
32,0.73482,0.79272,0.63176,0.86503,0.65834,0.62559,0.61509,0.60837,0.08951,0.02175,0.09306,1.27612,1.26263,366,3,50.98370,8.36830,610.00000,23.43317,11,49,0.42769,False,0.00000,0.00000,0.00000,0.00000,0.00000,False,0.00672,0.00001
34,1.04293,0.79768,0.76782,0.80639,0.76911,0.76523,0.76356,0.76459,-0.07617,-0.05382,0.24826,1.36322,1.36232,366,0,52.63090,13.50220,60.00000,10.34482,8,24,0.05327,False,0.00000,0.00000,0.00000,0.00000,0.00000,False,-0.00103,-0.00000
35,0.96062,0.78711,0.78437,0.82689,0.78185,0.77387,0.78156,0.77664,-0.11028,-0.08507,0.26625,1.35273,1.36353,366,0,52.45370,13.30170,51.00000,12.31851,7,27,0.11389,False,0.00000,0.00000,0.00000,0.00000,0.00000,False,0.00492,0.00001
36,1.73747,1.33235,1.31118,1.24562,1.29845,1.31401,1.34918,1.30209,1.31659,1.24042,1.42950,1.33776,1.35584,365,1,52.40400,13.73090,33.00000,13.83646,12,25,0.13208,False,0.00000,0.00000,0.00000,0.00000,0.00000,False,0.04709,0.00009
37,0.87319,0.80194,0.77903,0.80618,0.77908,0.77048,0.77618,0.77683,-0.00315,-0.04398,0.19278,1.35025,1.35580,366,2,52.38070,13.53060,46.00000,13.00295,12,29,0.07802,False,0.00000,0.00000,0.00000,0.00000,0.00000,False,-0.00065,-0.00000
38,0.99430,0.94833,0.94408,0.88595,0.91720,0.91498,0.91188,0.92016,-0.59800,-0.61174,-0.42467,1.32917,1.35344,366,6,52.56440,13.30880,36.00000,8.20200,10,23,0.05226,False,0.00000,0.00000,0.00000,0.00000,0.00000,False,-0.00828,-0.00002
39,0.88779,0.90537,0.92344,1.12450,0.93084,0.91923,0.92838,0.91561,-0.94142,-0.91726,-0.58679,1.36977,1.38129,366,0,52.46750,13.40210,48.00000,12.48823,8,26,0.07802,False,0.00000,0.00000,0.00000,0.00000,0.00000,False,0.01277,0.00003
40,0.85648,0.75583,0.70961,0.82615,0.71333,0.70819,0.70494,0.71176,0.13030,0.08572,0.09100,1.28719,1.32107,366,6,51.82180,11.71090,84.00000,17.40905,6,34,0.29836,False,0.00000,0.00000,0.00000,0.00000,0.00000,False,-0.00682,-0.00001
42,0.98451,0.90322,0.83370,1.07310,0.80046,0.80656,0.82072,0.81562,-0.42443,-0.36508,-0.69463,1.38034,1.39210,360,0,49.26400,6.68680,363.00000,18.20851,6,18,0.18721,False,0.00000,0.00000,0.00000,0.00000,0.00000,False,0.00510,0.00001
43,0.89409,0.81866,0.77616,0.77932,0.77580,0.78480,0.77961,0.78128,0.30044,0.30612,0.08064,1.33053,1.33101,366,0,50.03720,7.30790,417.00000,10.58365,14,46,0.23047,False,0.00000,0.00000,0.00000,0.00000,0.00000,False,-0.00168,-0.00000
44,0.74127,0.67792,0.62733,0.70065,0.62826,0.62645,0.62682,0.62991,-0.00990,-0.00950,-0.00679,1.22633,1.22069,366,5,53.39110,10.68780,45.00000,45.75133,1,22,0.26204,False,0.00000,0.00000,0.00000,0.00000,0.00000,False,-0.00308,-0.00001
45,0.84571,0.73809,0.69657,0.73341,0.69740,0.69409,0.69496,0.68853,0.10189,0.05445,0.07296,1.21086,1.18916,362,2,54.00280,11.19080,15.00000,15.90559,4,21,0.12927,False,0.00000,0.00000,0.00000,0.00000,0.00000,False,0.00643,0.00001
46,1.25010,0.77382,0.75723,0.83557,0.75288,0.73986,0.76062,0.77274,-0.30646,-0.33651,-1.21948,1.41113,1.42010,366,2,50.73490,7.19310,159.00000,14.63736,11,43,0.30473,False,0.00000,0.00000,0.00000,0.00000,0.00000,False,-0.01213,-0.00002
47,0.88636,0.79948,0.80860,0.74078,0.78894,0.78948,0.78837,0.79696,0.48235,0.49324,0.05184,1.25179,1.24108,366,2,51.87280,6.88620,48.00000,23.49731,5,20,0.11382,False,0.00000,0.00000,0.00000,0.00000,0.00000,False,-0.00859,-0.00002
48,1.33478,0.73710,0.70722,0.68314,0.71651,0.66876,0.67658,0.67880,0.30349,0.31471,1.43382,1.23168,1.23324,366,2,51.72340,10.60210,607.00000,5.88679,12,42,0.45816,False,0.00000,0.00000,0.00000,0.00000,0.00000,False,-0.00222,-0.00000
49,0.94859,0.78448,0.74571,0.83222,0.74543,0.74505,0.72923,0.74387,-0.30355,-0.34689,-0.49934,1.21233,1.21925,366,1,52.29140,10.44650,81.00000,20.18938,4,34,0.12933,False,0.00000,0.00000,0.00000,0.00000,0.00000,False,-0.01464,-0.00003
50,0.87635,0.81870,0.78703,0.74364,0.75914,0.75273,0.75696,0.75357,0.35065,0.31309,0.10524,1.21658,1.22623,366,6,53.04500,8.79790,4.00000,21.29846,6,28,0.19720,False,0.00000,0.00000,0.00000,0.00000,0.00000,False,0.00339,0.00001
51,0.83784,0.78834,0.77065,0.99526,0.81200,0.80476,0.81318,0.82131,-0.61198,-0.62930,-0.67352,1.17976,1.16752,358,2,53.53320,8.57610,7.00000,26.30584,7,20,0.18305,False,0.00000,0.00000,0.00000,0.00000,0.00000,False,-0.00813,-0.00002
52,0.90090,0.78325,0.75493,0.71078,0.72378,0.72699,0.72927,0.72650,0.29977,0.27608,0.21914,1.21175,1.21761,364,0,53.44510,9.13900,10.00000,21.39809,6,24,0.11749,False,0.00000,0.00000,0.00000,0.00000,0.00000,False,0.00277,0.00001
53,3.70978,1.26552,0.95839,0.86544,0.99769,0.88555,0.83610,0.82038,-0.38826,-0.25330,3.73443,1.17466,1.12990,366,4,51.79860,10.61830,1134.00000,8.43577,9,34,2.26905,False,0.00000,0.00000,0.00000,0.00000,0.00000,False,0.01573,0.00003
54,1.48340,1.15484,1.20294,0.94473,1.17863,1.21680,1.21806,1.19826,1.18555,1.15679,0.98911,1.39156,1.40532,366,0,49.51820,9.32130,340.00000,25.99718,11,49,0.27401,False,0.00000,0.00000,0.00000,0.00000,0.00000,False,0.01981,0.00004
55,1.65469,0.99401,0.83792,0.94740,0.87990,0.90916,0.88434,0.89410,-0.60776,-0.67027,-1.54161,1.73114,1.74672,366,2,47.96250,7.99830,445.00000,9.74937,10,24,0.60080,False,0.00000,0.00000,0.00000,0.00000,0.00000,False,-0.00976,-0.00002
56,0.80739,0.86643,0.75365,0.92492,0.73638,0.73617,0.74086,0.73512,-0.17927,-0.11249,-0.08748,1.24537,1.24995,353,4,50.17460,7.05950,477.00000,20.14296,12,41,0.21858,False,0.00000,0.00000,0.00000,0.00000,0.00000,False,0.00574,0.00001
57,1.04289,0.85354,0.83129,0.92439,0.83587,0.81151,0.83018,0.81724,-0.46037,-0.40547,-0.67148,1.18106,1.18913,366,3,52.28170,9.08890,68.00000,23.57971,9,32,0.22546,False,0.00000,0.00000,0.00000,0.00000,0.00000,False,0.01294,0.00003
58,1.17308,0.94497,0.92542,0.89705,0.92703,0.91340,0.89193,0.88548,0.11869,0.16181,-0.12182,1.34605,1.38851,366,0,51.03060,8.81460,293.00000,17.98926,12,40,0.32815,False,0.00000,0.00000,0.00000,0.00000,0.00000,False,0.00645,0.00001
59,1.22075,0.82099,0.77234,0.71877,0.81308,0.77773,0.78277,0.78776,0.49202,0.53544,1.13706,1.33865,1.32641,366,1,50.43130,12.61140,897.00000,19.15154,9,33,0.84628,False,0.00000,0.00000,0.00000,0.00000,0.00000,False,-0.00499,-0.00001
60,0.99619,0.90497,0.87108,0.84198,0.84560,0.88199,0.87903,0.88946,0.67326,0.69533,0.47241,1.25759,1.23456,364,4,52.59590,10.02960,39.00000,25.38665,7,26,0.25033,False,0.00000,0.00000,0.00000,0.00000,0.00000,False,-0.01043,-0.00002
61,1.04594,1.06662,0.95066,1.22975,0.86460,0.91926,0.89709,0.89419,-0.92197,-0.91591,-0.86852,1.28018,1.26616,366,2,50.79130,12.87200,418.00000,24.92860,8,27,0.54999,False,0.00000,0.00000,0.00000,0.00000,0.00000,False,0.00289,0.00001
62,1.63256,1.06580,1.00164,1.18506,0.92379,0.92604,0.93221,0.93848,-0.54736,-0.52203,-1.59196,1.33908,1.31563,355,2,47.88430,12.54040,551.00000,10.14391,9,19,0.09407,False,0.00000,0.00000,0.00000,0.00000,0.00000,False,-0.00627,-0.00001
63,1.03891,0.78735,0.74506,0.85216,0.76792,0.76122,0.77509,0.77404,-0.29574,-0.34795,-0.65247,1.45182,1.48675,366,0,50.30670,10.96800,345.00000,16.32384,10,46,0.35133,False,0.00000,0.00000,0.00000,0.00000,0.00000,False,0.00106,0.00000
64,1.17279,0.98881,0.93043,0.94120,0.92918,0.92034,0.91762,0.90828,0.08038,-0.05121,0.49268,1.35554,1.39353,366,5,51.77600,14.31680,69.00000,34.38228,4,20,0.23374,False,0.00000,0.00000,0.00000,0.00000,0.00000,False,0.00934,0.00002
65,0.71447,0.66080,0.60235,0.79721,0.61600,0.64583,0.63414,0.64149,-0.50822,-0.51049,-0.37414,1.13263,1.14146,366,6,53.87130,8.70580,5.00000,12.25640,7,26,0.14647,False,0.00000,0.00000,0.00000,0.00000,0.00000,False,-0.00735,-0.00001
66,1.27957,1.04986,0.96032,0.93343,0.98332,0.97447,0.95962,0.94141,0.39148,0.37278,-0.20800,1.32560,1.37726,366,6,51.07780,10.86190,170.00000,29.13280,9,48,0.22115,False,0.00000,0.00000,0.00000,0.00000,0.00000,False,0.01821,0.00004
67,1.38379,1.10696,1.09783,0.97751,1.16386,1.19336,1.14634,1.14795,0.90713,0.90751,0.33373,1.35187,1.36458,366,0,49.88090,8.67790,162.00000,19.63379,14,46,0.23747,False,0.00000,0.00000,0.00000,0.00000,0.00000,False,-0.00160,-0.00000
68,0.92254,0.88263,0.77820,1.00255,0.74315,0.79385,0.76313,0.77833,-0.53900,-0.58111,-0.44514,1.27903,1.27005,360,1,49.76190,7.05410,481.00000,21.03101,9,29,0.21376,False,0.00000,0.00000,0.00000,0.00000,0.00000,False,-0.01520,-0.00003
69,0.43369,0.63569,0.59579,0.67694,0.59295,0.57719,0.58782,0.60108,-0.31079,-0.38039,0.04269,1.09290,1.06415,347,0,54.17960,7.45870,0.00000,28.20378,1,8,0.21021,False,0.00000,0.00000,0.00000,0.00000,0.00000,False,-0.01326,-0.00003
70,0.96586,0.89925,0.90847,0.80671,0.86770,0.85865,0.86231,0.86551,0.66636,0.67504,0.49081,1.22433,1.23673,366,6,52.58810,8.34240,38.00000,23.05154,7,24,0.14149,False,0.00000,0.00000,0.00000,0.00000,0.00000,False,-0.00320,-0.00001
71,1.14930,0.93331,0.94136,0.85051,0.96012,0.93818,0.93107,0.92548,0.50455,0.51540,0.21142,1.29999,1.31694,366,0,50.73640,8.26720,314.00000,19.53032,7,47,0.39299,False,0.00000,0.00000,0.00000,0.00000,0.00000,False,0.00559,0.00001
72,1.09860,0.93881,0.87409,0.83344,0.86393,0.83733,0.83556,0.83491,0.30702,0.30951,0.00281,1.48329,1.48918,364,5,48.55620,10.55990,419.00000,22.32938,9,45,0.16239,False,0.00000,0.00000,0.00000,0.00000,0.00000,False,0.00065,0.00000
73,1.64447,1.24445,1.27502,1.15891,1.36526,1.39305,1.44875,1.44926,1.31193,1.26514,0.95508,1.31657,1.27937,365,5,50.91170,13.70870,365.00000,13.29057,8,22,0.33252,False,0.00000,0.00000,0.00000,0.00000,0.00000,False,-0.00050,-0.00000
74,1.24608,1.02481,0.98619,0.86834,1.00623,0.97938,0.98265,0.99100,0.77786,0.84600,0.80616,1.33306,1.35203,364,3,51.64510,13.57470,97.00000,23.60300,6,28,0.23856,False,0.00000,0.00000,0.00000,0.00000,0.00000,False,-0.00835,-0.00002
75,0.92906,0.79836,0.74422,0.94878,0.72580,0.70426,0.69366,0.69151,-0.20912,-0.24578,-0.71252,1.43008,1.40311,366,2,51.12800,13.75430,227.00000,13.43899,8,22,0.37842,False,0.00000,0.00000,0.00000,0.00000,0.00000,False,0.00215,0.00000
76,1.31872,0.91925,0.85288,0.85597,0.84351,0.83710,0.84267,0.83717,-0.06945,-0.08843,-1.04806,1.48545,1.47085,365,1,51.02210,13.84700,114.00000,5.13116,9,24,0.04928,False,0.00000,0.00000,0.00000,0.00000,0.00000,False,0.00550,0.00001
77,1.14727,0.89637,0.86208,0.79019,0.85526,0.86591,0.86081,0.85530,0.66675,0.67248,0.82625,1.26908,1.28793,365,3,52.21740,12.16410,80.00000,18.91634,6,33,0.23900,False,0.00000,0.00000,0.00000,0.00000,0.00000,False,0.00552,0.00001
78,1.39459,0.96948,0.90178,0.91173,0.90537,0.92287,0.92559,0.91191,0.34836,0.28586,-0.97927,1.44913,1.43194,366,3,49.47190,8.19290,107.00000,11.87456,9,46,0.21161,False,0.00000,0.00000,0.00000,0.00000,0.00000,False,0.01368,0.00003
79,0.98227,0.79226,0.76719,0.79820,0.76459,0.76105,0.76429,0.76659,0.04030,0.01146,-0.47784,1.27440,1.28239,366,1,51.29600,6.76860,37.00000,22.60266,6,28,0.33569,False,0.00000,0.00000,0.00000,0.00000,0.00000,False,-0.00230,-0.00000
80,0.98680,0.88076,0.83371,1.11403,0.79119,0.80167,0.79912,0.80326,-0.23001,-0.17208,-0.56099,1.45310,1.44042,329,4,48.10020,11.98720,592.00000,24.38414,10,35,0.22425,False,0.00000,0.00000,0.00000,0.00000,0.00000,False,-0.00414,-0.00001
81,1.58691,1.26280,1.17023,0.88162,1.21587,1.17092,1.17044,1.13342,1.25427,1.20018,1.30924,1.34775,1.37099,366,0,49.85200,10.49900,346.00000,26.38354,9,42,0.21156,False,0.00000,0.00000,0.00000,0.00000,0.00000,False,0.03703,0.00007
82,1.56247,1.24130,1.24761,1.05865,1.17161,1.13139,1.11938,1.14864,0.91260,1.00680,0.71181,1.49209,1.47826,366,4,48.87770,11.23490,384.00000,16.19472,9,37,0.18891,False,0.00000,0.00000,0.00000,0.00000,0.00000,False,-0.02926,-0.00006
83,1.09979,0.89606,0.88688,0.77578,0.84974,0.83844,0.81807,0.80753,0.31510,0.32342,0.20076,1.48620,1.48650,366,3,48.98950,10.13120,460.00000,23.91341,9,37,0.16493,False,0.00000,0.00000,0.00000,0.00000,0.00000,False,0.01054,0.00002
84,0.78352,0.75318,0.74216,0.72325,0.71704,0.70592,0.71033,0.70964,0.22018,0.20621,0.15878,1.18832,1.17292,366,2,54.06910,9.01050,3.00000,29.68020,6,24,0.17148,False,0.00000,0.00000,0.00000,0.00000,0.00000,False,0.00069,0.00000
85,0.96334,0.85606,0.87162,0.82166,0.86722,0.85189,0.86683,0.86177,0.53523,0.56374,0.18510,1.34547,1.35879,366,0,50.27050,12.27420,560.00000,11.83641,12,32,0.27144,False,0.00000,0.00000,0.00000,0.00000,0.00000,False,0.00506,0.00001
86,1.46433,0.98797,0.92066,0.91761,0.91563,0.92706,0.91652,0.91354,-0.20844,-0.28648,-0.92146,1.69481,1.70634,366,2,48.20120,8.10890,440.00000,14.22776,10,30,0.56449,False,0.00000,0.00000,0.00000,0.00000,0.00000,False,0.00298,0.00001
87,1.75400,1.16857,1.06265,0.95843,0.95696,1.06512,1.16078,1.12766,1.07566,0.98777,-1.13426,1.81950,1.79471,366,1,48.13780,7.83510,201.00000,21.49378,9,23,0.52214,False,0.00000,0.00000,0.00000,0.00000,0.00000,False,0.03312,0.00007
89,0.97607,0.88139,0.80414,0.80303,0.83899,0.79344,0.78997,0.79752,0.38527,0.42120,0.01212,1.43611,1.48502,366,0,49.16640,8.85230,220.00000,8.91537,11,42,0.18724,False,0.00000,0.00000,0.00000,0.00000,0.00000,False,-0.00755,-0.00002
90,1.41895,1.11681,1.12305,1.02265,1.10525,1.11100,1.10090,1.09746,0.70723,0.69550,0.51808,1.46827,1.46203,366,2,48.34770,11.81330,446.00000,10.67705,8,42,0.16526,False,0.00000,0.00000,0.00000,0.00000,0.00000,False,0.00344,0.00001
91,0.74479,0.66542,0.64936,0.63719,0.63208,0.62736,0.62417,0.62141,0.10846,0.08796,0.07105,1.19669,1.17399,365,2,54.29920,9.31620,18.00000,21.96845,6,24,0.13018,False,0.00000,0.00000,0.00000,0.00000,0.00000,False,0.00277,0.00001
92,0.86975,0.85012,0.86528,1.02185,0.82366,0.82014,0.82345,0.82025,-0.00505,0.01721,-0.17633,1.30133,1.29722,366,6,50.98290,10.96080,316.00000,24.29453,11,50,0.30552,False,0.00000,0.00000,0.00000,0.00000,0.00000,False,0.00320,0.00001
93,1.05270,0.90201,0.82216,0.87772,0.82695,0.81658,0.82073,0.81897,0.01418,-0.00755,-0.26688,1.43701,1.47898,366,5,49.64970,11.00740,268.00000,15.66538,8,43,0.22674,False,0.00000,0.00000,0.00000,0.00000,0.00000,False,0.00176,0.00000
94,1.21860,0.88732,0.82033,0.80397,0.82096,0.81863,0.81344,0.80574,0.15921,0.23144,-0.55188,1.37838,1.39774,366,3,51.20410,10.01380,156.00000,29.55152,7,50,0.37838,False,0.00000,0.00000,0.00000,0.00000,0.00000,False,0.00771,0.00002
95,1.36603,1.05666,1.15607,0.98914,1.22290,1.34624,1.32690,1.34725,1.17182,1.14524,0.72957,1.16528,1.11248,361,1,51.25400,8.15650,351.00000,15.87618,8,35,0.29245,False,0.00000,0.00000,0.00000,0.00000,0.00000,False,-0.02035,-0.00004
96,0.88566,0.80765,0.74229,0.94523,0.70938,0.70260,0.68963,0.71413,-0.51927,-0.59049,-0.73281,1.22325,1.19727,366,1,51.40410,6.96770,150.00000,21.79361,7,28,0.40893,False,0.00000,0.00000,0.00000,0.00000,0.00000,False,-0.02450,-0.00005
97,1.21656,0.78531,0.74527,0.76115,0.74104,0.74447,0.73824,0.74650,0.05210,0.01520,-0.98973,1.41263,1.41882,366,2,50.71190,6.79050,147.00000,15.95828,8,38,0.42614,False,0.00000,0.00000,0.00000,0.00000,0.00000,False,-0.00826,-0.00002
98,0.83756,0.78763,0.72144,0.90843,0.72972,0.71881,0.71621,0.72473,-0.04695,-0.15143,-0.15014,1.50207,1.49496,366,6,48.48320,12.72410,472.00000,23.88749,7,27,0.25860,False,0.00000,0.00000,0.00000,0.00000,0.00000,False,-0.00853,-0.00002
99,2.84895,1.68677,0.95231,0.97668,0.96602,0.93507,0.98277,1.14883,0.52151,1.03759,2.11185,1.62455,1.73983,366,3,47.87490,8.00380,1490.00000,9.74937,10,24,2.55396,False,0.00000,0.00000,0.00000,0.00000,0.00000,False,-0.16606,-0.00033
100,1.11662,0.80819,0.83493,0.70739,0.84965,0.85473,0.88516,0.89156,0.80005,0.83098,0.91114,1.27587,1.27355,361,5,49.98070,11.83760,654.00000,11.29725,8,37,0.22398,False,0.00000,0.00000,0.00000,0.00000,0.00000,False,-0.00640,-0.00001
101,2.00602,1.14467,0.79007,0.74239,0.76216,0.75899,0.73365,0.71959,-0.06915,-0.06905,1.83093,1.46185,1.45381,366,2,50.42830,12.95350,1213.00000,24.23451,5,24,1.55426,False,0.00000,0.00000,0.00000,0.00000,0.00000,False,0.01405,0.00003
102,1.03149,0.95912,0.69310,0.77127,0.71968,0.67684,0.67081,0.67366,-0.03147,-0.02675,0.47586,1.23154,1.23068,366,4,50.53090,10.04800,745.00000,8.32405,11,47,0.41787,False,0.00000,0.00000,0.00000,0.00000,0.00000,False,-0.00285,-0.00001
103,1.10427,0.90798,0.85855,0.89118,0.86692,0.87314,0.87140,0.86947,0.18611,0.20846,-0.62752,1.41102,1.39773,366,5,50.02590,8.52130,100.00000,15.42134,13,50,0.18033,False,0.00000,0.00000,0.00000,0.00000,0.00000,False,0.00193,0.00000
104,2.13134,1.26914,1.11345,1.07784,1.08580,1.09144,1.14327,1.13242,0.43548,0.40053,-1.71897,1.82027,1.79764,366,1,48.02330,7.83440,236.00000,13.94483,9,22,0.33364,False,0.00000,0.00000,0.00000,0.00000,0.00000,False,0.01085,0.00002
105,0.71576,0.67480,0.64510,0.72425,0.64592,0.63570,0.63789,0.63699,-0.06141,-0.08723,-0.17376,1.18090,1.19527,366,0,53.82770,9.24930,2.00000,27.65238,7,27,0.17166,False,0.00000,0.00000,0.00000,0.00000,0.00000,False,0.00090,0.00000
106,0.87902,0.90027,0.68384,0.82900,0.71397,0.69971,0.69317,0.69575,0.11589,0.17848,0.16921,1.45716,1.49521,366,2,48.45370,8.40910,797.00000,21.63097,11,38,0.43591,False,0.00000,0.00000,0.00000,0.00000,0.00000,False,-0.00258,-0.00001
107,1.13233,0.91225,0.85092,0.82793,0.82327,0.82453,0.83356,0.82956,0.24702,0.27235,0.15576,1.45877,1.43422,366,3,49.17800,11.37350,436.00000,23.17863,8,37,0.23216,False,0.00000,0.00000,0.00000,0.00000,0.00000,False,0.00400,0.00001
108,1.01545,0.83657,0.78356,0.77591,0.78645,0.77146,0.77352,0.76756,0.32414,0.30898,-0.40592,1.34833,1.37050,365,5,51.11900,9.27990,172.00000,19.10391,12,45,0.29867,False,0.00000,0.00000,0.00000,0.00000,0.00000,False,0.00595,0.00001
110,1.39945,1.13075,1.10835,0.98550,1.10432,1.07470,1.09583,1.09822,0.84811,0.86735,0.87792,1.29235,1.30910,362,5,52.51290,11.39410,47.00000,41.06162,5,28,0.22413,False,0.00000,0.00000,0.00000,0.00000,0.00000,False,-0.00240,-0.00000
111,3.14224,1.10289,0.93775,1.10441,0.89215,0.91221,0.90939,0.90681,-0.41215,-0.37532,-3.59100,1.64629,1.59785,366,5,47.48310,11.06230,719.00000,9.04897,6,20,0.16892,False,0.00000,0.00000,0.00000,0.00000,0.00000,False,0.00257,0.00001
112,1.44384,0.89788,0.82601,0.91695,0.84362,0.82726,0.80805,0.81890,-0.45949,-0.51144,-1.55120,1.48317,1.47896,365,1,49.98590,7.95490,110.00000,18.65833,10,42,0.30831,False,0.00000,0.00000,0.00000,0.00000,0.00000,False,-0.01084,-0.00002
113,0.75677,0.79571,0.67745,0.83873,0.71237,0.67555,0.65053,0.64970,-0.02365,-0.07277,-0.18229,1.43439,1.39142,366,3,48.94810,11.42890,536.00000,13.78550,7,34,0.18592,False,0.00000,0.00000,0.00000,0.00000,0.00000,False,0.00083,0.00000
114,0.75687,0.68363,0.65574,0.64438,0.65045,0.64116,0.64201,0.64017,0.22739,0.16553,-0.19337,1.26463,1.26042,366,1,51.49420,6.24630,37.00000,26.54583,4,17,0.17400,False,0.00000,0.00000,0.00000,0.00000,0.00000,False,0.00184,0.00000
115,1.35348,0.85580,0.75454,0.84273,0.77000,0.76710,0.75742,0.75485,0.12249,0.15122,-1.15631,1.50879,1.51214,366,3,48.43290,7.99310,176.00000,14.35533,8,30,0.16765,False,0.00000,0.00000,0.00000,0.00000,0.00000,False,0.00256,0.00001
116,1.48297,1.13647,1.14166,0.95531,1.11592,1.09097,1.11152,1.07733,1.02221,0.97200,1.18421,1.26230,1.30374,366,6,52.38750,12.16010,35.00000,15.65601,5,28,0.11041,False,0.00000,0.00000,0.00000,0.00000,0.00000,False,0.03419,0.00007
117,0.74304,0.72083,0.69103,0.75059,0.67221,0.68830,0.67885,0.66642,0.17699,0.20418,0.02757,1.26715,1.25638,366,4,50.88130,12.12890,311.00000,24.78055,8,39,0.41253,False,0.00000,0.00000,0.00000,0.00000,0.00000,False,0.01243,0.00002
118,0.97663,0.78791,0.75111,0.84347,0.76467,0.75899,0.76199,0.76576,0.02501,0.02038,-0.56051,1.38805,1.39258,366,5,50.60170,8.64390,203.00000,28.19468,13,47,0.23826,False,0.00000,0.00000,0.00000,0.00000,0.00000,False,-0.00377,-0.00001
119,1.38145,1.21452,1.20755,1.02029,1.23444,1.19269,1.17368,1.12907,1.01176,0.92592,0.90979,1.31950,1.34034,366,6,50.96560,9.05000,340.00000,17.98926,12,41,0.13023,False,0.00000,0.00000,0.00000,0.00000,0.00000,False,0.04461,0.00009
120,0.72305,0.69705,0.64111,0.75723,0.66623,0.66816,0.67187,0.67779,-0.50657,-0.51921,-0.53826,1.19616,1.19041,366,3,54.82730,9.50570,27.00000,26.32659,4,15,0.18770,False,0.00000,0.00000,0.00000,0.00000,0.00000,False,-0.00592,-0.00001
121,0.88104,0.75928,0.75180,0.86409,0.78137,0.77542,0.75407,0.75102,0.25799,0.29305,-0.41288,1.50303,1.51514,366,6,51.16220,14.95060,238.00000,31.12969,4,13,0.32074,True,0.00000,0.00000,0.00000,0.00000,0.20490,True,0.00305,0.00001
122,1.12473,0.85702,0.78575,0.77725,0.78879,0.78543,0.78829,0.78044,0.27229,0.25055,-0.27326,1.36679,1.37135,366,5,51.50030,9.95060,167.00000,25.79147,10,44,0.21102,False,0.00000,0.00000,0.00000,0.00000,0.00000,False,0.00785,0.00002
123,0.81677,0.69088,0.66279,0.71462,0.66252,0.66417,0.66483,0.66531,0.15229,0.15877,0.05172,1.24792,1.24151,366,1,53.60600,12.10330,58.00000,33.52429,5,22,0.21475,False,0.00000,0.00000,0.00000,0.00000,0.00000,False,-0.00048,-0.00000
124,0.74134,0.78179,0.74500,0.97140,0.71003,0.68345,0.67898,0.67385,-0.08339,-0.05210,-0.10008,1.29478,1.27840,366,4,49.66400,11.22390,506.00000,15.66538,7,37,0.27688,False,0.00000,0.00000,0.00000,0.00000,0.00000,False,0.00513,0.00001
125,1.07760,0.97777,0.87194,0.86460,0.90103,0.86558,0.87641,0.87187,0.24112,0.14464,-0.54059,1.66976,1.65959,366,4,48.78930,13.62910,628.00000,23.05117,4,13,0.40917,True,0.00000,0.00000,0.00000,0.00000,0.00000,False,0.00454,0.00001
126,1.02957,0.87001,0.83541,0.77156,0.81863,0.80747,0.82143,0.81941,0.51030,0.49571,0.44608,1.23639,1.23581,366,5,53.57310,10.67970,27.00000,25.53917,3,22,0.13661,False,0.00000,0.00000,0.00000,0.00000,0.00000,False,0.00203,0.00000
127,0.94180,0.78762,0.75996,0.83531,0.76568,0.76506,0.76301,0.76008,0.02604,-0.02944,0.27740,1.30964,1.29324,366,0,54.09670,13.40560,2.00000,27.28856,6,15,0.19562,False,0.00000,0.00000,0.00000,0.00000,0.00000,False,0.00293,0.00001
128,0.58691,0.85752,0.91171,1.24639,0.85277,0.90424,0.89744,0.94019,-0.89788,-0.95876,-0.24661,1.22622,1.22049,366,6,54.24370,13.91020,12.00000,16.42390,4,10,0.11088,True,0.00000,0.00000,0.00000,0.00000,0.00000,False,-0.04275,-0.00009
129,0.96498,0.86162,0.82893,0.83024,0.81195,0.81544,0.81227,0.81229,0.09020,0.08425,-0.15057,1.26634,1.28720,366,1,52.13440,7.69690,48.00000,27.22801,5,25,0.25690,False,0.00000,0.00000,0.00000,0.00000,0.00000,False,-0.00002,-0.00000
130,0.99275,0.82161,0.78861,0.81264,0.79487,0.78924,0.78779,0.79412,0.23180,0.24140,0.30315,1.28723,1.25921,342,4,54.07140,12.32380,34.00000,17.56993,5,22,0.09557,False,0.00000,0.00000,0.00000,0.00000,0.00000,False,-0.00633,-0.00001
131,2.67109,1.39692,0.85775,0.83518,0.87313,0.90582,0.87673,0.87455,0.29718,0.41026,2.34194,1.61867,1.60936,366,1,49.11300,13.13420,1436.00000,12.12677,5,19,1.57540,False,0.00000,0.00000,0.00000,0.00000,0.00000,False,0.00218,0.00000
132,0.82125,0.73893,0.75137,0.84941,0.72296,0.73073,0.73270,0.72482,0.06198,0.05163,0.25070,1.36497,1.32214,366,4,53.31530,13.93380,56.00000,30.11524,4,19,0.17462,False,0.00000,0.00000,0.00000,0.00000,0.00000,False,0.00788,0.00002
134,0.87317,0.78362,0.73554,0.75641,0.75987,0.71919,0.72556,0.72151,0.02046,0.15163,-0.38430,1.38926,1.39221,366,4,49.94450,6.38210,328.00000,28.80283,6,24,0.45222,False,0.00000,0.00000,0.00000,0.00000,0.00000,False,0.00405,0.00001
135,0.88628,0.78237,0.72598,0.74748,0.72541,0.72323,0.72262,0.72227,0.04285,0.02352,-0.15699,1.24837,1.24220,366,2,53.63320,9.98810,11.00000,13.27965,6,24,0.07479,False,0.00000,0.00000,0.00000,0.00000,0.00000,False,0.00036,0.00000
136,0.90659,0.79565,0.72856,0.79611,0.73359,0.74304,0.73952,0.74604,-0.20807,-0.24722,-0.38561,1.22244,1.24747,366,6,53.47770,9.89570,3.00000,18.33665,3,27,0.10637,False,0.00000,0.00000,0.00000,0.00000,0.00000,False,-0.00652,-0.00001
137,0.96450,0.79226,0.75018,0.76852,0.75279,0.75601,0.76298,0.75777,0.27882,0.26659,0.02918,1.22831,1.21847,366,5,52.46440,9.67790,55.00000,16.72610,7,32,0.12029,False,0.00000,0.00000,0.00000,0.00000,0.00000,False,0.00521,0.00001
138,0.90410,0.85947,0.76564,0.96176,0.81692,0.78901,0.78064,0.79268,-0.49028,-0.50525,-0.65969,1.46184,1.43502,366,3,48.79180,10.70620,502.00000,6.81519,9,37,0.31267,False,0.00000,0.00000,0.00000,0.00000,0.00000,False,-0.01204,-0.00002
139,1.52345,1.17244,1.11589,1.24118,1.09617,1.01259,1.04022,1.04467,-0.54491,-0.55131,-1.11630,1.28344,1.27173,366,4,51.90020,10.56990,201.00000,17.12010,10,29,0.14505,False,0.00000,0.00000,0.00000,0.00000,0.00000,False,-0.00445,-0.00001
140,1.37933,0.92953,0.93172,0.80634,0.97117,1.02935,1.03131,1.03695,1.01207,1.02805,1.31967,1.28229,1.24018,366,5,51.65200,11.13670,404.00000,17.68680,12,43,0.67489,False,0.00000,0.00000,0.00000,0.00000,0.00000,False,-0.00564,-0.00001
141,1.03409,0.86258,0.80276,0.90351,0.79963,0.83813,0.85864,0.86004,-0.51729,-0.51524,-0.42179,1.49320,1.53495,366,2,48.37510,8.98010,522.00000,17.73605,13,49,0.35340,False,0.00000,0.00000,0.00000,0.00000,0.00000,False,-0.00141,-0.00000
143,0.84780,0.71451,0.73129,0.69211,0.73319,0.74178,0.74555,0.75609,0.48750,0.48291,-0.30823,1.33567,1.32545,366,4,51.04110,6.10420,57.00000,27.57130,4,24,0.35876,False,0.00000,0.00000,0.00000,0.00000,0.00000,False,-0.01054,-0.00002
144,0.43059,0.59011,0.57268,0.66424,0.58344,0.59001,0.58956,0.58311,-0.27324,-0.24441,0.15415,1.19294,1.10185,366,4,54.17500,7.89200,4.00000,28.20378,3,15,0.20827,False,0.00000,0.00000,0.00000,0.00000,0.00000,False,0.00645,0.00001
146,1.04247,0.80642,0.76728,0.82138,0.77016,0.76793,0.76368,0.75493,-0.06143,-0.03105,-0.37605,1.32046,1.34918,366,0,50.85190,9.73780,272.00000,23.78073,11,49,0.16062,False,0.00000,0.00000,0.00000,0.00000,0.00000,False,0.00875,0.00002
147,0.72862,0.63680,0.69648,0.85889,0.67888,0.69686,0.69759,0.69115,-0.39621,-0.31279,0.13854,1.32283,1.26432,366,4,54.57500,13.10440,1.00000,33.59951,3,11,0.20722,True,0.00000,0.00000,0.00000,0.00000,0.00000,False,0.00644,0.00001
148,0.84861,0.76282,0.71301,0.78719,0.71633,0.70840,0.70940,0.70584,-0.10781,-0.06318,-0.30997,1.28444,1.30391,366,0,50.73710,7.65280,295.00000,22.51439,9,46,0.24698,False,0.00000,0.00000,0.00000,0.00000,0.00000,False,0.00356,0.00001
149,1.37149,1.10398,1.05887,0.97594,1.11520,1.09638,1.11417,1.11513,0.70099,0.71397,0.21800,1.40123,1.37960,365,5,50.89900,14.74570,270.00000,28.57937,3,11,0.22024,False,0.00000,0.00000,0.00000,0.00000,0.00000,False,-0.00096,-0.00000
150,0.72584,0.74060,0.71572,0.84522,0.71872,0.72574,0.71015,0.70549,-0.04977,-0.04169,-0.06914,1.28957,1.30646,366,6,50.31220,11.87610,565.00000,22.46115,15,39,0.31983,False,0.00000,0.00000,0.00000,0.00000,0.00000,False,0.00466,0.00001
151,2.31026,2.21916,1.71965,2.13799,1.43333,1.36913,1.43414,1.42535,-1.59010,-1.60590,-1.99570,1.28747,1.25614,366,5,47.80090,11.01080,977.00000,11.37888,12,28,1.13106,False,0.00000,0.00000,0.00000,0.00000,0.00000,False,0.00879,0.00002
152,0.94781,0.84558,0.84805,0.77011,0.80014,0.79683,0.79360,0.79082,0.44397,0.41304,0.28939,1.22268,1.20680,365,2,54.31460,9.53900,10.00000,15.88026,8,22,0.10549,False,0.00000,0.00000,0.00000,0.00000,0.00000,False,0.00278,0.00001
153,0.97085,0.84424,0.72341,0.65930,0.71524,0.72989,0.70962,0.71720,0.39070,0.44331,0.58823,1.23142,1.17729,360,4,54.31940,10.67320,8.00000,27.00161,6,23,0.19938,False,0.00000,0.00000,0.00000,0.00000,0.00000,False,-0.00758,-0.00001
154,1.44617,1.09772,1.07985,0.92479,1.07523,1.04674,1.06154,1.03171,0.83234,0.79039,1.08615,1.33729,1.34571,366,5,51.76570,13.16660,81.00000,17.70509,5,31,0.11013,False,0.00000,0.00000,0.00000,0.00000,0.00000,False,0.02984,0.00006
155,0.99865,0.82023,0.73725,0.81422,0.74908,0.75223,0.74318,0.74034,0.25926,0.18976,-0.73412,1.40492,1.37254,366,6,47.88230,11.69620,685.00000,18.05321,9,31,0.18164,False,0.00000,0.00000,0.00000,0.00000,0.00000,False,0.00284,0.00001
156,1.13246,0.88569,0.84026,0.87787,0.83795,0.83368,0.83558,0.83445,0.09136,0.06940,-0.45129,1.33163,1.33139,366,1,51.85290,9.49530,110.00000,15.48316,6,35,0.23557,False,0.00000,0.00000,0.00000,0.00000,0.00000,False,0.00113,0.00000
157,0.79011,0.78089,0.69728,0.92265,0.68273,0.70570,0.71218,0.72565,-0.27982,-0.25056,-0.30320,1.28154,1.27105,366,5,50.56510,7.48430,328.00000,16.36405,13,48,0.25032,False,0.00000,0.00000,0.00000,0.00000,0.00000,False,-0.01347,-0.00003
158,1.05841,0.84850,0.90081,0.78069,0.89567,0.93141,0.96483,0.97835,0.79488,0.81776,0.30193,1.33016,1.32824,366,4,49.69270,7.32640,376.00000,8.31049,13,39,0.20260,False,0.00000,0.00000,0.00000,0.00000,0.00000,False,-0.01352,-0.00003
159,0.83837,0.75634,0.70977,0.70580,0.70079,0.69429,0.69937,0.69478,0.14021,0.12750,0.04576,1.22142,1.21038,364,5,53.98970,9.56960,21.00000,23.48274,9,31,0.18477,False,0.00000,0.00000,0.00000,0.00000,0.00000,False,0.00459,0.00001
160,0.84377,0.78403,0.75082,0.72335,0.74193,0.74118,0.74175,0.73919,0.21745,0.24037,0.15145,1.19700,1.19806,355,3,54.45700,9.52030,21.00000,8.05090,8,24,0.10613,False,0.00000,0.00000,0.00000,0.00000,0.00000,False,0.00256,0.00000
161,1.07381,0.78143,0.77345,0.93174,0.74557,0.77724,0.78623,0.78914,-0.46429,-0.50057,-0.91106,1.36182,1.40276,366,2,50.92510,11.58300,155.00000,19.02662,12,44,0.17263,False,0.00000,0.00000,0.00000,0.00000,0.00000,False,-0.00291,-0.00001
162,1.18234,0.90115,0.83822,0.83802,0.84621,0.85793,0.85008,0.84385,0.26475,0.19939,-0.54219,1.41451,1.42691,366,1,50.06430,8.99300,107.00000,24.10983,10,49,0.26619,False,0.00000,0.00000,0.00000,0.00000,0.00000,False,0.00623,0.00001
163,1.48047,0.90373,0.65738,0.74435,0.67999,0.66441,0.66017,0.64722,0.06004,0.03716,1.41926,1.23298,1.25513,366,6,51.18030,8.48910,839.00000,23.43317,8,44,0.68458,False,0.00000,0.00000,0.00000,0.00000,0.00000,False,0.01295,0.00003
164,1.08833,0.83862,0.87457,0.84613,0.87853,0.88029,0.91899,0.91685,0.50436,0.52153,-0.12093,1.35613,1.33102,366,3,49.42620,7.75570,271.00000,26.21101,9,40,0.40904,False,0.00000,0.00000,0.00000,0.00000,0.00000,False,0.00213,0.00000
166,0.75226,0.72963,0.69688,0.71122,0.68850,0.68883,0.72224,0.72121,0.23342,0.18897,-0.35402,1.28092,1.24162,366,5,50.50140,6.52640,505.00000,20.53994,8,33,0.20957,False,0.00000,0.00000,0.00000,0.00000,0.00000,False,0.00103,0.00000
169,1.57310,1.02505,0.98232,1.00656,0.98916,0.97599,0.97148,0.97755,0.01967,0.06282,-1.63373,1.49327,1.46285,92,3,47.86520,10.60070,716.00000,1.69567,10,30,0.34590,False,0.00000,0.00000,0.00000,0.00000,0.00000,False,-0.00607,-0.00000
170,1.72320,0.95959,0.92991,0.90368,0.96171,0.95042,0.96550,0.95076,0.59495,0.50257,-1.82832,1.71636,1.69034,363,5,47.72330,10.33480,705.00000,10.50664,6,28,0.40723,False,0.00000,0.00000,0.00000,0.00000,0.00000,False,0.01474,0.00003
171,0.88063,0.74552,0.69075,0.72630,0.70081,0.69246,0.69622,0.68807,-0.07708,-0.02377,0.01658,1.18105,1.13294,366,4,54.37610,10.14330,27.00000,22.80787,7,27,0.15961,False,0.00000,0.00000,0.00000,0.00000,0.00000,False,0.00815,0.00002
172,0.85456,0.66330,0.60029,0.60415,0.60817,0.61061,0.61466,0.61061,0.19092,0.18023,0.27496,1.21227,1.18360,366,0,53.99950,11.43410,12.00000,15.90559,3,21,0.12882,False,0.00000,0.00000,0.00000,0.00000,0.00000,False,0.00406,0.00001
173,0.93501,0.77818,0.70529,0.79698,0.71411,0.71130,0.72166,0.71094,-0.19052,-0.12425,-0.38282,1.36119,1.37447,366,4,50.22410,10.07920,282.00000,15.17626,10,49,0.18908,False,0.00000,0.00000,0.00000,0.00000,0.00000,False,0.01072,0.00002
174,1.28959,0.96964,0.88150,0.88720,0.87233,0.86972,0.87292,0.86936,0.18916,0.18187,-0.50673,1.46091,1.47883,366,4,49.73630,10.17810,188.00000,16.27881,10,43,0.41751,False,0.00000,0.00000,0.00000,0.00000,0.00000,False,0.00356,0.00001
175,2.33624,1.25087,0.84695,0.93050,0.91010,0.87881,0.82957,0.86730,0.23275,0.40243,2.17995,1.17699,1.18358,366,3,50.22180,8.44690,826.00000,7.43281,12,49,1.07376,False,0.00000,0.00000,0.00000,0.00000,0.00000,False,-0.03773,-0.00008
176,1.39998,0.95866,0.75427,0.90774,0.75191,0.74209,0.74191,0.73831,0.03358,0.02987,1.20650,1.18364,1.18438,366,2,50.84580,10.48030,732.00000,7.37369,12,45,0.40569,False,0.00000,0.00000,0.00000,0.00000,0.00000,False,0.00360,0.00001
177,1.54047,1.27599,1.21545,1.03617,1.23062,1.20198,1.21196,1.19541,1.07461,1.06690,1.20059,1.34971,1.37996,365,1,51.55550,13.88450,128.00000,23.60300,5,25,0.24029,False,0.00000,0.00000,0.00000,0.00000,0.00000,False,0.01656,0.00003
178,0.81291,0.79263,0.82315,0.74166,0.81912,0.82777,0.82325,0.82344,0.71189,0.67981,0.16468,1.20937,1.18235,366,2,51.76120,6.09540,46.00000,12.34547,2,14,0.17591,False,0.00000,0.00000,0.00000,0.00000,0.00000,False,-0.00019,-0.00000
179,1.12689,1.20271,0.84802,1.17685,0.88714,0.88999,0.80229,0.78535,-0.57763,-0.47316,-0.15203,1.48313,1.49263,366,3,48.10540,8.75490,973.00000,12.23801,13,37,0.50858,False,0.00000,0.00000,0.00000,0.00000,0.00000,False,0.01694,0.00003
180,1.26461,1.00698,0.96088,0.85884,0.95941,0.93391,0.94932,0.93806,0.78536,0.77258,0.90858,1.38151,1.41198,366,0,51.51850,12.90650,85.00000,27.91213,9,33,0.30855,False,0.00000,0.00000,0.00000,0.00000,0.00000,False,0.01126,0.00002
181,1.17708,0.83734,0.80506,0.86825,0.78533,0.78268,0.79041,0.80248,-0.19535,-0.25001,-0.91217,1.28887,1.29754,366,1,50.86460,7.15750,92.00000,14.63736,10,37,0.32014,False,0.00000,0.00000,0.00000,0.00000,0.00000,False,-0.01207,-0.00002
182,1.50974,1.22577,1.12194,0.94159,1.05881,1.04672,1.03243,0.99940,0.66131,0.61295,0.33740,1.45464,1.49259,366,2,50.28400,10.44560,288.00000,24.69849,13,43,0.23849,False,0.00000,0.00000,0.00000,0.00000,0.00000,False,0.03303,0.00007
183,0.88406,0.80948,0.75666,0.92444,0.78276,0.80841,0.80803,0.80087,-0.38075,-0.30247,-0.36370,1.47325,1.45829,366,1,48.83020,11.48720,416.00000,13.71075,10,46,0.19292,False,0.00000,0.00000,0.00000,0.00000,0.00000,False,0.00716,0.00001
184,0.90525,0.76531,0.72453,0.77885,0.72910,0.73547,0.72619,0.72510,0.04460,-0.00689,0.18759,1.30668,1.33335,366,1,51.75110,12.00940,76.00000,21.71391,6,38,0.25242,False,0.00000,0.00000,0.00000,0.00000,0.00000,False,0.00109,0.00000
185,2.08564,1.10092,1.04116,1.07116,1.07582,1.05583,1.04258,1.04233,-0.29800,-0.34231,-2.31228,1.54111,1.53296,363,6,47.66520,11.08040,740.00000,15.96176,9,28,0.16937,False,0.00000,0.00000,0.00000,0.00000,0.00000,False,0.00025,0.00000
186,2.06455,0.87643,1.10842,1.33738,0.92450,0.77488,0.84896,0.85634,-0.78954,-0.83568,-2.34275,1.44372,1.40693,366,6,47.67740,9.19010,443.00000,18.79223,8,29,0.67790,False,0.00000,0.00000,0.00000,0.00000,0.00000,False,-0.00738,-0.00001
187,1.56680,1.23101,1.17532,0.94708,1.08280,1.06412,1.07508,1.05385,0.81234,0.79560,0.16820,1.41489,1.43180,365,5,50.25230,11.32090,312.00000,16.76586,11,49,0.27495,False,0.00000,0.00000,0.00000,0.00000,0.00000,False,0.02123,0.00004
188,0.97428,0.84464,0.76463,0.77212,0.77155,0.75150,0.75189,0.75213,0.30572,0.28432,0.26390,1.37899,1.40135,365,6,49.42830,11.90160,417.00000,5.66819,6,32,0.22946,False,0.00000,0.00000,0.00000,0.00000,0.00000,False,-0.00024,-0.00000
189,1.11212,0.89492,0.86653,0.81672,0.86181,0.86230,0.87465,0.88250,0.54114,0.58287,0.62768,1.32050,1.28883,366,4,52.93630,12.40930,40.00000,26.92141,4,28,0.19506,False,0.00000,0.00000,0.00000,0.00000,0.00000,False,-0.00785,-0.00002
190,0.83366,0.71414,0.69341,0.77626,0.70275,0.70054,0.69153,0.69462,-0.09134,-0.12317,-0.04881,1.29746,1.28314,365,0,53.91560,12.27900,40.00000,17.56993,5,15,0.09358,False,0.00000,0.00000,0.00000,0.00000,0.00000,False,-0.00309,-0.00001
191,1.60783,0.97552,0.89071,0.95937,0.88936,0.89015,0.89681,0.90768,0.11937,0.21526,-1.29821,1.51485,1.52291,366,4,48.36470,7.82800,155.00000,14.35533,8,27,0.17864,False,0.00000,0.00000,0.00000,0.00000,0.00000,False,-0.01087,-0.00002
192,1.49578,1.12299,1.25342,1.08002,1.20339,1.27952,1.28833,1.24311,1.18302,1.07493,1.18180,1.42021,1.40710,366,6,48.51210,9.76450,685.00000,13.97189,10,45,0.46584,False,0.00000,0.00000,0.00000,0.00000,0.00000,False,0.04523,0.00009
193,0.86407,0.81579,0.74028,0.81961,0.76872,0.74093,0.73743,0.74260,0.15458,0.16823,-0.07642,1.40903,1.41647,366,0,48.07720,10.91440,621.00000,12.87466,12,41,0.32280,False,0.00000,0.00000,0.00000,0.00000,0.00000,False,-0.00517,-0.00001
194,1.30587,1.01315,1.02683,0.87525,1.01553,1.02138,1.02452,1.01325,0.98637,0.97016,1.19357,1.36000,1.38278,364,6,51.91730,13.08780,91.00000,17.70509,5,27,0.10984,False,0.00000,0.00000,0.00000,0.00000,0.00000,False,0.01127,0.00002
195,0.93690,0.76257,0.74067,0.79756,0.73528,0.73725,0.73623,0.73400,0.15798,0.19227,-0.55957,1.47810,1.45716,365,3,48.21760,9.90970,539.00000,18.73755,9,41,0.39986,False,0.00000,0.00000,0.00000,0.00000,0.00000,False,0.00223,0.00000
196,1.01548,0.98577,0.91634,0.83456,0.96176,0.91232,0.91393,0.91894,0.72965,0.73041,0.23101,1.42519,1.41629,364,5,48.18490,10.85070,550.00000,12.87466,9,38,0.21665,False,0.00000,0.00000,0.00000,0.00000,0.00000,False,-0.00501,-0.00001
197,0.98925,0.82972,0.84744,0.74044,0.78447,0.77899,0.78705,0.78044,0.57539,0.51012,0.57579,1.19050,1.15401,366,2,54.79030,8.95140,7.00000,29.88005,3,12,0.15893,False,0.00000,0.00000,0.00000,0.00000,0.00000,False,0.00661,0.00001
198,0.81468,0.78127,0.70061,0.87202,0.69803,0.67686,0.66820,0.66262,-0.11592,-0.11848,-0.39163,1.32076,1.27337,366,2,51.39330,10.31230,356.00000,24.48698,11,45,0.50490,False,0.00000,0.00000,0.00000,0.00000,0.00000,False,0.00558,0.00001
199,0.89509,0.80253,0.74447,0.80488,0.74931,0.74610,0.74932,0.74633,-0.03914,-0.01879,0.15036,1.28581,1.31391,366,3,51.31510,12.44620,138.00000,19.56501,7,35,0.15572,False,0.00000,0.00000,0.00000,0.00000,0.00000,False,0.00300,0.00001
200,0.80418,0.79033,0.75402,0.90203,0.74506,0.73882,0.73388,0.74673,0.01021,-0.03260,0.07076,1.30137,1.32424,366,6,51.43480,12.23960,131.00000,19.56501,7,34,0.15457,False,0.00000,0.00000,0.00000,0.00000,0.00000,False,-0.01285,-0.00003
201,1.36994,1.02148,1.01200,0.88139,0.94371,0.91654,0.91679,0.89900,0.29836,0.28070,-0.31110,1.40367,1.41150,366,5,51.13330,8.03480,286.00000,15.87618,9,46,0.38333,False,0.00000,0.00000,0.00000,0.00000,0.00000,False,0.01779,0.00004
202,1.05467,0.89691,0.86771,0.81831,0.85214,0.83952,0.85232,0.85386,0.53565,0.51811,0.57060,1.23400,1.25605,366,1,53.10070,11.48640,20.00000,27.35033,3,17,0.15964,False,0.00000,0.00000,0.00000,0.00000,0.00000,False,-0.00154,-0.00000
203,0.69039,0.74894,0.76570,0.93579,0.78599,0.77246,0.80075,0.77514,-0.84377,-0.77941,-0.52731,1.21335,1.15661,354,4,54.49960,10.27370,31.00000,22.50987,5,23,0.22053,False,0.00000,0.00000,0.00000,0.00000,0.00000,False,0.02561,0.00005
204,0.82442,0.78648,0.68752,0.80625,0.68065,0.67663,0.67239,0.66599,-0.03307,-0.02589,-0.31090,1.41093,1.38565,360,2,50.93830,14.20930,321.00000,27.02093,5,16,0.33151,False,0.00000,0.00000,0.00000,0.00000,0.00000,False,0.00640,0.00001
205,0.85515,0.85488,0.82190,1.05470,0.80018,0.82201,0.82717,0.84664,-0.36155,-0.45840,-0.01602,1.32522,1.32517,366,5,52.20850,14.11800,98.00000,34.13542,7,19,0.25176,False,0.00000,0.00000,0.00000,0.00000,0.00000,False,-0.01948,-0.00004
206,0.81275,0.72756,0.70020,0.78569,0.69508,0.69139,0.69999,0.69487,-0.07856,-0.03375,-0.39899,1.28253,1.27078,366,4,52.51810,7.30810,22.00000,21.97017,4,16,0.10610,False,0.00000,0.00000,0.00000,0.00000,0.00000,False,0.00512,0.00001
207,1.24100,0.96823,0.92682,1.03473,0.92451,0.90875,0.90992,0.91850,-0.26735,-0.33108,-0.73579,1.27373,1.27729,366,6,51.78550,8.83880,157.00000,31.02835,5,33,0.50112,False,0.00000,0.00000,0.00000,0.00000,0.00000,False,-0.00858,-0.00002
208,1.32435,0.89689,0.81418,0.78367,0.79671,0.82134,0.81240,0.79529,0.34846,0.22696,-0.74966,1.41214,1.42116,366,1,51.63360,8.39450,92.00000,25.14873,8,30,0.37923,False,0.00000,0.00000,0.00000,0.00000,0.00000,False,0.01712,0.00003
209,0.79074,0.55239,0.56744,0.59421,0.57007,0.56661,0.58545,0.57468,0.23370,0.14769,0.54329,1.12109,1.05505,366,2,55.01100,8.41250,25.00000,67.31921,0,7,0.38801,True,0.00000,0.00000,0.00000,0.01100,0.00000,True,0.01078,0.00002
210,1.39862,1.00360,1.05331,0.96195,1.03690,1.10331,1.13156,1.15230,1.01131,1.05222,0.70968,1.32413,1.30772,365,4,50.45050,11.63500,500.00000,17.70333,12,39,0.20958,False,0.00000,0.00000,0.00000,0.00000,0.00000,False,-0.02074,-0.00004
211,1.29846,0.99586,0.96259,0.80330,0.94806,0.92266,0.92200,0.88413,0.71217,0.64600,0.99124,1.35408,1.40135,366,6,51.92670,13.87970,57.00000,34.38228,4,24,0.23189,False,0.00000,0.00000,0.00000,0.00000,0.00000,False,0.03787,0.00008
212,0.94567,0.80136,0.79750,0.74115,0.77307,0.76691,0.76909,0.76982,0.42057,0.37534,0.22240,1.24290,1.23106,365,2,53.80250,10.69880,16.00000,25.53917,6,24,0.13696,False,0.00000,0.00000,0.00000,0.00000,0.00000,False,-0.00073,-0.00000
213,1.05367,0.85499,0.82931,0.75626,0.80841,0.78577,0.79979,0.79336,0.49281,0.46335,0.47705,1.25099,1.28368,366,6,52.97240,11.13740,17.00000,26.81936,5,24,0.18636,False,0.00000,0.00000,0.00000,0.00000,0.00000,False,0.00643,0.00001
214,0.72069,0.69054,0.64026,0.69822,0.63819,0.70087,0.66823,0.66645,0.36882,0.30356,0.06522,1.23473,1.16807,366,1,51.24520,7.64250,387.00000,23.11698,10,31,0.28615,False,0.00000,0.00000,0.00000,0.00000,0.00000,False,0.00179,0.00000
215,0.82745,0.76809,0.74098,0.89628,0.73494,0.73450,0.73067,0.73915,-0.08275,-0.10094,-0.08867,1.30273,1.33225,366,6,52.10290,11.58270,76.00000,28.48600,9,33,0.39275,False,0.00000,0.00000,0.00000,0.00000,0.00000,False,-0.00848,-0.00002
216,0.94856,0.85949,0.86587,0.76315,0.87376,0.84871,0.88092,0.86971,0.67789,0.67521,0.36137,1.29272,1.29416,365,3,50.10150,6.80090,413.00000,20.14296,8,34,0.37079,False,0.00000,0.00000,0.00000,0.00000,0.00000,False,0.01121,0.00002
217,0.96153,0.82113,0.78462,0.78689,0.78719,0.77794,0.77588,0.76703,0.17155,0.09584,0.36913,1.40242,1.45893,365,6,52.54680,14.54520,12.00000,28.72875,2,15,0.32061,False,0.00000,0.00000,0.00000,0.00000,0.00000,False,0.00885,0.00002
218,1.25533,0.93952,0.88081,0.87918,0.87951,0.87050,0.86440,0.85790,0.12783,0.07316,-0.58073,1.38731,1.41763,366,1,50.84920,8.77460,187.00000,20.36458,13,41,0.29700,False,0.00000,0.00000,0.00000,0.00000,0.00000,False,0.00650,0.00001
219,0.92688,0.88643,0.73781,0.80313,0.73001,0.74169,0.73074,0.72319,-0.19435,-0.10547,-0.04645,1.41197,1.42903,366,2,50.65100,13.14690,639.00000,23.85687,6,23,0.64544,False,0.00000,0.00000,0.00000,0.00000,0.00000,False,0.00755,0.00002
220,0.82246,0.89758,0.73248,0.98660,0.69535,0.65843,0.64774,0.64938,-0.20391,-0.22008,0.04642,1.22952,1.22291,366,0,50.66200,7.96020,547.00000,21.43645,8,47,0.42694,False,0.00000,0.00000,0.00000,0.00000,0.00000,False,-0.00164,-0.00000
221,0.98597,0.78533,0.77410,0.79747,0.77062,0.77183,0.77498,0.76906,0.16621,0.20259,0.22332,1.23483,1.23587,366,3,53.32230,11.93190,81.00000,33.52429,4,26,0.23097,False,0.00000,0.00000,0.00000,0.00000,0.00000,False,0.00592,0.00001
222,1.19207,0.94178,0.87185,0.80935,0.86739,0.91412,0.91364,0.89742,0.66325,0.59265,0.30545,1.37814,1.36820,366,4,51.72590,11.51090,107.00000,17.40905,8,35,0.32597,False,0.00000,0.00000,0.00000,0.00000,0.00000,False,0.01623,0.00003
223,0.87627,0.82692,0.76420,1.02833,0.81935,0.79936,0.77415,0.77009,-0.33972,-0.35339,-0.52773,1.38475,1.36522,366,3,50.56120,10.37710,450.00000,16.25792,15,48,0.34265,False,0.00000,0.00000,0.00000,0.00000,0.00000,False,0.00406,0.00001
224,1.46127,1.25046,1.18618,1.14265,1.28948,1.39364,1.42163,1.42785,1.66320,1.67800,0.64259,1.42737,1.41096,366,3,51.12940,13.43270,157.00000,12.73117,7,29,0.25898,False,0.00000,0.00000,0.00000,0.00000,0.00000,False,-0.00621,-0.00001
225,1.36861,1.07216,1.01015,0.84900,0.95781,0.95848,0.97806,0.94169,0.77368,0.72208,0.28174,1.45546,1.46920,366,3,49.47730,9.76220,250.00000,16.61000,10,46,0.30529,False,0.00000,0.00000,0.00000,0.00000,0.00000,False,0.03637,0.00007
226,0.95519,0.88284,0.69011,0.76228,0.70647,0.69111,0.69690,0.69672,0.18266,0.17279,0.31633,1.43907,1.43532,366,5,48.16940,8.94330,900.00000,5.75848,12,42,0.49394,False,0.00000,0.00000,0.00000,0.00000,0.00000,False,0.00018,0.00000
227,1.18568,0.96547,0.90257,0.83055,0.85430,0.83578,0.86047,0.85989,0.41037,0.42493,-0.58307,1.64345,1.66210,366,5,48.85480,12.91890,313.00000,26.45465,8,18,0.64995,False,0.00000,0.00000,0.00000,0.00000,0.00000,False,0.00058,0.00000
228,1.20047,0.89205,0.89794,0.81836,0.86482,0.87903,0.90401,0.89963,0.44847,0.41914,-0.12713,1.46416,1.44688,366,1,49.66910,9.00850,240.00000,8.49218,11,47,0.19997,False,0.00000,0.00000,0.00000,0.00000,0.00000,False,0.00439,0.00001
229,0.92945,0.97770,0.86874,1.16185,0.86975,0.82642,0.79797,0.79686,-0.00427,-0.03310,-0.16013,1.35378,1.31311,366,3,49.71760,9.09970,453.00000,8.49218,13,46,0.10498,False,0.00000,0.00000,0.00000,0.00000,0.00000,False,0.00111,0.00000
230,1.03432,0.83836,0.80008,0.87841,0.78221,0.78139,0.78710,0.78902,-0.00015,-0.12032,-0.41830,1.37104,1.38713,366,2,50.72810,11.78380,355.00000,17.87064,16,41,0.27531,False,0.00000,0.00000,0.00000,0.00000,0.00000,False,-0.00193,-0.00000
231,1.12034,0.88104,0.84006,0.79087,0.84587,0.83961,0.83794,0.82504,0.35321,0.33517,-0.12652,1.38386,1.40882,365,0,49.76440,9.25300,239.00000,11.01108,10,49,0.28263,False,0.00000,0.00000,0.00000,0.00000,0.00000,False,0.01290,0.00003
232,1.11024,0.93607,0.90896,0.83508,0.89831,0.87838,0.86343,0.86563,0.27976,0.32093,-0.00635,1.37451,1.39986,366,0,50.43830,7.80610,265.00000,15.65240,9,49,0.31535,False,0.00000,0.00000,0.00000,0.00000,0.00000,False,-0.00220,-0.00000
233,0.97932,0.88033,0.84470,0.81810,0.86239,0.91929,0.88399,0.88351,0.69501,0.70908,0.41397,1.28545,1.27021,366,4,51.72090,9.83520,240.00000,21.20410,9,35,0.27176,False,0.00000,0.00000,0.00000,0.00000,0.00000,False,0.00048,0.00000
234,1.79575,1.64755,1.53847,1.27404,1.58265,1.61011,1.55259,1.53572,1.77858,1.76488,1.33177,1.45088,1.46408,366,3,48.97210,8.87340,244.00000,13.57748,12,41,0.19324,False,0.00000,0.00000,0.00000,0.00000,0.00000,False,0.01686,0.00003
235,1.33128,1.11152,1.12770,1.01239,1.06861,1.07463,1.08541,1.08422,0.93633,0.91442,0.59490,1.47488,1.44275,362,5,48.27910,12.50240,406.00000,27.71376,7,30,0.29846,False,0.00000,0.00000,0.00000,0.00000,0.00000,False,0.00119,0.00000
236,1.10578,0.87546,0.84399,0.82200,0.84862,0.85635,0.85462,0.85264,0.39438,0.40602,0.60911,1.41831,1.37951,366,4,52.51760,14.12320,63.00000,28.72875,9,22,0.22839,False,0.00000,0.00000,0.00000,0.00000,0.00000,False,0.00198,0.00000
237,1.35513,0.91192,0.94003,1.32628,0.87725,0.92503,0.95467,0.94443,-0.96140,-0.93101,-1.41321,1.41392,1.43180,366,0,48.16310,11.54290,515.00000,16.70535,9,40,0.18848,False,0.00000,0.00000,0.00000,0.00000,0.00000,False,0.01024,0.00002
238,0.99527,0.79174,0.86903,0.73980,0.85014,0.90129,0.93984,0.92861,0.93206,0.90293,0.65599,1.38150,1.38011,366,5,48.38510,9.48370,750.00000,22.98333,13,44,0.26113,False,0.00000,0.00000,0.00000,0.00000,0.00000,False,0.01123,0.00002
239,1.43896,1.16602,1.13137,0.92800,1.19576,1.15505,1.14500,1.16257,1.25777,1.30996,1.22569,1.37354,1.38116,361,3,51.56600,14.70090,125.00000,33.58605,4,14,0.23030,False,0.00000,0.00000,0.00000,0.00000,0.00000,False,-0.01757,-0.00003
240,1.22981,0.83845,0.83590,0.97175,0.83996,0.85763,0.84649,0.84129,-0.34412,-0.27252,-1.03418,1.41517,1.42152,365,3,50.35740,8.75060,149.00000,28.19468,12,51,0.32155,False,0.00000,0.00000,0.00000,0.00000,0.00000,False,0.00519,0.00001
241,1.06593,0.97792,0.88277,0.82323,0.89689,0.86146,0.85907,0.87777,0.54478,0.61878,0.22638,1.46498,1.46257,365,4,48.70970,11.20960,380.00000,23.96431,7,40,0.19385,False,0.00000,0.00000,0.00000,0.00000,0.00000,False,-0.01870,-0.00004
242,1.12090,0.90054,0.87457,0.80783,0.87908,0.85584,0.81778,0.83036,0.19540,0.29894,0.08981,1.45182,1.44751,366,4,48.31150,10.37730,486.00000,30.36144,9,44,0.21265,False,0.00000,0.00000,0.00000,0.00000,0.00000,False,-0.01258,-0.00003
243,1.65705,1.17860,1.07548,1.05406,1.06721,1.09588,1.07398,1.08329,0.43894,0.41805,-0.94428,1.44229,1.45554,340,2,50.53460,7.08530,111.00000,24.68900,11,46,0.25761,False,0.00000,0.00000,0.00000,0.00000,0.00000,False,-0.00931,-0.00002
244,1.16119,0.90048,0.87387,0.77960,0.87768,0.89650,0.89131,0.89391,0.71019,0.71822,0.84048,1.30772,1.30335,366,6,53.10200,13.04210,77.00000,24.28467,4,26,0.23099,False,0.00000,0.00000,0.00000,0.00000,0.00000,False,-0.00260,-0.00001
245,1.10574,0.80609,0.62605,0.67923,0.63983,0.63477,0.63182,0.62453,0.14564,0.12646,1.00906,1.34242,1.36041,366,6,50.50020,11.13440,845.00000,14.38047,11,47,0.64471,False,0.00000,0.00000,0.00000,0.00000,0.00000,False,0.00729,0.00001
246,0.86819,0.86906,0.79550,1.07032,0.75862,0.73731,0.72261,0.71848,-0.17391,-0.19342,0.04420,1.21048,1.19838,366,3,50.89230,9.40500,500.00000,16.95588,13,44,0.53045,False,0.00000,0.00000,0.00000,0.00000,0.00000,False,0.00413,0.00001
247,0.97476,0.81713,0.77217,0.80542,0.76335,0.75923,0.76500,0.76179,0.09366,0.10120,-0.49622,1.37119,1.38609,366,0,50.84460,7.37200,195.00000,15.22048,13,42,0.46091,False,0.00000,0.00000,0.00000,0.00000,0.00000,False,0.00321,0.00001
248,1.34109,1.12296,1.17160,0.96578,1.12391,1.07676,1.09825,1.12845,0.95507,1.03279,0.11726,1.46378,1.43302,366,5,49.34360,7.22950,236.00000,17.01798,9,32,0.28762,False,0.00000,0.00000,0.00000,0.00000,0.00000,False,-0.03020,-0.00006
249,0.82395,0.72461,0.69756,0.72754,0.69289,0.69633,0.69695,0.69853,0.23341,0.24246,0.29117,1.31505,1.30787,366,2,52.90370,12.80720,38.00000,26.92141,5,30,0.16163,False,0.00000,0.00000,0.00000,0.00000,0.00000,False,-0.00158,-0.00000
250,1.07842,0.81966,0.71571,0.85474,0.79681,0.77437,0.72097,0.72563,-0.41701,-0.42913,-1.04535,1.37758,1.36430,366,3,50.67430,6.42400,350.00000,20.53994,7,30,0.53106,False,0.00000,0.00000,0.00000,0.00000,0.00000,False,-0.00466,-0.00001
251,0.78430,0.74084,0.68830,0.85629,0.70073,0.69313,0.67648,0.67808,-0.05560,-0.08684,0.01161,1.37396,1.35792,366,3,49.38950,9.96660,459.00000,20.03525,9,41,0.36927,False,0.00000,0.00000,0.00000,0.00000,0.00000,False,-0.00161,-0.00000
252,1.05278,0.81948,0.79771,0.89690,0.79900,0.82381,0.79752,0.79694,-0.31683,-0.35905,-0.51256,1.47352,1.49046,366,6,48.82530,10.50670,435.00000,15.07680,9,42,0.23474,False,0.00000,0.00000,0.00000,0.00000,0.00000,False,0.00058,0.00000
253,1.14010,0.79644,0.78123,0.87525,0.73466,0.75378,0.74679,0.76164,-0.30565,-0.35677,-1.06198,1.25950,1.26074,366,6,50.82940,6.66020,111.00000,15.95828,10,35,0.40035,False,0.00000,0.00000,0.00000,0.00000,0.00000,False,-0.01485,-0.00003
254,0.80761,0.75540,0.79317,0.96226,0.83664,0.82321,0.83192,0.85859,-0.38953,-0.43233,-0.12094,1.07921,1.07021,360,0,53.71230,7.15190,12.00000,36.40464,2,10,0.19175,False,0.00000,0.00000,0.00000,0.00000,0.00000,False,-0.02667,-0.00005
255,0.87964,0.73328,0.72432,0.66044,0.71086,0.73267,0.74065,0.71485,0.68614,0.62723,0.65926,1.10081,1.10795,365,1,53.76470,8.65830,25.00000,12.25640,8,29,0.14919,False,0.00000,0.00000,0.00000,0.00000,0.00000,False,0.02580,0.00005
256,0.71997,0.76117,0.67281,0.81332,0.65934,0.64436,0.62778,0.63069,0.07644,0.07221,-0.13624,1.23101,1.21754,366,3,50.36010,6.86970,485.00000,24.64655,8,39,0.20668,False,0.00000,0.00000,0.00000,0.00000,0.00000,False,-0.00291,-0.00001
257,1.70576,1.45984,1.42314,1.17494,1.34444,1.28477,1.29096,1.25835,1.26947,1.23954,1.20079,1.42444,1.45009,366,6,49.42580,11.25380,368.00000,16.74216,6,33,0.16199,False,0.00000,0.00000,0.00000,0.00000,0.00000,False,0.03261,0.00007
258,1.00856,0.83504,0.78145,0.92624,0.78997,0.83421,0.83795,0.84334,-0.49287,-0.48904,-0.53538,1.46406,1.50314,366,3,49.50300,11.05490,314.00000,16.66816,7,37,0.28564,False,0.00000,0.00000,0.00000,0.00000,0.00000,False,-0.00539,-0.00001
259,3.04330,1.01405,1.04036,1.19834,1.00440,1.04997,1.04461,0.95248,-0.92122,-0.55781,-3.46738,1.72018,1.70916,366,3,47.61870,12.16660,518.00000,14.93796,7,22,1.08985,True,0.00000,0.00000,154.01733,0.00000,0.00000,True,0.09213,0.00019
260,2.94159,1.13170,0.97141,1.04743,0.97074,0.96348,0.96745,0.97873,-0.05334,-0.03314,-3.32284,1.70761,1.66467,366,5,47.39860,10.27600,806.00000,27.75373,3,17,0.54137,True,0.00000,0.00000,0.00000,0.02230,0.00000,True,-0.01128,-0.00002
261,1.05851,0.80431,0.73177,0.79284,0.74831,0.74145,0.73422,0.74624,-0.09211,-0.09407,-0.60008,1.45651,1.52330,365,0,49.12800,9.35250,230.00000,14.86880,12,48,0.31270,False,0.00000,0.00000,0.00000,0.00000,0.00000,False,-0.01202,-0.00002
262,0.73388,0.73210,0.64209,0.80796,0.65558,0.64698,0.63629,0.63982,0.11707,0.14686,0.09522,1.32781,1.30972,366,5,49.45210,12.43660,596.00000,19.13143,6,25,0.40019,False,0.00000,0.00000,0.00000,0.00000,0.00000,False,-0.00353,-0.00001
263,1.08097,0.75081,0.78885,0.99748,0.74414,0.76476,0.78611,0.80844,-0.66884,-0.70780,-0.99869,1.43253,1.47645,366,2,49.20700,9.51750,276.00000,14.86880,13,51,0.30653,False,0.00000,0.00000,0.00000,0.00000,0.00000,False,-0.02233,-0.00004
265,1.00162,0.82465,0.77446,0.79512,0.78383,0.78483,0.78194,0.77107,0.03777,0.07761,0.25659,1.29454,1.31634,366,3,51.29600,13.09280,150.00000,25.67201,4,31,0.42201,False,0.00000,0.00000,0.00000,0.00000,0.00000,False,0.01088,0.00002
267,0.83653,0.78641,0.76831,0.93808,0.73527,0.72935,0.71807,0.71450,0.00403,-0.00835,-0.29635,1.31878,1.31161,366,3,51.08730,11.92920,246.00000,15.34183,12,43,0.24114,False,0.00000,0.00000,0.00000,0.00000,0.00000,False,0.00357,0.00001
268,1.54386,1.27612,1.25190,1.05031,1.19207,1.14951,1.13205,1.12458,0.83674,0.86654,0.34908,1.42794,1.44719,364,4,50.45380,10.22110,312.00000,16.25792,13,44,0.30951,False,0.00000,0.00000,0.00000,0.00000,0.00000,False,0.00747,0.00001
269,1.92780,0.98925,0.88624,1.00885,0.90313,0.89740,0.90508,0.93098,-0.43821,-0.62821,-2.20941,1.66258,1.70126,366,2,47.63620,10.38920,885.00000,10.50664,9,27,0.54597,False,0.00000,0.00000,0.00000,0.00000,0.00000,False,-0.02590,-0.00005
270,0.80550,0.75468,0.67293,0.77410,0.68557,0.71049,0.69953,0.69652,0.35315,0.34995,0.16665,1.42342,1.39998,360,6,49.15100,11.68960,549.00000,23.17863,8,35,0.18513,False,0.00000,0.00000,0.00000,0.00000,0.00000,False,0.00301,0.00001
271,0.91095,0.79695,0.79174,0.85879,0.78803,0.79892,0.79178,0.78983,-0.18844,-0.23846,-0.28440,1.17480,1.17511,364,5,54.08930,10.87730,2.00000,22.61452,5,24,0.18038,False,0.00000,0.00000,0.00000,0.00000,0.00000,False,0.00195,0.00000
272,1.53883,1.31638,1.32845,1.18835,1.35495,1.33042,1.35345,1.34192,1.22756,1.21392,-0.15872,1.45046,1.45291,366,3,49.53560,6.38040,152.00000,27.58080,5,16,0.20395,True,0.00000,0.00000,0.00000,0.00000,0.00000,False,0.01154,0.00002
273,0.93003,0.78011,0.75962,0.76765,0.81770,0.84494,0.78745,0.79566,0.47455,0.46418,0.24204,1.33881,1.36168,364,0,48.93290,8.69730,333.00000,13.57748,11,43,0.47317,False,0.00000,0.00000,0.00000,0.00000,0.00000,False,-0.00822,-0.00002
274,1.16793,0.98195,1.03323,0.85901,0.97196,0.89475,0.88725,0.89729,0.51497,0.58393,0.41026,1.50291,1.51353,366,0,47.93440,9.28690,630.00000,18.61727,9,39,0.12332,False,0.00000,0.00000,0.00000,0.00000,0.00000,False,-0.01004,-0.00002
275,0.91432,0.88415,0.75929,0.89920,0.73113,0.72000,0.71030,0.71344,-0.07466,-0.06750,-0.39511,1.31796,1.31618,321,2,49.19120,7.58790,385.00000,28.82377,6,39,0.40126,False,0.00000,0.00000,0.00000,0.00000,0.00000,False,-0.00314,-0.00001
276,1.14933,0.85177,0.77387,0.76018,0.78658,0.79043,0.78788,0.77206,0.26562,0.18366,-0.33335,1.37301,1.38586,357,2,50.48190,12.13000,386.00000,13.19297,12,37,0.10151,False,0.00000,0.00000,0.00000,0.00000,0.00000,False,0.01582,0.00003
277,0.76833,0.74473,0.65039,0.80824,0.66636,0.66439,0.64887,0.64310,0.16169,0.16223,0.09562,1.37202,1.35980,366,6,49.47770,11.53570,522.00000,23.06180,8,31,0.27103,False,0.00000,0.00000,0.00000,0.00000,0.00000,False,0.00577,0.00001
278,0.78202,0.74166,0.70224,0.74694,0.69561,0.69735,0.70054,0.69423,-0.10413,-0.11481,0.16918,1.27462,1.25081,366,5,52.38130,13.06220,81.00000,18.12804,11,27,0.24187,False,0.00000,0.00000,0.00000,0.00000,0.00000,False,0.00631,0.00001
279,1.29204,0.83864,0.78824,0.69166,0.80982,0.79987,0.82124,0.77582,0.77620,0.64751,1.16772,1.25667,1.22613,366,2,54.36430,13.47710,40.00000,30.11659,7,15,0.16773,False,0.00000,0.00000,0.00000,0.00000,0.00000,False,0.04542,0.00009
280,1.18264,0.90595,0.82651,0.94629,0.80163,0.79618,0.79581,0.79536,-0.26398,-0.24868,-0.70237,1.27779,1.25700,362,5,51.79530,11.13200,142.00000,22.57867,12,41,0.23316,False,0.00000,0.00000,0.00000,0.00000,0.00000,False,0.00045,0.00000
281,1.11618,0.97389,0.95116,0.88410,0.91543,0.90617,0.91085,0.89862,0.52432,0.48733,0.34560,1.20981,1.21911,366,6,53.73310,9.87760,11.00000,13.27965,6,32,0.07411,False,0.00000,0.00000,0.00000,0.00000,0.00000,False,0.01223,0.00002
282,1.04896,0.87067,0.85579,0.77647,0.83002,0.83369,0.83570,0.83910,0.49788,0.52362,0.32605,1.24150,1.26024,366,0,52.44610,8.59060,41.00000,23.05154,9,31,0.14228,False,0.00000,0.00000,0.00000,0.00000,0.00000,False,-0.00340,-0.00001
283,1.40898,0.86927,0.82711,0.86673,0.83991,0.82543,0.81675,0.82093,0.09143,0.05087,-1.23455,1.54605,1.51900,366,6,47.80620,9.62060,440.00000,19.06956,8,31,0.38477,False,0.00000,0.00000,0.00000,0.00000,0.00000,False,-0.00419,-0.00001
284,0.92814,0.79380,0.73463,0.79601,0.74042,0.74469,0.73708,0.74211,-0.11563,-0.08384,-0.25227,1.46718,1.48645,366,5,49.04240,12.10210,365.00000,31.16757,6,31,0.30753,False,0.00000,0.00000,0.00000,0.00000,0.00000,False,-0.00503,-0.00001
285,1.00684,0.85865,0.78519,1.12187,0.77214,0.74484,0.76430,0.76095,-0.62735,-0.61860,-0.98735,1.28928,1.29310,366,0,50.99060,7.69580,350.00000,11.98882,12,44,0.20483,False,0.00000,0.00000,0.00000,0.00000,0.00000,False,0.00336,0.00001
286,1.00494,0.95337,0.92588,0.79619,0.91305,0.79455,0.77510,0.78656,0.51513,0.52007,0.66294,1.49320,1.52057,366,5,48.74250,8.92400,478.00000,22.08272,12,49,0.35039,False,0.00000,0.00000,0.00000,0.00000,0.00000,False,-0.01145,-0.00002
287,1.31265,1.10652,0.93375,0.86750,0.96442,0.97457,0.97520,0.97372,0.82502,0.81058,-0.43346,1.50417,1.54530,366,0,48.67030,7.99390,131.00000,19.53271,7,38,0.23838,False,0.00000,0.00000,0.00000,0.00000,0.00000,False,0.00148,0.00000
288,0.87233,0.80365,0.81104,0.76479,0.78408,0.77612,0.78057,0.78968,0.32669,0.36193,0.01354,1.22936,1.22647,366,2,52.28870,7.38660,40.00000,26.05815,5,19,0.17476,False,0.00000,0.00000,0.00000,0.00000,0.00000,False,-0.00911,-0.00002
289,1.33788,0.92274,0.81583,0.89094,0.82059,0.83685,0.85548,0.86872,0.40858,0.36971,-0.86837,1.68205,1.67662,184,6,47.55900,7.77210,282.00000,29.26636,4,16,0.33264,True,0.00000,0.00000,0.00000,0.00000,0.00000,False,-0.01324,-0.00001
290,1.14671,0.96062,0.92423,0.84398,0.91050,0.87829,0.85981,0.85444,0.30484,0.28564,-0.09809,1.51113,1.52474,366,2,48.14790,9.45960,533.00000,16.44411,11,42,0.32882,False,0.00000,0.00000,0.00000,0.00000,0.00000,False,0.00537,0.00001
291,1.50837,0.97646,0.88105,0.92021,0.91174,0.89726,0.89014,0.89830,-0.00563,0.01615,-1.33559,1.41931,1.42568,366,2,47.87540,12.12800,444.00000,20.18357,9,28,0.38571,False,0.00000,0.00000,0.00000,0.00000,0.00000,False,-0.00816,-0.00002
292,0.91242,0.83624,0.84944,1.10227,0.84441,0.89400,0.83960,0.86987,-0.79700,-0.85533,-0.70478,1.19166,1.17889,366,5,54.18030,12.08080,4.00000,19.93376,5,19,0.24925,False,0.00000,0.00000,0.00000,0.00000,0.00000,False,-0.03027,-0.00006
293,0.87273,0.75992,0.72810,0.70022,0.70241,0.70123,0.70705,0.70483,0.30423,0.27365,0.17854,1.22478,1.20811,366,2,53.12880,9.33980,32.00000,35.62157,3,26,0.23464,False,0.00000,0.00000,0.00000,0.00000,0.00000,False,0.00222,0.00000
294,1.17922,0.95678,0.90765,0.84083,0.86262,0.85937,0.84826,0.84233,0.23772,0.25829,0.10667,1.48987,1.48931,365,3,49.21640,11.10360,386.00000,25.70348,8,31,0.16324,False,0.00000,0.00000,0.00000,0.00000,0.00000,False,0.00593,0.00001
295,0.88291,0.73726,0.69301,0.76081,0.70650,0.70092,0.68669,0.68153,0.06692,0.08582,0.11449,1.39436,1.38541,366,3,49.38480,10.17320,415.00000,21.09119,8,41,0.31266,False,0.00000,0.00000,0.00000,0.00000,0.00000,False,0.00516,0.00001
296,1.45381,1.11639,1.31395,0.98505,1.04808,0.95424,0.96895,0.95842,0.61463,0.63821,0.32057,1.66835,1.65249,366,1,48.18140,8.63560,588.00000,12.23801,14,43,0.30349,False,0.00000,0.00000,0.00000,0.00000,0.00000,False,0.01053,0.00002
297,1.40487,0.88405,0.78233,0.83847,0.80115,0.79220,0.78193,0.79202,-0.08654,-0.14948,-1.27052,1.46198,1.45489,366,1,49.85020,7.87100,102.00000,22.29605,10,43,0.28989,False,0.00000,0.00000,0.00000,0.00000,0.00000,False,-0.01010,-0.00002
298,0.99513,1.02437,0.85167,1.14180,0.79634,0.75191,0.74730,0.73409,-0.30906,-0.26573,-0.25452,1.26645,1.26474,366,0,49.64680,7.88370,461.00000,18.98295,11,45,0.53485,False,0.00000,0.00000,0.00000,0.00000,0.00000,False,0.01321,0.00003
299,0.86808,0.76844,0.71104,0.77219,0.76590,0.76877,0.75403,0.74960,0.44142,0.39800,-0.20883,1.34522,1.36357,366,6,49.21280,7.10770,320.00000,12.90943,6,26,0.29941,False,0.00000,0.00000,0.00000,0.00000,0.00000,False,0.00444,0.00001
300,1.07075,0.89415,0.82169,0.79533,0.84848,0.86104,0.83273,0.82484,0.49167,0.47240,-0.03917,1.45252,1.46287,366,3,48.95690,9.07100,248.00000,21.43875,13,45,0.19852,False,0.00000,0.00000,0.00000,0.00000,0.00000,False,0.00789,0.00002
301,1.21591,0.98001,1.11516,0.99513,0.97210,0.98057,1.01412,1.00929,0.81680,0.77121,-0.29117,1.70168,1.69540,366,2,48.78320,13.31460,456.00000,23.05117,5,17,0.60242,False,0.00000,0.00000,0.00000,0.00000,0.00000,False,0.00483,0.00001
302,0.86291,0.74078,0.69758,0.81140,0.71043,0.70057,0.70637,0.71212,-0.03587,-0.06178,-0.37577,1.29189,1.29635,366,6,52.10420,8.75210,135.00000,30.27528,5,30,0.47940,False,0.00000,0.00000,0.00000,0.00000,0.00000,False,-0.00575,-0.00001
303,1.25360,1.28513,1.17287,1.52563,1.17062,1.14675,1.10638,1.10917,-1.01586,-1.00879,-1.09868,1.32519,1.30537,366,5,50.35170,10.00340,510.00000,15.17626,11,49,0.54696,False,0.00000,0.00000,0.00000,0.00000,0.00000,False,-0.00279,-0.00001
304,0.92611,0.72400,0.72074,0.64982,0.72558,0.71761,0.73777,0.72154,0.61070,0.57126,0.79675,1.06849,1.05459,366,1,54.32790,8.60310,5.00000,36.01385,4,21,0.23957,False,0.00000,0.00000,0.00000,0.00000,0.00000,False,0.01623,0.00003
305,1.42529,1.04807,0.99853,0.97709,1.01087,1.01326,1.00832,1.01009,0.26355,0.23788,-0.35272,1.38928,1.39063,366,1,49.91950,8.96710,155.00000,21.15330,8,47,0.23765,False,0.00000,0.00000,0.00000,0.00000,0.00000,False,-0.00178,-0.00000
306,1.98893,0.87401,1.10726,0.94453,1.16594,1.12090,1.08324,1.06369,0.58743,0.65381,2.14633,1.11264,1.11165,354,4,51.76580,10.65330,609.00000,5.88679,9,36,0.57813,False,0.00000,0.00000,0.00000,0.00000,0.00000,False,0.01955,0.00004
307,0.76776,0.73600,0.66587,0.84355,0.67345,0.66825,0.66034,0.65808,-0.22696,-0.19755,-0.34477,1.33544,1.32918,366,3,50.56790,11.80410,501.00000,17.70333,15,43,0.20087,False,0.00000,0.00000,0.00000,0.00000,0.00000,False,0.00226,0.00000
308,0.70379,0.66433,0.61115,0.65761,0.61221,0.61251,0.61218,0.61577,-0.10793,-0.15070,-0.07350,1.19578,1.19605,366,1,54.52750,9.54870,43.00000,8.05090,10,22,0.14769,False,0.00000,0.00000,0.00000,0.00000,0.00000,False,-0.00359,-0.00001
309,1.47675,1.17779,1.12423,0.92845,1.05178,1.03020,1.04224,1.01570,0.72912,0.71090,0.04422,1.44268,1.46870,366,6,50.34470,9.55340,230.00000,27.53658,11,48,0.28681,False,0.00000,0.00000,0.00000,0.00000,0.00000,False,0.02654,0.00005
310,1.19895,0.90624,0.81935,0.75729,0.79647,0.79572,0.77948,0.76389,0.07673,0.01584,-0.33180,1.41106,1.43998,366,6,50.72500,10.45390,296.00000,13.55995,11,44,0.23455,False,0.00000,0.00000,0.00000,0.00000,0.00000,False,0.01559,0.00003
311,1.71816,0.93467,0.67033,0.67455,0.66923,0.65670,0.65790,0.66089,0.20481,0.23127,1.71357,1.30050,1.32449,365,0,50.65460,10.76930,937.00000,11.79978,15,44,0.45920,False,0.00000,0.00000,0.00000,0.00000,0.00000,False,-0.00299,-0.00001
312,0.83847,0.73969,0.67650,0.67001,0.68008,0.73235,0.76738,0.80545,0.64293,0.74597,0.54415,1.27576,1.27442,366,3,50.29680,6.41940,649.00000,23.98144,3,26,0.96718,False,0.00000,0.00000,0.00000,0.00000,0.00000,False,-0.03806,-0.00008
313,1.62785,1.26303,1.19282,1.01482,1.18331,1.14768,1.13687,1.11334,0.59721,0.59942,0.36801,1.43431,1.46615,366,6,49.16430,12.61750,399.00000,16.18054,9,23,0.30529,False,0.00000,0.00000,0.00000,0.00000,0.00000,False,0.02353,0.00005
314,0.98503,0.89791,0.84734,0.84359,0.84150,0.82177,0.83837,0.83610,0.08440,0.05034,-0.15579,1.37806,1.39367,366,1,50.49250,9.12260,265.00000,7.43462,10,48,0.12911,False,0.00000,0.00000,0.00000,0.00000,0.00000,False,0.00227,0.00000
315,1.15606,0.94134,0.86117,0.86359,0.86631,0.85639,0.85039,0.84889,0.17385,0.13154,-0.01912,1.39376,1.42772,366,2,49.32780,12.08700,356.00000,17.46509,9,35,0.22510,False,0.00000,0.00000,0.00000,0.00000,0.00000,False,0.00150,0.00000
316,1.47783,1.05239,0.96091,0.81312,0.89578,0.89681,0.91627,0.90981,0.43305,0.43031,-0.28520,1.44805,1.45223,366,4,50.64400,11.19370,277.00000,16.52941,14,39,0.19101,False,0.00000,0.00000,0.00000,0.00000,0.00000,False,0.00645,0.00001
317,0.72393,0.68786,0.65599,0.78941,0.64896,0.64942,0.64990,0.64604,-0.13176,-0.11097,-0.03926,1.25117,1.23190,366,0,53.64250,11.38720,59.00000,42.08619,4,24,0.31752,False,0.00000,0.00000,0.00000,0.00000,0.00000,False,0.00385,0.00001
318,1.16361,0.91928,0.90092,0.83104,0.89589,0.87169,0.88697,0.87958,0.53033,0.49997,0.59312,1.23633,1.24859,366,5,52.89110,11.72970,21.00000,15.22253,5,22,0.12472,False,0.00000,0.00000,0.00000,0.00000,0.00000,False,0.00738,0.00001
319,1.37714,1.06309,1.03564,1.05395,1.01217,1.02064,1.03329,1.03496,0.20934,0.17251,-0.32437,1.25398,1.22291,366,1,51.90400,10.18850,186.00000,16.67619,11,34,0.18399,False,0.00000,0.00000,0.00000,0.00000,0.00000,False,-0.00167,-0.00000
321,1.38108,1.17881,1.32175,1.04689,1.13756,1.04713,1.07714,1.08057,0.88474,0.93650,0.61811,1.57104,1.59120,365,0,48.07190,9.19420,580.00000,5.19058,12,40,0.30006,False,0.00000,0.00000,0.00000,0.00000,0.00000,False,-0.00343,-0.00001
322,2.16909,1.05447,1.11952,1.25679,0.96615,0.96230,0.96477,0.95834,-0.40596,-0.33930,-2.38700,1.42654,1.42796,366,0,47.57760,9.74040,507.00000,25.39657,7,24,0.34878,False,0.00000,0.00000,0.00000,0.00000,0.00000,False,0.00643,0.00001
323,1.18226,1.01410,0.96576,0.96653,0.97466,0.94874,0.94852,0.94677,0.08913,-0.00025,-0.09148,1.45699,1.48882,366,6,48.27190,13.02730,360.00000,38.28942,3,26,0.22302,False,0.00000,0.00000,0.00000,0.00000,0.00000,False,0.00175,0.00000
325,0.97750,0.78534,0.76832,0.69811,0.74009,0.73776,0.73433,0.74760,0.41657,0.46672,0.50995,1.25338,1.23073,366,4,52.96040,9.79310,76.00000,18.40513,4,23,0.10823,False,0.00000,0.00000,0.00000,0.00000,0.00000,False,-0.01326,-0.00003
328,1.27723,1.06571,1.01733,0.86068,0.99810,1.00546,0.98762,0.97824,0.77733,0.80548,0.42447,1.34666,1.36558,366,3,51.06070,9.92660,265.00000,26.71960,11,48,0.16114,False,0.00000,0.00000,0.00000,0.00000,0.00000,False,0.00938,0.00002
329,1.03680,0.89546,0.90006,0.78313,0.84593,0.85414,0.85988,0.86275,0.66390,0.65848,0.59369,1.19978,1.15970,366,4,53.69460,8.87350,1.00000,16.16060,7,29,0.16388,False,0.00000,0.00000,0.00000,0.00000,0.00000,False,-0.00287,-0.00001
330,0.93637,0.78549,0.76294,0.70629,0.72822,0.73491,0.74063,0.73154,0.42966,0.38140,0.26447,1.21617,1.22558,366,0,53.55270,9.60940,1.00000,20.68516,4,26,0.16231,False,0.00000,0.00000,0.00000,0.00000,0.00000,False,0.00909,0.00002
332,1.02915,1.03104,0.86355,1.15835,0.87092,0.81188,0.79997,0.81446,-0.31240,-0.42318,-0.18585,1.39106,1.38382,365,6,48.66570,9.86460,734.00000,25.24753,11,45,0.25972,False,0.00000,0.00000,0.00000,0.00000,0.00000,False,-0.01449,-0.00003
333,0.84976,0.72808,0.67773,0.61450,0.67730,0.67869,0.66257,0.66517,0.40786,0.43206,0.47915,1.17721,1.12795,366,4,54.66540,9.80500,40.00000,14.33431,6,21,0.14740,False,0.00000,0.00000,0.00000,0.00000,0.00000,False,-0.00260,-0.00001
334,1.07167,0.89178,0.83820,0.93499,0.84599,0.83772,0.83828,0.83740,-0.10412,-0.10215,-0.29828,1.45432,1.49153,366,0,48.82750,12.55980,350.00000,18.73303,10,34,0.22724,False,0.00000,0.00000,0.00000,0.00000,0.00000,False,0.00088,0.00000
336,1.42343,0.98422,1.01518,1.01648,0.93459,1.00015,1.02793,1.01660,-1.24280,-1.21210,-1.62376,1.42051,1.41691,366,3,48.82820,9.20000,314.00000,4.46304,12,46,0.48883,False,0.00000,0.00000,0.00000,0.00000,0.00000,False,0.01133,0.00002
337,1.07120,0.76328,0.72567,0.83417,0.73477,0.73227,0.71652,0.72057,-0.07397,-0.03906,-0.91183,1.50814,1.50848,366,1,48.68830,9.22350,371.00000,11.27500,17,54,0.14720,False,0.00000,0.00000,0.00000,0.00000,0.00000,False,-0.00406,-0.00001
338,1.16313,0.89434,0.83940,0.84366,0.83903,0.83806,0.83890,0.82501,-0.05483,-0.05430,-0.31385,1.38803,1.40343,366,0,50.63900,10.02280,395.00000,12.15122,15,45,0.33418,False,0.00000,0.00000,0.00000,0.00000,0.00000,False,0.01388,0.00003
339,1.23857,1.11482,0.93272,0.82901,1.02989,1.10942,1.06898,1.05446,1.17431,1.17025,0.81015,1.33695,1.33452,366,4,50.97710,12.34190,193.00000,31.35314,7,33,0.44924,False,0.00000,0.00000,0.00000,0.00000,0.00000,False,0.01452,0.00003
340,0.85635,0.69954,0.68945,0.75226,0.69651,0.69728,0.68491,0.69136,-0.03692,-0.08941,0.02185,1.22645,1.21299,366,5,53.76100,12.55740,38.00000,25.08338,5,22,0.15773,False,0.00000,0.00000,0.00000,0.00000,0.00000,False,-0.00645,-0.00001
341,1.02488,0.88815,0.90331,0.76973,0.84464,0.83527,0.84430,0.84151,0.58268,0.54675,0.43805,1.21556,1.20090,366,2,53.27580,8.98570,7.00000,21.39809,3,24,0.11744,False,0.00000,0.00000,0.00000,0.00000,0.00000,False,0.00280,0.00001
342,0.76673,0.74505,0.66829,0.69919,0.67784,0.69249,0.68285,0.68492,0.32799,0.38202,0.38795,1.26698,1.25157,365,4,50.40020,11.38890,633.00000,14.88657,10,42,0.16013,False,0.00000,0.00000,0.00000,0.00000,0.00000,False,-0.00207,-0.00000
343,1.07445,0.99226,0.88676,1.13802,0.87400,0.86289,0.85883,0.86866,-0.50283,-0.53878,-0.91749,1.40274,1.37842,366,1,49.47380,7.03860,386.00000,18.60023,9,22,0.12398,False,0.00000,0.00000,0.00000,0.00000,0.00000,False,-0.00983,-0.00002
344,0.89948,0.77337,0.77761,0.74311,0.76632,0.77826,0.78040,0.78608,0.42855,0.42016,-0.17901,1.27178,1.25773,366,4,51.28970,6.44370,37.00000,22.60266,5,29,0.19035,False,0.00000,0.00000,0.00000,0.00000,0.00000,False,-0.00568,-0.00001
345,1.06100,0.80697,0.78703,0.73774,0.78593,0.78117,0.76888,0.76704,0.30832,0.29426,0.39836,1.27147,1.27402,363,6,54.06610,12.76750,10.00000,27.01647,7,19,0.16696,False,0.00000,0.00000,0.00000,0.00000,0.00000,False,0.00184,0.00000
346,1.12273,0.76546,0.70630,0.82140,0.69250,0.74475,0.71375,0.70629,-0.36883,-0.32393,-1.15825,1.36674,1.36886,366,3,49.74790,6.65820,265.00000,3.66012,9,25,0.39375,False,0.00000,0.00000,0.00000,0.00000,0.00000,False,0.00746,0.00001
347,0.84053,0.73867,0.72122,0.85168,0.72329,0.72614,0.71715,0.71766,-0.15867,-0.16045,-0.01446,1.32731,1.31077,366,0,53.59970,13.30390,69.00000,32.26791,3,20,0.29582,False,0.00000,0.00000,0.00000,0.00000,0.00000,False,-0.00051,-0.00000
348,1.12681,0.99548,0.85928,0.95579,0.92428,0.90594,0.88096,0.88207,0.25685,0.27827,-0.10945,1.35343,1.34079,364,0,48.03110,12.53960,559.00000,16.32363,7,23,0.09339,False,0.00000,0.00000,0.00000,0.00000,0.00000,False,-0.00111,-0.00000
349,1.05960,0.85114,0.86664,0.79966,0.85814,0.85893,0.84494,0.82777,0.39203,0.39176,0.12616,1.30285,1.30631,360,3,51.33440,8.91320,295.00000,20.30037,9,39,0.29368,False,0.00000,0.00000,0.00000,0.00000,0.00000,False,0.01717,0.00003
350,1.13192,0.95585,0.92852,0.94112,0.91138,0.91813,0.92705,0.91722,0.27930,0.19708,0.35660,1.31050,1.30314,365,1,53.74440,14.06970,1.00000,27.48972,4,14,0.28340,False,0.00000,0.00000,0.00000,0.00000,0.00000,False,0.00983,0.00002
351,1.05957,0.83935,0.85014,0.73855,0.81557,0.81434,0.82567,0.81801,0.62712,0.58964,0.50377,1.28185,1.28550,366,2,52.94140,10.52890,50.00000,22.99505,6,25,0.16690,False,0.00000,0.00000,0.00000,0.00000,0.00000,False,0.00766,0.00002
352,1.12841,0.86818,0.80348,0.75739,0.80761,0.79045,0.77584,0.76150,0.22783,0.17294,0.12011,1.42964,1.45720,366,2,49.57410,10.19160,308.00000,18.06208,11,43,0.24986,False,0.00000,0.00000,0.00000,0.00000,0.00000,False,0.01434,0.00003
354,0.83857,0.74920,0.73725,0.81770,0.72851,0.74543,0.73037,0.74159,0.24767,0.25639,0.06047,1.27782,1.26181,366,4,52.16010,11.17590,162.00000,17.62974,5,28,0.24346,False,0.00000,0.00000,0.00000,0.00000,0.00000,False,-0.01121,-0.00002
355,1.32432,1.02728,1.24602,0.92584,1.03769,1.02093,1.01941,0.99754,0.64958,0.64262,0.45022,1.64228,1.63041,366,3,48.04530,8.46080,720.00000,19.33894,13,31,0.34098,False,0.00000,0.00000,0.00000,0.00000,0.00000,False,0.02187,0.00004
356,1.13062,0.91781,0.87193,0.87487,0.90495,0.89277,0.88722,0.89001,0.42786,0.41613,-0.60718,1.43355,1.44650,366,5,49.24450,8.53740,105.00000,21.73590,13,47,0.14427,False,0.00000,0.00000,0.00000,0.00000,0.00000,False,-0.00279,-0.00001
358,0.95252,0.78474,0.74718,0.80267,0.75448,0.75379,0.75425,0.75000,0.25487,0.23759,-0.27385,1.34585,1.35739,366,2,51.61940,9.57490,176.00000,21.20410,8,41,0.21030,False,0.00000,0.00000,0.00000,0.00000,0.00000,False,0.00425,0.00001
359,1.08740,0.97478,0.85916,1.00908,0.84966,0.84075,0.85228,0.85234,-0.21028,-0.19421,-0.07699,1.28718,1.25704,366,5,50.25960,8.36070,380.00000,7.43281,12,56,0.50575,False,0.00000,0.00000,0.00000,0.00000,0.00000,False,-0.00006,-0.00000
360,1.01101,0.83738,0.79352,0.87687,0.79022,0.79599,0.78972,0.78291,0.01110,0.02891,-0.32081,1.29711,1.29463,365,6,50.89630,10.54840,348.00000,7.37369,9,47,0.26246,False,0.00000,0.00000,0.00000,0.00000,0.00000,False,0.00682,0.00001
361,0.92363,0.76473,0.72906,0.74568,0.73850,0.73356,0.72646,0.72673,0.21077,0.16419,-0.17744,1.35079,1.35447,366,1,51.50400,9.11180,236.00000,23.35186,7,34,0.37090,False,0.00000,0.00000,0.00000,0.00000,0.00000,False,-0.00028,-0.00000
362,0.74513,0.66460,0.65394,0.74117,0.66276,0.65594,0.65040,0.65305,-0.11140,-0.08160,-0.12781,1.23212,1.22287,366,3,53.51960,12.66540,73.00000,27.77076,4,22,0.19556,False,0.00000,0.00000,0.00000,0.00000,0.00000,False,-0.00265,-0.00001
363,1.50487,0.98458,0.68854,0.71849,0.71698,0.70190,0.69860,0.68045,0.03670,-0.01742,1.33815,1.31147,1.32963,366,6,50.49730,9.94280,921.00000,8.32405,9,46,0.46087,False,0.00000,0.00000,0.00000,0.00000,0.00000,False,0.01815,0.00004
364,1.00726,0.83787,0.78730,0.95019,0.78509,0.80269,0.77698,0.77925,-0.36535,-0.36325,-0.58361,1.35029,1.36339,365,6,49.66630,12.18450,440.00000,28.51932,7,29,0.38114,False,0.00000,0.00000,0.00000,0.00000,0.00000,False,-0.00227,-0.00000
366,1.28011,1.16652,0.90685,1.06967,0.85890,0.80806,0.77786,0.76997,-0.17439,-0.14855,0.33248,1.21319,1.22446,365,4,49.37580,8.12130,553.00000,11.87456,11,48,0.70913,False,0.00000,0.00000,0.00000,0.00000,0.00000,False,0.00789,0.00002
367,0.99875,0.92181,0.81258,0.89696,0.82495,0.82937,0.81126,0.82120,-0.17050,-0.14150,-0.64906,1.38276,1.35146,366,5,49.55340,6.81200,380.00000,18.60023,11,27,0.12393,False,0.00000,0.00000,0.00000,0.00000,0.00000,False,-0.00994,-0.00002
368,0.96777,0.78602,0.73455,0.78138,0.73114,0.73682,0.73274,0.72897,-0.11095,-0.11429,-0.21287,1.45601,1.47921,366,0,49.01160,10.93080,439.00000,26.01485,11,50,0.20825,False,0.00000,0.00000,0.00000,0.00000,0.00000,False,0.00376,0.00001
370,1.08841,0.75305,0.69262,0.74981,0.69796,0.70065,0.68922,0.69360,0.04283,-0.00949,-0.75341,1.35549,1.37326,366,2,51.57630,7.88790,85.00000,31.83266,8,34,0.37586,False,0.00000,0.00000,0.00000,0.00000,0.00000,False,-0.00438,-0.00001
371,1.35812,1.15461,1.12084,1.26494,1.08310,1.05158,1.06517,1.04678,-0.66678,-0.59122,-0.78051,1.21780,1.20437,364,4,51.84540,10.76860,233.00000,17.75415,9,30,0.52103,False,0.00000,0.00000,0.00000,0.00000,0.00000,False,0.01838,0.00004
372,0.68655,0.64152,0.66983,0.66034,0.64903,0.65274,0.65379,0.65819,-0.13421,-0.20468,0.14667,1.16941,1.13642,366,6,54.52840,11.06050,3.00000,9.83239,3,19,0.06020,False,0.00000,0.00000,0.00000,0.00000,0.00000,False,-0.00440,-0.00001
373,1.28970,0.94057,0.89146,0.87548,0.94300,0.92586,0.91283,0.92526,0.36942,0.38853,-0.72204,1.41130,1.40835,366,2,47.88270,11.15760,550.00000,14.23974,14,33,0.21709,False,0.00000,0.00000,0.00000,0.00000,0.00000,False,-0.01242,-0.00002
374,0.98573,0.90210,0.84231,0.84070,0.85333,0.84122,0.84809,0.84618,0.21367,0.14428,-0.01164,1.27785,1.26414,366,1,50.13200,8.31700,263.00000,13.61173,12,44,0.31622,False,0.00000,0.00000,0.00000,0.00000,0.00000,False,0.00191,0.00000
375,0.92883,0.74802,0.68635,0.76827,0.68240,0.68004,0.67962,0.68488,0.10079,0.15385,0.66852,1.28722,1.26024,366,4,52.12070,12.45850,187.00000,22.77583,6,31,0.62918,False,0.00000,0.00000,0.00000,0.00000,0.00000,False,-0.00526,-0.00001
376,0.99869,0.79300,0.97897,0.74344,0.81591,0.76982,0.80253,0.79907,0.63616,0.63071,0.58106,1.52254,1.51591,362,5,48.65160,8.68010,570.00000,29.70016,12,48,0.61127,False,0.00000,0.00000,0.00000,0.00000,0.00000,False,0.00345,0.00001
377,0.86259,0.82309,0.75446,0.86761,0.74477,0.74410,0.74375,0.74695,0.02116,0.02294,0.19762,1.30447,1.30269,366,1,51.88920,12.64450,105.00000,28.71836,6,29,0.22991,False,0.00000,0.00000,0.00000,0.00000,0.00000,False,-0.00320,-0.00001
378,0.80005,0.77348,0.77056,0.69830,0.73170,0.73113,0.72224,0.73885,0.46071,0.52857,0.41328,1.15338,1.14193,365,3,53.55040,7.66720,8.00000,29.09401,4,19,0.20283,False,0.00000,0.00000,0.00000,0.00000,0.00000,False,-0.01661,-0.00003
379,1.36560,0.98230,0.97482,0.83218,0.97401,0.98253,1.00266,1.00911,0.90726,0.92443,0.99117,1.24639,1.23136,363,1,53.18640,12.49490,66.00000,28.39235,5,25,0.19373,False,0.00000,0.00000,0.00000,0.00000,0.00000,False,-0.00645,-0.00001
380,1.63808,0.99558,0.93931,0.93337,0.91462,0.91451,0.90244,0.90211,0.08941,0.06811,-1.13159,1.44829,1.41342,366,5,48.29530,8.23910,291.00000,14.22776,13,36,0.40661,False,0.00000,0.00000,0.00000,0.00000,0.00000,False,0.00033,0.00000
381,1.18300,0.93925,0.90954,0.86134,0.92140,0.97089,0.98472,0.96998,0.75685,0.69860,-0.48656,1.40436,1.38313,366,3,49.60510,8.36590,88.00000,17.27625,12,45,0.11645,False,0.00000,0.00000,0.00000,0.00000,0.00000,False,0.01475,0.00003
382,0.97163,0.78444,0.76977,1.03745,0.75546,0.82253,0.83438,0.84568,-0.70046,-0.72573,-0.75046,1.38813,1.40498,366,1,49.77030,9.95770,268.00000,16.27881,10,42,0.25237,False,0.00000,0.00000,0.00000,0.00000,0.00000,False,-0.01130,-0.00002
383,0.82438,0.76447,0.75081,0.81921,0.74866,0.74169,0.73572,0.73735,0.06430,0.04897,-0.16494,1.24146,1.25623,357,0,52.46050,9.43110,57.00000,15.63400,7,30,0.11939,False,0.00000,0.00000,0.00000,0.00000,0.00000,False,-0.00162,-0.00000
384,0.98291,0.83408,0.76968,0.73267,0.80134,0.78114,0.76030,0.75768,0.32493,0.29787,-0.06693,1.27014,1.28324,366,6,51.22480,7.10530,130.00000,6.95028,14,43,0.31620,False,0.00000,0.00000,0.00000,0.00000,0.00000,False,0.00262,0.00001
386,1.28651,1.18279,0.91389,0.82157,1.04109,1.11532,1.05030,1.03705,1.08997,1.02173,-0.13437,1.45820,1.42448,366,6,47.67830,8.38010,398.00000,23.05137,7,25,0.46754,True,0.00000,0.00000,0.00000,0.00000,0.00000,False,0.01325,0.00003
387,1.15968,0.90208,0.85979,0.78831,0.86458,0.87938,0.89214,0.89213,0.72384,0.73477,0.79284,1.31548,1.29722,366,5,52.96640,13.32680,51.00000,24.28467,9,24,0.21308,False,0.00000,0.00000,0.00000,0.00000,0.00000,False,0.00001,0.00000
388,0.89006,0.83755,0.89937,0.98573,0.86183,0.88121,0.86601,0.86868,0.12359,0.07277,-0.34311,1.37753,1.37561,358,4,51.03140,12.14950,170.00000,16.60364,7,37,0.42146,False,0.00000,0.00000,0.00000,0.00000,0.00000,False,-0.00267,-0.00001
389,1.82202,0.89834,0.68680,0.89610,0.68660,0.74723,0.71336,0.75810,-0.38633,-0.55987,1.99695,1.41218,1.41120,366,6,50.73140,13.75160,877.00000,20.27385,9,20,1.25261,False,0.00000,0.00000,0.00000,0.00000,0.00000,False,-0.04473,-0.00009
390,5.34377,2.10787,1.66277,1.55427,1.35707,1.18935,1.10243,1.10076,0.07992,-0.38486,5.30670,2.60685,2.41326,366,4,47.42090,10.98470,2964.00000,9.04897,5,24,8.16202,True,1132.00000,0.00000,741.56525,0.00000,0.00000,True,0.00167,0.00000
391,1.17645,0.83084,0.80121,0.87043,0.79274,0.79290,0.80114,0.79335,-0.12085,-0.08694,-0.83298,1.43974,1.46207,366,4,50.68780,12.43290,353.00000,22.57294,9,37,0.29086,False,0.00000,0.00000,0.00000,0.00000,0.00000,False,0.00779,0.00002
392,1.49975,1.15845,1.16119,1.05522,1.13715,1.17172,1.26514,1.29034,0.77496,0.78018,-0.23914,1.50728,1.48621,358,2,49.02800,13.23850,615.00000,12.12677,6,17,0.27265,False,0.00000,0.00000,0.00000,0.00000,0.00000,False,-0.02520,-0.00005
393,0.86262,0.77910,0.77014,0.69834,0.73380,0.73261,0.73457,0.73257,0.46173,0.43004,0.34579,1.21217,1.19574,366,2,52.86300,8.69880,40.00000,21.29846,6,25,0.23017,False,0.00000,0.00000,0.00000,0.00000,0.00000,False,0.00199,0.00000
394,0.92993,0.74083,0.69132,0.69063,0.68939,0.69248,0.68871,0.68581,0.07697,0.10594,0.24913,1.31329,1.27655,366,4,52.61980,12.78670,40.00000,31.59850,9,29,0.16311,False,0.00000,0.00000,0.00000,0.00000,0.00000,False,0.00290,0.00001
395,0.88521,0.79983,0.84341,0.73457,0.78609,0.78210,0.78495,0.79753,0.42404,0.45870,0.20378,1.19471,1.16372,366,4,53.38810,7.22870,0.00000,34.17715,4,12,0.19559,False,0.00000,0.00000,0.00000,0.00000,0.00000,False,-0.01258,-0.00003
396,0.78035,0.76715,0.71989,0.87174,0.72778,0.71427,0.72125,0.73679,0.03206,-0.08275,-0.08908,1.41811,1.43341,365,6,48.54510,13.35310,476.00000,23.60417,4,18,0.56751,False,0.00000,0.00000,0.00000,0.00000,0.00000,False,-0.01554,-0.00003
397,0.82964,0.88171,0.73382,0.95277,0.72659,0.71358,0.69567,0.69947,-0.17918,-0.17739,-0.16768,1.26785,1.24919,366,1,49.94620,7.26450,497.00000,10.58365,6,38,0.29371,False,0.00000,0.00000,0.00000,0.00000,0.00000,False,-0.00380,-0.00001
398,1.19980,0.92750,0.89329,0.89023,0.90025,0.91546,0.90969,0.91477,0.32051,0.30805,-0.73893,1.43123,1.45804,366,0,49.50900,8.55410,96.00000,12.80215,11,46,0.11606,False,0.00000,0.00000,0.00000,0.00000,0.00000,False,-0.00507,-0.00001
399,0.87335,0.75615,0.70908,0.71910,0.70239,0.69502,0.69538,0.69691,0.01842,-0.04408,-0.02745,1.13981,1.13368,366,1,54.64100,10.02380,1.00000,14.33431,7,20,0.21539,False,0.00000,0.00000,0.00000,0.00000,0.00000,False,-0.00153,-0.00000
400,0.78514,0.68931,0.64705,0.70388,0.64863,0.64447,0.64802,0.65214,0.22124,0.24692,0.14448,1.24475,1.23605,366,5,53.21390,10.47040,62.00000,30.55188,3,22,0.16553,False,0.00000,0.00000,0.00000,0.00000,0.00000,False,-0.00412,-0.00001
401,0.90096,0.80315,0.74883,0.70011,0.72554,0.74161,0.73420,0.73472,0.34750,0.32440,0.19186,1.19358,1.19376,365,0,54.31940,9.80510,14.00000,17.26755,11,30,0.12944,False,0.00000,0.00000,0.00000,0.00000,0.00000,False,-0.00053,-0.00000
402,0.94319,0.80046,0.79678,0.82024,0.79109,0.79532,0.79184,0.79223,0.13343,0.09380,0.37227,1.35801,1.35203,365,0,53.38370,14.37280,50.00000,30.11524,3,10,0.21644,True,0.00000,0.00000,0.00000,0.00000,0.00000,False,-0.00039,-0.00000
403,1.93863,1.55987,1.60673,1.48008,1.63277,1.69180,1.70329,1.71642,1.85040,1.86199,1.45599,1.43469,1.40115,366,2,51.05930,14.42660,290.00000,12.47910,5,15,0.22041,False,0.00000,0.00000,0.00000,0.00000,0.00000,False,-0.01313,-0.00003
404,1.10521,0.90140,0.89877,0.74669,0.86596,0.84773,0.84354,0.85853,0.59171,0.66514,0.52814,1.44948,1.44718,364,4,49.22470,10.60840,455.00000,18.91822,11,38,0.19108,False,0.00000,0.00000,0.00000,0.00000,0.00000,False,-0.01499,-0.00003
405,0.93767,0.78376,0.73005,0.70639,0.71218,0.72513,0.72377,0.72241,0.26758,0.28730,0.20452,1.17110,1.15507,364,3,54.16540,10.35190,27.00000,27.00161,8,27,0.15322,False,0.00000,0.00000,0.00000,0.00000,0.00000,False,0.00136,0.00000
406,1.61984,1.29852,1.30777,1.08188,1.29766,1.28573,1.27790,1.26462,1.26498,1.26129,1.31908,1.38289,1.39609,366,3,52.01920,14.72540,40.00000,38.95258,2,13,0.30564,False,0.00000,0.00000,0.00000,0.00000,0.00000,False,0.01328,0.00003
408,1.42967,1.11794,1.15066,1.02045,1.17497,1.17276,1.16825,1.14306,0.73766,0.69105,0.28445,1.34070,1.36054,366,6,50.19890,7.86510,268.00000,24.53529,14,51,0.31386,False,0.00000,0.00000,0.00000,0.00000,0.00000,False,0.02519,0.00005
409,0.86824,0.74810,0.70866,0.77240,0.71024,0.72420,0.71622,0.72038,0.23250,0.24991,0.09118,1.24702,1.18704,365,5,51.86640,9.27090,258.00000,15.48316,8,38,0.61586,False,0.00000,0.00000,0.00000,0.00000,0.00000,False,-0.00417,-0.00001
410,1.48595,1.09326,1.06539,0.91675,1.08407,1.06635,1.09124,1.07042,1.04229,0.97668,1.24295,1.22047,1.19898,365,1,54.24840,13.04180,16.00000,23.80138,5,15,0.16750,False,0.00000,0.00000,0.00000,0.00000,0.00000,False,0.02082,0.00004
411,1.28105,0.90643,0.90574,0.88054,0.92538,0.90524,0.90287,0.90828,0.33048,0.35125,-0.77356,1.43719,1.45982,357,4,49.24060,6.93510,190.00000,12.90943,6,22,0.29228,False,0.00000,0.00000,0.00000,0.00000,0.00000,False,-0.00541,-0.00001
412,1.76631,0.78186,1.01453,1.12948,0.78432,0.74417,0.72072,0.72575,-0.11024,-0.26103,-2.00162,1.43768,1.43424,366,2,47.68450,9.44090,459.00000,18.79223,8,28,0.35647,False,0.00000,0.00000,0.00000,0.00000,0.00000,False,-0.00503,-0.00001
413,1.01800,0.95855,0.86009,1.03653,0.80851,0.79269,0.79759,0.81306,-0.28552,-0.39527,-0.19446,1.37730,1.37977,366,6,49.02100,9.60320,523.00000,21.60246,10,48,0.40899,False,0.00000,0.00000,0.00000,0.00000,0.00000,False,-0.01547,-0.00003
414,0.88477,0.73189,0.70103,0.77149,0.70674,0.70571,0.69734,0.69776,-0.01073,-0.02945,-0.08283,1.35551,1.34890,366,1,49.33280,9.70400,385.00000,16.61000,11,45,0.31667,False,0.00000,0.00000,0.00000,0.00000,0.00000,False,-0.00042,-0.00000
415,1.47798,1.07452,1.02482,1.10901,1.00727,1.04268,1.02282,1.03048,-0.40379,-0.49336,-0.74147,1.45704,1.47629,366,6,48.76950,9.87370,413.00000,30.87053,9,45,0.35645,False,0.00000,0.00000,0.00000,0.00000,0.00000,False,-0.00765,-0.00002
416,1.37041,0.91945,0.84261,0.81836,0.82825,0.83267,0.82866,0.82652,0.30755,0.27126,-0.88424,1.60654,1.60256,366,0,47.77380,8.82190,445.00000,9.56371,11,30,0.38515,False,0.00000,0.00000,0.00000,0.00000,0.00000,False,0.00214,0.00000
417,0.67786,0.68565,0.65452,0.85102,0.64533,0.63600,0.63775,0.64646,0.03809,-0.05657,-0.08198,1.20711,1.18447,361,2,51.41400,8.65000,457.00000,20.30037,7,41,0.53435,False,0.00000,0.00000,0.00000,0.00000,0.00000,False,-0.00871,-0.00002
418,1.12452,0.89630,0.87285,0.87801,0.85742,0.85423,0.85708,0.85871,0.25678,0.20766,0.43501,1.28198,1.29653,364,2,52.36130,12.38670,36.00000,15.65601,6,31,0.11054,False,0.00000,0.00000,0.00000,0.00000,0.00000,False,-0.00164,-0.00000
419,0.91454,0.77058,0.72635,0.79279,0.72916,0.73076,0.72258,0.72668,0.17119,0.09891,-0.28678,1.30841,1.31239,365,1,52.03040,10.96260,112.00000,20.50147,13,32,0.25188,False,0.00000,0.00000,0.00000,0.00000,0.00000,False,-0.00410,-0.00001
420,1.02596,0.82586,0.78367,0.82629,0.78592,0.78723,0.78264,0.77934,0.07482,0.13116,-0.30129,1.33178,1.34646,366,2,50.84260,10.25180,283.00000,19.20495,13,43,0.21773,False,0.00000,0.00000,0.00000,0.00000,0.00000,False,0.00330,0.00001
421,1.12573,0.90096,0.86335,0.77752,0.86416,0.84434,0.85809,0.85002,0.59505,0.58542,0.76577,1.27492,1.28797,366,5,52.50750,11.85510,36.00000,24.60305,5,26,0.16061,False,0.00000,0.00000,0.00000,0.00000,0.00000,False,0.00807,0.00002
422,1.47598,1.13998,1.07836,0.99893,1.01315,1.09497,1.13334,1.14020,0.98685,1.00044,-0.38415,1.55246,1.56865,366,4,48.67050,9.46270,325.00000,17.67293,15,49,0.25084,False,0.00000,0.00000,0.00000,0.00000,0.00000,False,-0.00686,-0.00001
423,1.24623,0.99597,0.94596,0.93342,0.95915,0.95395,0.95258,0.93866,0.25279,0.30653,-0.50860,1.36078,1.38585,362,3,51.20610,10.49780,193.00000,24.48698,8,50,0.22003,False,0.00000,0.00000,0.00000,0.00000,0.00000,False,0.01392,0.00003
424,1.52970,1.17362,1.12607,1.03488,1.12319,1.13099,1.15180,1.12423,0.87041,0.77844,1.22517,1.24616,1.21938,366,5,54.10490,13.82390,1.00000,16.42390,5,15,0.11103,False,0.00000,0.00000,0.00000,0.00000,0.00000,False,0.02757,0.00006
425,1.39672,1.13586,1.11630,0.90852,1.10350,1.05851,1.07207,1.02728,0.91422,0.83819,0.80629,1.41078,1.44832,366,6,49.53140,10.64180,362.00000,29.45369,11,37,0.20988,False,0.00000,0.00000,0.00000,0.00000,0.00000,False,0.04479,0.00009
426,0.85447,0.81566,0.78808,1.03439,0.71729,0.71794,0.68734,0.68807,-0.20298,-0.24014,-0.53559,1.33238,1.29927,366,5,51.05070,13.30030,308.00000,12.73117,10,29,0.19132,False,0.00000,0.00000,0.00000,0.00000,0.00000,False,-0.00073,-0.00000
427,1.21326,1.01852,0.98454,0.80758,0.99564,0.97037,0.98254,0.94003,0.79894,0.71697,0.44631,1.37564,1.41133,366,6,50.01320,9.65400,285.00000,16.45171,11,48,0.32653,False,0.00000,0.00000,0.00000,0.00000,0.00000,False,0.04251,0.00009
428,1.00393,0.81013,0.78502,0.78692,0.77151,0.77401,0.77384,0.77270,-0.00386,-0.04087,-0.31809,1.26490,1.28140,366,1,51.76630,7.51930,59.00000,20.45188,8,27,0.32247,False,0.00000,0.00000,0.00000,0.00000,0.00000,False,0.00114,0.00000
429,1.18003,0.95349,0.90692,0.81313,0.89941,0.90546,0.90278,0.89830,0.64421,0.62519,-0.22370,1.42349,1.43180,366,2,50.39400,8.14230,168.00000,19.85326,15,49,0.32246,False,0.00000,0.00000,0.00000,0.00000,0.00000,False,0.00449,0.00001
430,0.92783,0.88149,0.78981,0.73753,0.83140,0.83421,0.84411,0.84167,0.71972,0.71736,0.03268,1.44132,1.42679,366,3,48.20700,11.20350,530.00000,23.53014,10,39,0.18763,False,0.00000,0.00000,0.00000,0.00000,0.00000,False,0.00244,0.00000
431,0.88087,0.78962,0.78826,1.05917,0.78705,0.82469,0.86376,0.88502,-0.50985,-0.55378,-0.46049,1.37254,1.39595,366,5,50.05790,10.29720,304.00000,24.14304,9,49,0.18867,False,0.00000,0.00000,0.00000,0.00000,0.00000,False,-0.02125,-0.00004
432,1.17605,0.96719,0.94344,0.82837,0.90844,0.89269,0.89548,0.90933,0.54597,0.57423,0.35529,1.45826,1.44076,365,5,48.70200,11.84930,425.00000,22.99784,9,38,0.18587,False,0.00000,0.00000,0.00000,0.00000,0.00000,False,-0.01385,-0.00003
433,1.06691,0.82462,0.77413,0.86813,0.76380,0.71748,0.72383,0.72420,-0.27892,-0.30740,-0.82939,1.33191,1.32687,366,0,52.01110,10.39660,187.00000,17.12010,13,37,0.13669,False,0.00000,0.00000,0.00000,0.00000,0.00000,False,-0.00038,-0.00000
434,1.56568,1.18882,0.97724,1.28310,0.86069,0.84004,0.81499,0.82508,-0.40982,-0.41494,-1.42571,1.34348,1.30348,366,4,47.83500,12.65480,721.00000,10.14391,7,20,0.59131,False,0.00000,0.00000,0.00000,0.00000,0.00000,False,-0.01009,-0.00002
435,1.27780,1.02589,1.02488,0.90796,1.01300,1.01930,1.01091,0.99265,0.61007,0.60081,0.32384,1.27456,1.29096,363,6,52.07140,8.45650,105.00000,33.59703,7,31,0.32066,False,0.00000,0.00000,0.00000,0.00000,0.00000,False,0.01826,0.00004
436,1.21576,0.95746,0.88605,0.79655,0.88409,0.86505,0.88059,0.86472,0.46129,0.42552,-0.23150,1.41373,1.41457,366,1,49.76360,9.40630,193.00000,11.01108,8,48,0.31238,False,0.00000,0.00000,0.00000,0.00000,0.00000,False,0.01587,0.00003
437,0.95808,0.78521,0.75305,0.68267,0.73602,0.72328,0.72488,0.72769,0.35479,0.40293,0.36923,1.14210,1.13263,365,3,54.52680,9.04250,5.00000,29.88005,5,20,0.15792,False,0.00000,0.00000,0.00000,0.00000,0.00000,False,-0.00281,-0.00001
438,0.91320,0.79524,0.73945,0.81508,0.75146,0.74992,0.76080,0.75694,-0.15125,-0.03297,-0.29845,1.45078,1.45141,362,4,48.73510,10.74150,434.00000,6.81519,6,38,0.16953,False,0.00000,0.00000,0.00000,0.00000,0.00000,False,0.00386,0.00001
439,1.12052,1.08938,1.01597,0.95788,1.05914,1.04649,1.02865,1.01486,0.83008,0.80595,0.27366,1.32817,1.35894,366,6,51.15070,11.33210,160.00000,14.88163,8,49,0.17113,False,0.00000,0.00000,0.00000,0.00000,0.00000,False,0.01379,0.00003
440,0.92053,0.77919,0.73306,0.79930,0.73537,0.73301,0.73276,0.72966,0.02445,0.04354,-0.51546,1.39869,1.41564,366,4,50.54670,12.28630,465.00000,13.19297,11,34,0.42035,False,0.00000,0.00000,0.00000,0.00000,0.00000,False,0.00310,0.00001
441,1.72714,1.45253,1.36520,1.12743,1.37832,1.35554,1.32562,1.31028,1.13114,1.11131,0.63079,1.33250,1.34215,366,2,51.46340,7.97800,159.00000,26.37742,11,40,0.47309,False,0.00000,0.00000,0.00000,0.00000,0.00000,False,0.01534,0.00003
442,1.21231,1.03549,1.00242,0.84213,0.98537,0.94709,0.91715,0.91767,0.56274,0.58880,0.43685,1.45485,1.44877,366,3,48.60990,10.26740,468.00000,13.58595,10,39,0.17616,False,0.00000,0.00000,0.00000,0.00000,0.00000,False,-0.00052,-0.00000
443,1.12825,0.86699,0.80371,0.82542,0.81730,0.82745,0.81774,0.81530,0.28418,0.24249,-0.48319,1.39488,1.40286,366,1,50.09000,8.78620,119.00000,9.28510,11,45,0.17934,False,0.00000,0.00000,0.00000,0.00000,0.00000,False,0.00243,0.00000
444,2.01780,1.29389,1.38536,1.28318,1.40991,1.39449,1.42304,1.44437,1.09182,1.17800,1.92766,1.31749,1.30862,366,0,50.61990,13.48160,688.00000,22.70882,7,24,0.68073,False,0.00000,0.00000,0.00000,0.00000,0.00000,False,-0.02133,-0.00004
445,0.83904,0.77332,0.67283,0.79560,0.68915,0.68138,0.68152,0.68473,0.14922,0.15645,-0.29331,1.49870,1.47742,366,5,49.10880,12.82310,588.00000,16.18054,5,18,0.27267,False,0.00000,0.00000,0.00000,0.00000,0.00000,False,-0.00321,-0.00001
446,1.05690,0.80320,0.79479,0.75608,0.79785,0.80479,0.79821,0.79183,0.41471,0.37647,0.67462,1.30175,1.30017,366,6,53.31750,13.41750,115.00000,32.26791,4,22,0.34490,False,0.00000,0.00000,0.00000,0.00000,0.00000,False,0.00639,0.00001
447,1.10798,0.89593,0.84424,0.82230,0.83828,0.82875,0.83813,0.83084,0.37679,0.30462,0.36574,1.32732,1.35053,365,2,51.68200,12.30420,74.00000,21.71391,8,35,0.21473,False,0.00000,0.00000,0.00000,0.00000,0.00000,False,0.00730,0.00001
448,1.23801,0.99261,0.97284,0.87795,0.95850,0.96335,1.00114,1.01607,0.76425,0.80967,0.39594,1.36707,1.34740,366,1,49.39090,12.68380,499.00000,19.13143,5,24,0.40901,False,0.00000,0.00000,0.00000,0.00000,0.00000,False,-0.01493,-0.00003
449,0.89145,0.71192,0.73113,0.66534,0.69257,0.68310,0.68391,0.68602,0.39403,0.36780,0.59995,1.09984,1.08407,366,0,53.59840,6.70240,3.00000,41.93979,1,6,0.28065,False,0.00000,1.23485,0.00000,0.00000,0.00000,True,-0.00211,-0.00000
450,0.90956,0.81015,0.82665,0.76996,0.78855,0.77976,0.77716,0.78990,0.22530,0.32763,-0.02209,1.24767,1.25259,366,3,52.08140,6.94100,46.00000,23.49731,2,24,0.11275,False,0.00000,0.00000,0.00000,0.00000,0.00000,False,-0.01274,-0.00003
451,1.01039,0.78756,0.73508,0.74701,0.73966,0.74687,0.74512,0.74357,0.27498,0.25173,0.56479,1.35572,1.34583,366,0,52.74610,13.84270,82.00000,29.42471,7,18,0.21921,False,0.00000,0.00000,0.00000,0.00000,0.00000,False,0.00155,0.00000
452,0.73658,0.77052,0.67562,0.88850,0.68182,0.68197,0.66724,0.66362,-0.12649,-0.07943,-0.14072,1.30807,1.32198,365,0,50.03150,11.97450,622.00000,11.29725,6,35,0.14874,False,0.00000,0.00000,0.00000,0.00000,0.00000,False,0.00362,0.00001
453,1.27962,1.03768,1.04964,0.82011,1.05204,1.00226,1.03231,1.02196,1.00301,1.00926,0.87222,1.34649,1.34281,366,5,50.00830,9.42390,340.00000,16.45171,12,48,0.27209,False,0.00000,0.00000,0.00000,0.00000,0.00000,False,0.01036,0.00002
454,0.92293,0.81415,0.76760,0.75772,0.77138,0.77829,0.77677,0.77299,0.44839,0.46428,0.02327,1.36940,1.37728,365,3,50.66100,12.07570,390.00000,19.55585,13,43,0.10075,False,0.00000,0.00000,0.00000,0.00000,0.00000,False,0.00377,0.00001
455,1.98088,1.10777,1.00914,1.08695,1.01488,1.01054,1.01522,1.02471,-0.33428,-0.27108,-2.05691,1.39281,1.38881,366,0,47.77240,12.90730,458.00000,20.10194,3,13,0.38543,True,0.00000,0.00000,0.00000,0.00000,0.00000,False,-0.00950,-0.00002
456,0.41586,0.68999,0.63490,0.71602,0.64457,0.64951,0.67715,0.66922,-0.45425,-0.42043,-0.00009,1.21209,1.10962,323,4,54.16510,6.34600,0.00000,67.20448,0,4,0.34341,False,0.00000,0.00000,0.00000,0.00000,0.00000,False,0.00793,0.00001
457,1.41380,1.01432,0.89223,0.89874,0.90350,0.90739,0.89894,0.91105,-0.22317,-0.33635,-1.05152,1.49946,1.50760,366,2,51.02400,13.77370,119.00000,5.13116,6,20,0.04860,False,0.00000,0.00000,0.00000,0.00000,0.00000,False,-0.01210,-0.00002
458,1.03474,0.82111,0.78340,0.75900,0.79744,0.87304,0.85348,0.84902,0.67696,0.65012,0.46228,1.33772,1.31422,365,0,51.38950,11.54120,204.00000,17.37459,9,43,0.28685,False,0.00000,0.00000,0.00000,0.00000,0.00000,False,0.00447,0.00001
459,0.84523,0.72780,0.70238,0.67696,0.69121,0.68846,0.69153,0.68921,0.24176,0.21504,0.14632,1.21563,1.19919,366,5,53.92240,10.22670,35.00000,22.42725,5,28,0.15294,False,0.00000,0.00000,0.00000,0.00000,0.00000,False,0.00231,0.00000
460,1.50647,1.12230,1.02274,0.96567,1.09592,1.02407,1.07907,1.13002,0.93657,1.06836,-1.34631,1.57698,1.51815,366,1,47.67540,12.46980,685.00000,22.49911,7,17,0.71113,True,0.00000,0.00000,0.00000,0.00000,0.00000,False,-0.05095,-0.00010
461,0.91052,0.79931,0.81002,0.70812,0.76462,0.77349,0.76226,0.76377,0.46740,0.48136,0.44831,1.20580,1.21083,366,0,52.93350,8.23700,44.00000,26.71189,6,26,0.22991,False,0.00000,0.00000,0.00000,0.00000,0.00000,False,-0.00151,-0.00000
462,1.10823,0.96267,0.87133,0.78088,0.88574,0.82878,0.83398,0.82730,0.49383,0.47166,0.15425,1.40753,1.41404,364,1,48.61590,13.05060,340.00000,23.60417,9,24,0.22379,False,0.00000,0.00000,0.00000,0.00000,0.00000,False,0.00668,0.00001
463,1.57761,0.92903,1.66101,1.18141,1.39050,1.55794,1.78192,1.82644,2.01297,2.07556,1.36597,1.49882,1.52118,366,5,47.85970,8.23080,852.00000,17.01719,14,26,0.43734,False,0.00000,0.00000,0.00000,0.00000,0.00000,False,-0.04452,-0.00009
464,0.91081,0.80006,0.77691,0.73582,0.75420,0.76513,0.77988,0.78502,0.49383,0.50944,0.13972,1.24834,1.22147,366,4,52.67110,9.22290,25.00000,27.32069,6,27,0.24767,False,0.00000,0.00000,0.00000,0.00000,0.00000,False,-0.00514,-0.00001
465,0.78837,0.76181,0.77514,0.89682,0.75434,0.75903,0.75313,0.74011,0.23645,0.19254,-0.05826,1.32174,1.32201,366,0,51.10440,11.71120,246.00000,15.34183,10,46,0.23397,False,0.00000,0.00000,0.00000,0.00000,0.00000,False,0.01302,0.00003
466,1.28180,0.98754,1.05203,0.98379,1.06080,1.01619,0.98491,0.99961,0.35953,0.43170,-0.40912,1.46917,1.43562,366,3,47.79550,10.03240,672.00000,22.19264,8,34,0.40512,False,0.00000,0.00000,0.00000,0.00000,0.00000,False,-0.01470,-0.00003
467,1.27771,1.00567,1.00008,0.84787,0.91639,0.92520,0.94538,0.93248,0.71692,0.68859,0.30874,1.43643,1.43037,366,1,50.41670,10.81560,397.00000,16.32384,12,50,0.26387,False,0.00000,0.00000,0.00000,0.00000,0.00000,False,0.01290,0.00003
468,1.12225,0.93179,0.87648,0.83078,0.87542,0.87418,0.88918,0.88688,0.64447,0.61335,0.57074,1.22474,1.23551,366,1,52.64230,10.66270,72.00000,27.42391,5,26,0.14431,False,0.00000,0.00000,0.00000,0.00000,0.00000,False,0.00230,0.00000
469,1.02516,0.82982,0.78535,0.70483,0.76904,0.74046,0.72794,0.71078,0.22911,0.16117,0.21661,1.44106,1.47036,366,6,49.18040,9.98000,426.00000,23.27103,10,45,0.25834,False,0.00000,0.00000,0.00000,0.00000,0.00000,False,0.01716,0.00003
470,0.87137,0.84146,0.85843,1.09182,0.78710,0.76309,0.75991,0.75373,-0.12814,-0.15038,-0.30287,1.30716,1.28825,354,0,51.01760,11.35440,325.00000,14.88163,11,49,0.32012,False,0.00000,0.00000,0.00000,0.00000,0.00000,False,0.00618,0.00001
471,1.02294,0.79642,0.71876,0.81132,0.71552,0.72206,0.72342,0.72900,-0.31913,-0.29920,-0.80464,1.27444,1.25447,366,5,51.50880,6.70180,25.00000,21.79361,9,30,0.18725,False,0.00000,0.00000,0.00000,0.00000,0.00000,False,-0.00557,-0.00001
472,0.90656,0.83189,0.82261,0.76523,0.78669,0.77671,0.78608,0.79126,0.33078,0.38898,0.05847,1.24557,1.22641,366,4,52.71980,7.74720,22.00000,28.36705,6,18,0.20525,False,0.00000,0.00000,0.00000,0.00000,0.00000,False,-0.00519,-0.00001
473,0.96705,0.81682,0.79512,0.74134,0.81055,0.80548,0.82531,0.82167,0.51750,0.54528,0.47556,1.26528,1.27149,366,1,50.20460,12.14350,609.00000,11.83641,9,36,0.15001,False,0.00000,0.00000,0.00000,0.00000,0.00000,False,0.00363,0.00001
475,0.91086,0.92822,0.93534,0.94731,0.89315,0.88853,0.88768,0.89320,-0.79699,-0.81265,-0.59509,1.35540,1.36693,366,6,52.54470,13.55980,60.00000,10.34482,10,22,0.05251,False,0.00000,0.00000,0.00000,0.00000,0.00000,False,-0.00552,-0.00001
476,0.92298,0.73807,0.73700,0.74031,0.72762,0.73375,0.73806,0.75383,0.27042,0.34589,-0.32175,1.45866,1.44765,366,4,49.29420,8.90540,237.00000,5.83506,15,52,0.20392,False,0.00000,0.00000,0.00000,0.00000,0.00000,False,-0.01576,-0.00003
477,0.81445,0.71650,0.68500,0.65873,0.65795,0.65547,0.65401,0.65404,0.22353,0.19587,0.05944,1.26706,1.24696,366,2,54.01880,9.92550,17.00000,22.42725,7,28,0.17212,False,0.00000,0.00000,0.00000,0.00000,0.00000,False,-0.00003,-0.00000
478,1.04504,0.84636,0.74616,0.85060,0.74913,0.73878,0.73089,0.73723,0.01760,0.06820,-0.83456,1.35987,1.31006,361,1,47.83420,10.86670,756.00000,11.37888,13,33,0.34597,False,0.00000,0.00000,0.00000,0.00000,0.00000,False,-0.00634,-0.00001
480,0.74630,0.67130,0.60357,0.67077,0.63018,0.62592,0.62506,0.62087,-0.19030,-0.18353,-0.10844,1.11106,1.07670,366,5,53.64100,8.08080,8.00000,24.72470,5,21,0.20590,False,0.00000,0.00000,0.00000,0.00000,0.00000,False,0.00419,0.00001
481,0.90736,0.77730,0.78515,0.95152,0.75827,0.75890,0.76980,0.77104,-0.30946,-0.31924,-0.64125,1.32297,1.32143,366,1,51.00070,10.36210,312.00000,17.46709,15,55,0.22097,False,0.00000,0.00000,0.00000,0.00000,0.00000,False,-0.00124,-0.00000
482,1.06685,0.85782,0.84648,0.73601,0.81597,0.80880,0.79874,0.78349,0.46314,0.42891,0.40784,1.43854,1.43766,366,1,49.16230,10.36620,475.00000,18.91822,10,47,0.16556,False,0.00000,0.00000,0.00000,0.00000,0.00000,False,0.01525,0.00003
483,1.07603,0.95854,0.93162,0.85948,1.04522,1.04183,1.06310,1.07549,1.13949,1.15364,0.48777,1.43752,1.41132,361,3,48.01300,11.55240,604.00000,16.70535,12,36,0.22408,False,0.00000,0.00000,0.00000,0.00000,0.00000,False,-0.01239,-0.00002
484,1.19312,0.90852,0.85488,0.81464,0.84560,0.84939,0.87351,0.85880,0.46394,0.41619,-0.24831,1.32188,1.31991,366,5,52.08180,9.40770,77.00000,26.15015,8,38,0.25303,False,0.00000,0.00000,0.00000,0.00000,0.00000,False,0.01470,0.00003
485,0.90970,0.81567,0.80862,0.76828,0.82553,0.96326,0.92946,0.92881,0.82345,0.77951,0.36573,1.24397,1.18155,366,1,51.08990,7.62900,380.00000,11.98882,11,34,0.21400,False,0.00000,0.00000,0.00000,0.00000,0.00000,False,0.00064,0.00000
486,0.98086,0.82559,0.78182,0.93386,0.77375,0.78676,0.80961,0.81683,-0.30167,-0.34853,-0.53139,1.37448,1.39175,366,2,50.26670,9.18540,258.00000,25.49961,10,53,0.13138,False,0.00000,0.00000,0.00000,0.00000,0.00000,False,-0.00722,-0.00001
487,1.08592,0.82966,0.78145,0.81676,0.78658,0.79428,0.79595,0.78871,0.27980,0.25223,-0.27093,1.29492,1.30844,355,0,51.96440,9.80720,144.00000,24.72836,9,39,0.23078,False,0.00000,0.00000,0.00000,0.00000,0.00000,False,0.00723,0.00001
488,1.36594,1.12999,1.10850,0.96970,1.04330,1.00439,1.01384,1.02444,0.67597,0.70129,0.34375,1.50516,1.50084,366,5,48.65960,12.53880,350.00000,18.73303,5,31,0.23250,False,0.00000,0.00000,0.00000,0.00000,0.00000,False,-0.01060,-0.00002
489,1.26328,1.03650,1.00668,0.91970,0.98935,1.00026,1.00062,0.99420,0.65254,0.62717,-0.06041,1.32741,1.31199,362,5,51.59660,7.40490,68.00000,16.08480,12,37,0.23663,False,0.00000,0.00000,0.00000,0.00000,0.00000,False,0.00641,0.00001
490,1.15929,0.77395,0.71413,0.82678,0.72641,0.74364,0.73573,0.72784,-0.34164,-0.32921,-0.91020,1.43748,1.44006,366,1,50.68190,11.51500,289.00000,19.61390,17,48,0.19148,False,0.00000,0.00000,0.00000,0.00000,0.00000,False,0.00789,0.00002
491,1.09518,0.83123,0.80891,0.77743,0.79708,0.80334,0.78820,0.79126,0.18936,0.17821,-0.29481,1.31622,1.33379,361,6,51.47890,7.26970,101.00000,16.08480,12,36,0.23797,False,0.00000,0.00000,0.00000,0.00000,0.00000,False,-0.00307,-0.00001
492,1.30191,1.04449,1.09396,0.91393,1.03912,1.07671,1.07067,1.07375,0.96098,0.99784,0.91346,1.23259,1.23562,366,3,52.91570,10.18850,73.00000,20.93368,6,28,0.13776,False,0.00000,0.00000,0.00000,0.00000,0.00000,False,-0.00308,-0.00001
493,1.20194,0.98338,0.92984,0.86978,0.91997,0.90250,0.91256,0.91067,0.47348,0.48372,0.15609,1.36479,1.36022,365,1,49.81740,11.86380,452.00000,18.25479,9,34,0.34037,False,0.00000,0.00000,0.00000,0.00000,0.00000,False,0.00189,0.00000
494,1.42349,0.94471,0.86661,0.84993,0.85924,0.85576,0.84056,0.83599,-0.17090,-0.11629,-1.01711,1.44807,1.46133,366,3,50.85340,7.99660,229.00000,21.43645,11,52,0.37819,False,0.00000,0.00000,0.00000,0.00000,0.00000,False,0.00456,0.00001
495,1.45099,1.11782,1.07508,0.93360,1.04947,1.03790,1.07171,1.04496,0.67830,0.67030,0.32130,1.35917,1.37507,366,6,49.85760,12.35420,500.00000,33.34868,6,25,0.33583,False,0.00000,0.00000,0.00000,0.00000,0.00000,False,0.02675,0.00005
497,2.77894,1.44600,1.15655,1.25507,1.11674,1.25338,1.22801,1.24838,-1.29646,-1.33548,-3.19038,1.59263,1.54410,366,6,47.47790,11.26530,981.00000,15.26642,6,23,0.74068,False,0.00000,0.00000,0.00000,0.00000,0.00000,False,-0.02037,-0.00004
498,0.87037,0.88564,0.80273,1.06936,0.79177,0.74448,0.72659,0.72379,-0.27942,-0.30358,-0.53269,1.43143,1.41029,366,2,48.57340,12.25760,490.00000,22.34291,8,37,0.25898,False,0.00000,0.00000,0.00000,0.00000,0.00000,False,0.00280,0.00001
499,1.31037,0.96776,0.92134,1.11456,0.91233,0.93349,0.94582,0.93079,-0.84485,-0.79667,-1.37429,1.42519,1.43409,366,4,49.96560,8.21390,195.00000,18.65833,15,51,0.29104,False,0.00000,0.00000,0.00000,0.00000,0.00000,False,0.01502,0.00003
500,1.35674,1.10601,0.84080,1.05556,0.80227,0.78102,0.77839,0.76927,-0.21159,-0.22935,0.86216,1.21898,1.21122,366,2,50.50840,9.22470,743.00000,7.43462,10,52,0.68734,False,0.00000,0.00000,0.00000,0.00000,0.00000,False,0.00912,0.00002
501,0.92374,0.74577,0.75331,0.91368,0.73436,0.73405,0.73797,0.74128,-0.29302,-0.28529,-0.49204,1.24003,1.24417,366,0,51.33290,7.34110,205.00000,16.97307,14,38,0.17440,False,0.00000,0.00000,0.00000,0.00000,0.00000,False,-0.00331,-0.00001
502,1.23466,1.13210,1.14910,0.97115,1.12028,1.07159,1.04661,1.06253,0.67337,0.75508,0.21977,1.39476,1.40856,366,4,50.56170,8.23860,230.00000,19.53032,15,55,0.24049,False,0.00000,0.00000,0.00000,0.00000,0.00000,False,-0.01592,-0.00003
503,1.50766,0.89094,0.85828,0.88744,0.84992,0.86132,0.84325,0.84018,-0.04800,-0.03544,-1.43334,1.46574,1.50052,366,6,49.73260,6.61310,132.00000,3.66012,8,26,0.20195,False,0.00000,0.00000,0.00000,0.00000,0.00000,False,0.00307,0.00001
504,1.20794,0.99676,0.93863,0.90101,0.94933,0.99122,0.98898,0.97901,0.75609,0.69971,0.33583,1.28626,1.28119,366,1,52.24670,10.95920,110.00000,17.62974,7,32,0.32970,False,0.00000,0.00000,0.00000,0.00000,0.00000,False,0.00997,0.00002
505,1.17466,0.92212,0.89971,0.91550,0.87183,0.87344,0.88365,0.88141,0.03231,-0.02209,-0.17991,1.40515,1.40035,366,2,50.73340,10.88150,427.00000,11.79978,15,43,0.26296,False,0.00000,0.00000,0.00000,0.00000,0.00000,False,0.00224,0.00000
506,1.61115,1.01923,1.06735,1.32820,0.98141,0.98500,0.98867,0.98121,-1.04645,-1.03708,-1.80730,1.34889,1.34207,354,3,50.12690,8.66940,124.00000,9.28510,10,51,0.18635,False,0.00000,0.00000,0.00000,0.00000,0.00000,False,0.00745,0.00001
508,1.20909,1.00074,0.93471,0.88315,0.96178,1.01108,0.98014,0.99626,0.83640,0.87844,-0.22898,1.46115,1.48395,366,4,48.97260,8.33010,116.00000,7.70461,8,41,0.04831,False,0.00000,0.00000,0.00000,0.00000,0.00000,False,-0.01612,-0.00003
509,1.01723,0.85066,0.80776,0.76570,0.82111,0.83742,0.82227,0.83737,0.46771,0.52548,0.30351,1.46340,1.43491,366,4,48.40250,11.69460,477.00000,10.67705,8,39,0.17579,False,0.00000,0.00000,0.00000,0.00000,0.00000,False,-0.01511,-0.00003
510,1.22376,0.76952,0.80537,1.01773,0.77166,0.75387,0.78835,0.83003,-0.66494,-0.77052,-1.38916,1.35110,1.37725,366,1,50.98940,6.97770,43.00000,27.64981,7,34,0.47763,False,0.00000,0.00000,0.00000,0.00000,0.00000,False,-0.04168,-0.00008
511,0.92738,0.85387,0.87889,0.76838,0.82167,0.80047,0.80150,0.80802,0.43236,0.46665,0.16963,1.20530,1.20742,366,2,52.95420,7.31960,8.00000,38.78546,4,16,0.24079,False,0.00000,0.00000,0.00000,0.00000,0.00000,False,-0.00652,-0.00001
513,1.44990,0.89089,0.81645,0.88043,0.86721,0.82051,0.81158,0.81331,-0.17841,-0.21622,-1.44274,1.60268,1.60321,366,3,48.53760,9.27330,355.00000,17.15231,14,47,0.14794,False,0.00000,0.00000,0.00000,0.00000,0.00000,False,-0.00173,-0.00000
514,1.10547,0.95169,0.86959,0.87139,0.87095,0.85394,0.85188,0.85153,0.13091,0.09668,-0.06587,1.45789,1.48583,364,6,48.71120,11.53620,364.00000,13.71075,9,39,0.19350,False,0.00000,0.00000,0.00000,0.00000,0.00000,False,0.00034,0.00000
515,1.22624,0.97802,1.06458,0.88963,0.95243,0.92797,0.90170,0.89576,0.08662,0.22603,0.05858,1.63454,1.66287,366,4,47.92420,8.64730,672.00000,12.05109,15,35,0.37390,False,0.00000,0.00000,0.00000,0.00000,0.00000,False,0.00593,0.00001
516,0.88306,0.80598,0.80381,0.70570,0.81043,0.73073,0.72918,0.73369,0.32815,0.33511,-0.04403,1.49329,1.47759,365,5,47.98200,10.13840,615.00000,22.19264,8,36,0.38340,False,0.00000,0.00000,0.00000,0.00000,0.00000,False,-0.00450,-0.00001
517,0.80731,0.77276,0.67678,0.73322,0.68739,0.70896,0.68941,0.68654,-0.28537,-0.25983,-0.02024,1.50485,1.52513,366,0,48.21560,8.97840,759.00000,5.75848,12,44,0.33732,False,0.00000,0.00000,0.00000,0.00000,0.00000,False,0.00286,0.00001
518,1.28588,1.09178,1.01026,0.95385,1.03631,0.98709,0.98855,0.96668,0.41494,0.36372,0.62159,1.35529,1.39704,365,5,51.44930,14.25330,116.00000,28.12628,4,17,0.23299,False,0.00000,0.00000,0.00000,0.00000,0.00000,False,0.02186,0.00004
519,0.96885,0.82025,0.77777,0.81461,0.77652,0.77731,0.77932,0.78497,0.12890,0.15849,0.09813,1.24941,1.23713,366,4,52.39620,10.68920,82.00000,20.18938,6,29,0.12792,False,0.00000,0.00000,0.00000,0.00000,0.00000,False,-0.00564,-0.00001
520,1.08043,0.88964,0.86325,0.90434,0.88408,0.89921,0.88766,0.88749,0.29052,0.26462,-0.40829,1.35737,1.33512,366,3,51.62550,10.36950,238.00000,18.40166,13,45,0.27109,False,0.00000,0.00000,0.00000,0.00000,0.00000,False,0.00017,0.00000
521,0.84069,0.76006,0.70846,0.77575,0.71636,0.71039,0.72443,0.72203,-0.16691,-0.09522,-0.02629,1.22093,1.19842,366,4,52.31700,8.16940,103.00000,10.45615,7,28,0.08738,False,0.00000,0.00000,0.00000,0.00000,0.00000,False,0.00241,0.00000
522,0.75923,0.76651,0.67461,0.85995,0.67725,0.66876,0.65772,0.67095,0.04527,-0.04499,-0.00009,1.27379,1.26150,366,2,51.18000,7.25050,345.00000,4.49164,13,40,0.23857,False,0.00000,0.00000,0.00000,0.00000,0.00000,False,-0.01324,-0.00003
523,0.74093,0.73504,0.74033,0.99925,0.73071,0.80103,0.81128,0.83217,-0.52534,-0.49733,-0.41142,1.31917,1.32660,361,5,50.75130,9.02240,350.00000,10.02634,10,47,0.06052,False,0.00000,0.00000,0.00000,0.00000,0.00000,False,-0.02089,-0.00004
524,0.95225,0.83032,0.77962,0.77847,0.71303,0.68433,0.70734,0.73217,-0.50159,-0.55966,-0.92600,1.20003,1.19635,366,0,50.79830,6.02440,231.00000,5.19748,5,22,0.19200,True,0.00000,0.00000,0.00000,0.00000,0.06970,True,-0.02484,-0.00005
525,1.28025,0.99065,1.00053,0.83256,1.08354,1.07408,1.05254,1.01341,0.97083,0.88121,0.96557,1.37517,1.38337,366,6,48.91710,9.68720,489.00000,31.97364,9,50,0.36931,False,0.00000,0.00000,0.00000,0.00000,0.00000,False,0.03913,0.00008
526,1.51619,1.05772,0.95397,0.95779,0.95775,0.96201,0.95825,0.95717,0.15525,0.06090,-1.03909,1.41040,1.42421,366,1,50.42370,7.42020,75.00000,16.36405,12,40,0.26120,False,0.00000,0.00000,0.00000,0.00000,0.00000,False,0.00108,0.00000
527,0.85666,0.81552,0.71200,0.82251,0.72355,0.71933,0.71282,0.71879,0.23346,0.24107,0.06603,1.31242,1.29705,365,2,49.99960,7.59810,445.00000,21.15139,15,51,0.23444,False,0.00000,0.00000,0.00000,0.00000,0.00000,False,-0.00597,-0.00001
528,0.91630,0.81873,0.81844,0.73349,0.78087,0.75812,0.78065,0.77971,0.48638,0.48024,0.27577,1.21999,1.19997,357,5,53.06430,7.90220,6.00000,22.46603,4,25,0.15147,False,0.00000,0.00000,0.00000,0.00000,0.00000,False,0.00093,0.00000
529,0.91535,0.79990,0.75137,0.81481,0.74224,0.73029,0.73482,0.74347,0.15724,0.16861,0.08565,1.45189,1.43603,366,3,48.77260,12.21770,418.00000,3.19901,7,38,0.09801,False,0.00000,0.00000,0.00000,0.00000,0.00000,False,-0.00864,-0.00002
530,0.81399,0.78036,0.77623,0.91424,0.75829,0.74921,0.76749,0.76348,-0.26083,-0.23902,-0.34099,1.23257,1.21480,366,4,51.28350,9.35900,317.00000,5.97160,11,45,0.30513,False,0.00000,0.00000,0.00000,0.00000,0.00000,False,0.00401,0.00001
531,1.01995,0.94717,0.98656,0.86275,0.92684,0.90469,0.91221,0.92912,0.55307,0.61169,0.23604,1.23003,1.23627,354,2,52.71560,7.31760,19.00000,21.97017,3,14,0.10608,False,0.00000,0.00000,0.00000,0.00000,0.00000,False,-0.01692,-0.00003
532,1.03221,0.83351,0.86202,0.78269,0.81550,0.80334,0.79771,0.78684,0.52554,0.51559,0.48262,1.44655,1.42619,366,1,48.44180,9.92160,593.00000,6.84847,13,50,0.18103,False,0.00000,0.00000,0.00000,0.00000,0.00000,False,0.01087,0.00002
533,0.79153,0.67453,0.62741,0.71933,0.63858,0.62803,0.63856,0.63504,-0.33646,-0.28748,-0.51883,1.23367,1.24248,362,3,51.84180,8.06070,104.00000,13.50052,7,35,0.32213,False,0.00000,0.00000,0.00000,0.00000,0.00000,False,0.00352,0.00001
534,1.57837,1.39358,1.09585,1.46368,0.98048,0.94276,0.99002,0.97122,-1.07400,-1.05048,-1.56241,1.39984,1.40442,245,0,47.87610,10.58480,816.00000,1.69567,10,33,0.37826,False,0.00000,0.00000,0.00000,0.00000,0.00000,False,0.01880,0.00003
535,1.49314,1.24826,1.09738,0.95665,1.10769,1.07439,1.04035,1.06507,0.60642,0.70716,0.61968,1.60594,1.60915,122,4,48.48780,10.26070,444.00000,13.58595,10,47,0.18998,False,0.00000,0.00000,0.00000,0.00000,0.00000,False,-0.02472,-0.00002
